"id","centroid_x","centroid_y","polygon_source","area_mine_ha","country_name","dist_road_m","dist_power_line_m","dist_substation_m","dist_airport_m","dist_waterbody_m","dist_urban_m","avg_PVOUT","avg_GHI","avg_TEMP","avg_wind_speed_ms_50m","avg_wind_power_density_Wm2_50m","dist_PHES_upper_m","dist_PHES_lower_m","avg_elevation","dist_KBA_m","dist_PA_m","suitable_solar","suitable_wind","suitable_phes"
"A0017508",107.366579205727,21.1127380597351,"Maus et al. (2022)",16.2180622642045,"Vietnam",4671.49184097905,1443.72733916815,24045.4920773182,72394.6272543144,1151.91069270718,25900.3556585343,2.98250007629395,3.6285001039505,23.21875,3.94336565335592,93.3620274861654,11533.686332535,9557.91652293579,7,41597.3583392638,14027.4071622135,FALSE,FALSE,FALSE
"A0017509",107.36019974075,21.0801905011752,"Maus et al. (2022)",50.0455988284897,"Vietnam",2991.30273153124,2761.02111638298,23143.1518993363,69774.2075060117,2879.44580399984,22735.6772443089,3.01999998092651,3.66833333174388,23.25,3.91230474199568,81.4942561558315,7912.8223283641,5668.90445408789,0,39318.6587212553,12387.2146765471,FALSE,FALSE,FALSE
"A0017510",107.190348640963,20.9988663112981,"Maus et al. (2022)",6.01421084550948,"Vietnam",5827.33983659293,3437.28870215431,7209.03868701417,50611.2083630082,2572.2733344768,3947.02200460693,2.9760000705719,3.65199995040894,22.9375,3.82442665100098,75.534423828125,342.787734023609,4524.72171189923,144,21421.0594181198,3554.77949565833,FALSE,FALSE,FALSE
"A0017511",107.361333204692,21.0120272086705,"Maus et al. (2022)",177.254972134817,"Vietnam",8510.13780924342,8571.36479456269,22809.8167457473,66356.3454150533,9227.90592285006,18637.7084492725,3.07749998569489,3.72923997879028,23.46875,4.90677272356473,156.296738844651,5640.39782692858,3313.4511214184,0,32538.4178084087,6255.72388430852,FALSE,FALSE,FALSE
"A0044172",106.557110570384,21.1015473550855,"Tang & Werner 2023",29.1956239376227,"Vietnam",4080.27160055119,385.301819504017,2086.39089628193,32254.3766643215,1113.19163431105,1113.16470985162,2.93500006198883,3.58466664950053,23.421875,5.15901148319244,271.458610534668,61532.7110473801,59504.0388070346,9,9142.19091742218,9142.19091052645,FALSE,FALSE,FALSE
"A0044173",106.583113425533,21.0279849725023,"Tang & Werner 2023",106.203336151433,"Vietnam",424.894275730268,2063.54857171166,4681.31108977427,23390.6854597698,578.236898595849,0,2.92799997329712,3.58339999516805,23.5,4.82259613672892,228.751026407878,57641.5695692617,55533.2006170246,28.5,15507.5838887602,15507.5838429533,TRUE,FALSE,FALSE
"A0044174",106.586810489575,21.0186554811448,"Tang & Werner 2023",74.1612771218285,"Vietnam",1539.98054953955,1922.30248803064,5321.08920730516,22549.7375846664,0,57.4359850896417,2.93799996376038,3.58936366167935,23.375,4.5569056597623,186.95446361195,56929.2363417818,54812.6998431516,28,16350.5144754266,16350.5144335923,TRUE,FALSE,FALSE
"A0044175",106.569580101005,21.019469580577,"Tang & Werner 2023",52.4709033823803,"Vietnam",179.362462431325,3507.8328266469,5310.48746232809,22919.6097021394,0,0,2.95850002765656,3.62283329168955,23.5,4.49655294418335,158.886371612549,59054.2257104973,56937.824589021,17,17023.249272522,17023.249230083,TRUE,FALSE,FALSE
"A0044176",106.557277703027,21.0240135072251,"Tang & Werner 2023",13.7634418654966,"Vietnam",94.8851431469367,2870.09292717847,4928.07746701712,23806.5026085983,569.254158831379,0,2.95633331934611,3.61300007502238,23.4791666666667,4.93031485875448,230.228800455729,60712.3947034361,58598.5177228213,13.6666666666667,17000.5308275453,17000.5307916448,FALSE,FALSE,FALSE
"A0044177",106.569330237277,21.0270238141107,"Tang & Werner 2023",34.3061443080768,"Vietnam",12.5101199363247,3451.93668564554,4541.7491248898,23730.2921870283,381.012393603857,0,2.95133328437805,3.61540002822876,23.4791666666667,4.51766319274902,170.800500488281,59347.2908850254,57237.3720572215,17,16187.5748260737,16187.5747838159,FALSE,FALSE,FALSE
"A0044178",106.574062455959,21.0285798600683,"Tang & Werner 2023",4.81336462973534,"Vietnam",422.896533100658,3071.20526495671,4794.2749890547,24140.5644671922,1140.95970290495,221.383153091585,2.94599997997284,3.61400008201599,23.5,4.56962251663208,174.564308166504,59075.4792016744,56967.5524230124,20.5,16128.2781770156,16128.2781309116,FALSE,FALSE,FALSE
"A0044179",106.575114363151,21.0317436925977,"Tang & Werner 2023",7.72165425490525,"Vietnam",96.678616398439,2785.27245666405,4399.07588822038,24445.235529463,1400.8186548215,0,2.94799995422363,3.61550009250641,23.484375,4.57539701461792,177.325897216797,59017.7071817063,56912.3477247486,19.3333333333333,15648.4212541758,15648.4212080223,FALSE,FALSE,FALSE
"A0044180",106.593204966075,21.0303763808759,"Tang & Werner 2023",35.4577651369101,"Vietnam",1118.70986280332,1461.71491716914,4602.58498262554,23835.6005191872,630.401938906805,0,2.93099999427795,3.6061999797821,23.5,4.96161336898804,207.255020141602,56887.4256837623,54782.4344920243,24.25,15209.6694480083,15209.66940463,FALSE,FALSE,FALSE
"A0044181",106.587118659964,21.0347944566419,"Tang & Werner 2023",5.92729188261509,"Vietnam",635.867254821018,1601.95130450053,4791.34823666207,24633.6745819718,795.978468235386,0,2.95300006866455,3.61700010299683,23.4375,4.99148368835449,218.508697509766,57771.4145142536,55669.3900875408,17,15107.3369057373,15107.3368608608,FALSE,FALSE,FALSE
"A0044182",106.56851281013,21.0383121608991,"Tang & Werner 2023",30.0660859089223,"Vietnam",91.925391256915,2870.63868759993,3224.42295200627,24895.8149416126,1065.87062942658,0,2.94299999872843,3.60260000228882,23.4166666666667,5.169091796875,283.919027709961,59312.2483134715,57210.5915203562,18.6,14873.6155918707,14873.6155519009,FALSE,FALSE,FALSE
"A0044183",106.559322382925,21.0300241184343,"Tang & Werner 2023",20.6103570033788,"Vietnam",236.616678496924,3049.9476314151,4127.22637747682,24484.4193495086,1038.17450902086,0,2.94466662406921,3.59333332379659,23.3958333333333,4.83230304718018,192.813430786133,60355.8302624478,58251.5725384367,16,15997.31780546,15997.3177664511,FALSE,FALSE,FALSE
"A0044184",106.546182530924,21.0289663367403,"Tang & Werner 2023",24.2244842359046,"Vietnam",1264.83500865961,1944.93681627557,4537.62915535168,24621.5338259867,1060.65821711056,76.1204695484514,2.95300006866455,3.61175000667572,23.5,4.49948263168335,165.029968261719,61781.3505222319,59671.2212737511,14,16834.6331384305,16834.6331101572,FALSE,FALSE,FALSE
"A0044185",106.57056867096,21.003881343089,"Tang & Werner 2023",156.875667660038,"Vietnam",949.396533300741,2686.22938187423,4423.03925775678,20840.8646001689,0,0,2.94433331489563,3.59064001083374,23.375,4.7756596326828,213.31173210144,58330.1535170859,56202.3302176914,15.5,18396.1128972796,18556.2305349952,TRUE,FALSE,FALSE
"A0044186",106.552115568905,21.0041878575884,"Tang & Werner 2023",29.3120115129216,"Vietnam",40.5853687927398,2268.3880354592,3632.63900749056,21548.6996814104,0,0,2.97099995613098,3.63499999046326,23.5625,4.36866267522176,143.061406453451,61239.7279001491,59110.6344237341,7.5,19067.0648066953,19067.0647711641,FALSE,FALSE,FALSE
"A0044187",106.557027790736,21.0106991886089,"Tang & Werner 2023",73.4434939561978,"Vietnam",24.5158402546127,2516.06360522459,4052.97269497571,22028.4492722986,0,0,2.96233328183492,3.62779998779297,23.5625,4.33379001617432,141.453909301758,60411.8188356149,58291.5704059037,14,18009.3006087278,18009.3005695849,TRUE,FALSE,FALSE
"A0044188",106.631863130417,21.0047392433479,"Tang & Werner 2023",7.90480294209443,"Vietnam",5182.8913731626,1252.87060773737,5655.2742800729,21162.957603863,492.078905767286,445.403718832264,2.96899998188019,3.62979998588562,23.53125,4.7637460231781,237.634757995605,53043.0671826553,50914.9030022065,7.5,15951.7411277082,17489.4789522016,FALSE,FALSE,FALSE
"A0044189",106.627643939984,21.0067656682548,"Tang & Werner 2023",48.8063220915363,"Vietnam",4598.98900078113,535.398949618276,5162.66304950319,20972.7326866925,0,214.554834452389,2.96275001764297,3.62342854908534,23.53125,4.94878564562116,238.090334211077,53057.9160700097,50934.21865091,6,16109.355971262,16997.4836313925,TRUE,FALSE,FALSE
"A0044190",106.637187422676,21.0094795246725,"Tang & Werner 2023",12.3705743985318,"Vietnam",4712.15891134968,1117.1569012745,5133.27126519918,21717.8627416582,6.72865894946685,1084.61008776022,2.96849989891052,3.63299989700317,23.5625,4.94017457962036,258.103444417318,52321.4547263144,50197.1563830915,5,16111.5919984194,16922.8105934689,FALSE,FALSE,FALSE
"A0044191",106.646396521542,21.0046686010318,"Tang & Werner 2023",5.10466440224714,"Vietnam",5491.38869920397,2381.47582143304,5809.3664292261,21320.3028931662,889.08344080104,1540.70725172014,2.97300004959106,3.63599991798401,23.5625,4.72173976898193,220.027557373047,51590.1332078535,49462.0582256192,9.5,15309.1216492616,17411.3355804729,FALSE,FALSE,FALSE
"A0044192",106.670508566873,21.0226460918388,"Tang & Werner 2023",21.2702064667545,"Vietnam",5199.35693714785,3700.26349349923,4778.8466053178,22621.6559726317,585.923896122758,1070.24277741783,2.96700000762939,3.5956666469574,23.5,4.95301135381063,229.911987304688,48967.5727991662,46856.5878481523,9.75,15087.2075528274,15227.6475139046,FALSE,FALSE,FALSE
"A0044193",106.659130400859,21.0233834466738,"Tang & Werner 2023",23.2718508324556,"Vietnam",4176.57925172672,2727.39518455249,4120.7556381771,22821.8697129168,18.493349908169,1573.3406495554,2.96425002813339,3.61749994754791,23.46875,4.78568283716838,220.213027954102,50013.3287898791,47906.0756198526,11.6666666666667,15017.5294857727,15017.5294626366,FALSE,FALSE,FALSE
"A0044194",106.65497186236,21.020699572472,"Tang & Werner 2023",6.38508770657318,"Vietnam",4295.72944843202,2625.03693069393,4405.39427535149,22996.7612167844,0,2212.05922914736,2.97000002861023,3.63150000572205,23.5625,4.79087336858114,209.539227803548,50624.4608263563,48511.8342823407,12,15618.876604117,15618.876573397,FALSE,FALSE,FALSE
"A0044195",106.650206511861,21.0250096181763,"Tang & Werner 2023",6.43471121991779,"Vietnam",3639.15242105173,1993.45378759635,3755.9002257807,23580.3310715669,307.062496690285,1680.18232016054,2.96724998950958,3.62800002098083,23.53125,4.82318449020386,207.079208374023,51151.4185662923,49041.9107508763,11,15101.1201064846,15101.1200722484,FALSE,FALSE,FALSE
"A0044196",106.647306670512,21.0225380160539,"Tang & Werner 2023",24.3003696861145,"Vietnam",3504.38301007122,1671.47409277999,3748.8520246388,23115.5506061883,0,1855.08670188516,2.96799993515015,3.622250020504,23.5,4.92119757334391,211.19194539388,51254.2268126738,49141.498843993,8.5,15272.6525798263,15272.6525432733,FALSE,FALSE,FALSE
"A0044197",106.662713685446,21.0179376123623,"Tang & Werner 2023",3.6050990111389,"Vietnam",5070.38348796096,3492.56262728494,5042.72427529649,22501.3418873327,0,1873.74091679244,2.96199989318848,3.60266669591268,23.3125,4.82411584854126,179.371691894531,49879.2098057327,47764.2935204265,11.5,15562.7342432503,15909.9672292775,FALSE,FALSE,FALSE
"A0044198",106.633882747779,21.0454048111083,"Tang & Werner 2023",23.6853216634076,"Vietnam",714.291352078594,67.7560400969518,977.631367130246,25561.3449225645,2616.23690274409,0,2.96850001811981,3.62475001811981,23.5,4.92891621589661,207.007247924805,52845.5599672088,50756.9674808826,-0.5,12834.7250014268,12834.7249636223,FALSE,FALSE,FALSE
"A0044199",106.627000255558,21.0444611029717,"Tang & Werner 2023",8.28196324892005,"Vietnam",720.336654809548,0,1357.2096125909,25511.4254914451,2094.79678028528,0,2.96749997138977,3.62400007247925,23.5,5.03029251098633,229.351821899414,53685.3640427436,51597.2432431785,-1,13192.9678808459,13192.9678438965,FALSE,FALSE,FALSE
"A0044200",106.625673602369,21.0138459134762,"Tang & Werner 2023",11.40706844934,"Vietnam",4001.48872508881,0,4635.17081293726,22092.8628952528,0,822.036702518402,2.96000003814697,3.63000011444092,23.5625,4.73987245559692,190.559097290039,53630.0675693512,51510.2385300411,6.5,16501.2280041294,16501.2279666092,FALSE,FALSE,FALSE
"A0044201",106.612362177409,21.0229083515217,"Tang & Werner 2023",11.0713403143,"Vietnam",2992.81426878122,153.950574728128,4149.57567071527,23007.7751586584,0,80.7472193717735,2.96200001239777,3.62600004673004,23.53125,4.87492632865906,214.427398681641,54961.5142827599,52848.0562848509,6.5,15755.1680599918,15755.168022123,FALSE,FALSE,FALSE
"A0044202",106.616280149649,21.0064239076074,"Tang & Werner 2023",25.8665486371669,"Vietnam",4642.81254389931,0,5689.06924962756,21180.0779876227,63.0678395401165,0,2.95766671498617,3.6183332602183,23.5,5.04966878890991,264.682929992676,54370.035652343,52243.5747847695,14.25,16800.8423960244,17506.1026304891,FALSE,FALSE,FALSE
"A0044203",106.3695730105,21.1100197072125,"Tang & Werner 2023",31.7696665313876,"Vietnam",11292.4699116228,815.887665478404,2565.01753150764,17164.0666428223,1294.23465512658,0,2.96799993515015,3.63225001096725,23.375,4.89472317695618,175.156455993652,80944.5748481967,78898.9128041344,16,25250.6451632526,0,FALSE,FALSE,FALSE
"A0044204",106.378581746215,21.1174892641605,"Tang & Werner 2023",20.5584933894785,"Vietnam",12333.290132325,1475.91725593106,1469.09626592743,18315.2657009444,960.283649987791,136.988414135856,2.96049996217092,3.61900007724762,23.4166666666667,4.83451859156291,183.665751139323,79900.1684476345,77859.2797933014,28.6666666666667,24076.608622105,0,FALSE,FALSE,FALSE
"A0044205",106.336684777131,21.1260867462313,"Tang & Werner 2023",55.7905005375069,"Vietnam",8629.29191263359,463.218923593542,2306.34120868745,14701.1734602423,1651.86780924606,317.16788124153,2.96540002822876,3.62466665108999,23.2,4.87039981569563,168.344933646066,84174.9404478139,82138.5198153305,61.5,27801.83923488,550.572591921186,TRUE,FALSE,FALSE
"A0044206",106.32698243678,21.1247823317958,"Tang & Werner 2023",25.9452370031024,"Vietnam",7780.15490390851,307.606518533207,1454.20299206983,13849.6206621697,1172.71960248485,151.771406343643,2.97374999523163,3.63700008392334,23.34375,5.17592159907023,205.836771647135,84386.047316556,82962.1530455993,31,29173.5251746431,1945.19239204216,FALSE,FALSE,FALSE
"A0044207",106.319047251915,21.1246816721057,"Tang & Werner 2023",4.65392399351113,"Vietnam",7223.46525202596,0,1253.06232029823,13450.2336468297,529.755094315417,47.7995908454897,2.97599995136261,3.64440002441406,23.40625,5.51671123504639,269.055675506592,84280.1052739682,82868.1879433036,18,30276.3758209914,3030.88618740891,FALSE,FALSE,FALSE
"A0044208",106.319273774665,21.1221308727226,"Tang & Werner 2023",3.3377076546881,"Vietnam",7244.55139546948,0,984.449178631217,13320.3481591402,869.879692109722,0,2.9909999370575,3.65260000228882,23.4375,5.04062986373901,197.713523864746,84023.4256211438,82606.5795698294,18,30298.344102245,3046.64548841183,FALSE,FALSE,FALSE
"A0044209",106.330052867764,21.1191601856365,"Tang & Werner 2023",3.78679229427908,"Vietnam",8045.43276713161,1005.48456849118,1793.57777465725,14114.0992411624,1980.84857541116,0,2.98600006103516,3.64800000190735,23.3125,4.76652097702026,154.953369140625,84388.7826343884,82955.9396966493,30.5,29249.2134034066,2058.04566806849,FALSE,FALSE,FALSE
"A0044210",106.408894110507,21.1282579846647,"Tang & Werner 2023",8.84727577005416,"Vietnam",15889.9695772066,1143.3393751879,1150.48366767154,21868.4249557825,2218.65402271392,0,2.96450006961823,3.62299990653992,23.5,4.9635226726532,190.776176452637,77246.7766834973,75220.5445654498,7.66666666666667,21012.6762485087,851.277607674206,FALSE,FALSE,FALSE
"A0044211",106.399512786555,21.1291504687282,"Tang & Werner 2023",56.5348031326201,"Vietnam",14732.340848814,1056.56129038149,995.263190055304,20729.5919929701,2413.32453165252,0,2.96074998378754,3.62074998021126,23.46875,4.88451882771083,182.136934552874,78029.2482334486,76000.3100392541,9.5,21668.5435966936,0,FALSE,FALSE,FALSE
"A0044212",106.397932575378,21.1228689937077,"Tang & Werner 2023",1.46334019390563,"Vietnam",14829.9528139794,780.608897592935,711.424042726076,20782.9003977938,2040.57514471628,0,2.96399998664856,3.62233328819275,23.5,4.77356195449829,172.719047546387,78496.4629376521,76463.2336342535,10,22452.6371853988,5.66586643066027,FALSE,FALSE,FALSE
"A0044213",106.398097526618,21.1212719883304,"Tang & Werner 2023",2.04205705640827,"Vietnam",14807.9596498379,552.735171855719,483.401857610309,20741.2136621779,1841.45308054339,0,2.96399998664856,3.62299990653992,23.5,4.76177597045898,169.988876342773,78436.6059474771,76402.1187609276,10,22457.2450576622,56.5881431959275,FALSE,FALSE,FALSE
"A0044214",106.401153840058,21.1212877624737,"Tang & Werner 2023",5.12900234508564,"Vietnam",15060.3568028249,560.669785799392,500.465991931235,20996.9462021001,1995.97210590077,0,2.96399998664856,3.62400007247925,23.5,4.81628751754761,170.428451538086,77978.415253183,75944.8659049393,6,22002.8143904633,271.868103111856,FALSE,FALSE,FALSE
"A0044215",106.420781967941,21.1280867247248,"Tang & Werner 2023",65.0086232360596,"Vietnam",16739.7317303563,0,0,22743.5121831172,776.769497290789,0,2.96600008010864,3.62377778689067,23.5,5.07927331924438,209.610861206055,75820.9087516209,73796.7904484643,7,19567.90856402,1896.46003627548,TRUE,FALSE,FALSE
"A0044216",106.423197983219,21.1189472642523,"Tang & Werner 2023",5.02715682119229,"Vietnam",16462.058931918,0,483.789123453898,23061.1120886487,1650.14803884777,1117.49633738883,2.96600008010864,3.62400007247925,23.5,5.02102947235107,202.462677001953,75759.0280779734,73725.5254511433,3.5,20014.7621678322,2588.05141811455,FALSE,FALSE,FALSE
"A0044217",106.419220495669,21.1186367778568,"Tang & Werner 2023",1.65183494240222,"Vietnam",16866.2838443029,15.5801773741321,656.748337746339,22729.2662438573,2042.5569136207,836.727207202904,2.96600008010864,3.625,23.5,4.98204755783081,193.82400894165,76237.3716640695,74202.5933492519,3.5,20492.7396448468,2242.35512563097,FALSE,FALSE,FALSE
"A0044218",106.409046720504,21.1227301108763,"Tang & Werner 2023",21.1736131850553,"Vietnam",15550.918274118,514.828981262487,869.992901794052,21472.4336446685,2311.074660562,0,2.96533338228861,3.62400007247925,23.5,4.90889644622803,180.199686686198,77121.8644698406,75090.9573866268,5,21078.5763610046,835.251055875237,FALSE,FALSE,FALSE
"A0044219",106.39044075794,21.1177870650019,"Tang & Werner 2023",10.4342945606235,"Vietnam",13747.1268435755,617.569366138203,557.984864763045,19687.5084886968,1075.16508672094,0,2.96299997965495,3.625,23.4791666666667,4.57101147515433,150.328639439174,78938.8540385601,76899.9314060461,15,23111.9229254488,0,FALSE,FALSE,FALSE
"A0044220",106.391192310654,21.122475414311,"Tang & Werner 2023",38.4510493290258,"Vietnam",13782.4954113271,681.767702657461,622.849447760373,19748.5219828712,1433.72096443072,0,2.96100002527237,3.62183332443237,23.484375,4.62808132171631,159.950050354004,78857.9012559623,76821.0789713212,13.5,22843.2416813898,0,FALSE,FALSE,FALSE
"A0044221",106.388809644645,21.1317529930463,"Tang & Werner 2023",5.7378645182472,"Vietnam",14194.0898264739,1900.64612319081,1834.7349831596,20219.2541396977,2638.4805177803,0,2.95900011062622,3.6159999370575,23.4375,4.69756233692169,167.554565429688,79395.6290384676,77369.3598998685,14.5,22962.4060612483,0,FALSE,FALSE,FALSE
"A0044222",106.443596072102,21.1445679764093,"Tang & Werner 2023",2.56949312887878,"Vietnam",15907.281479775,470.08739001274,2971.25975415111,26046.744268086,592.244263679522,2751.75790951697,2.95300006866455,3.60999989509583,23.3125,5.35936975479126,228.224151611328,74226.3439020341,72225.5668139267,13.75,17239.9333856246,4997.01301158867,FALSE,FALSE,FALSE
"A0044223",106.440153042044,21.1452117538398,"Tang & Werner 2023",0.996773751119435,"Vietnam",16326.8968205862,580.386245279271,2816.15186740974,25787.5080159869,306.900497337976,2494.42872148534,2.95799994468689,3.61049997806549,23.375,5.30179262161255,223.585510253906,74662.0944663542,72662.3987505859,11.5,17597.0952790727,4737.56073277595,FALSE,FALSE,FALSE
"A0044224",106.443823796705,21.1475008282614,"Tang & Werner 2023",23.1055798768199,"Vietnam",15524.3320881838,673.086470499229,2991.20117280306,25821.6153490041,320.026592177744,2548.24361883952,2.95199998219808,3.60300000508626,23.3333333333333,5.87593412399292,333.922729492188,73697.4334108923,71700.2197799251,14.5,16617.5469406733,4778.60781800479,FALSE,FALSE,FALSE
"A0044225",106.435818333707,21.1492578332278,"Tang & Werner 2023",1.94846753879347,"Vietnam",16876.8816139541,1013.38205913016,2939.02926297485,25459.4814882637,7.40680260652391,2235.59313982425,2.95799994468689,3.61250007152557,23.375,5.59101629257202,291.534606933594,75109.1357441093,73112.9924416231,11,17877.2862776072,4408.86582255588,FALSE,FALSE,FALSE
"A0044226",106.42872135113,21.1504208552245,"Tang & Werner 2023",3.50431979785528,"Vietnam",16825.7436149167,1065.4741109321,2712.92897755921,24870.5761278259,397.663661931659,1604.9100997282,2.9539999961853,3.61150002479553,23.40625,5.18305587768555,243.700366973877,75902.5097277761,73905.4853908259,9,18610.3090305499,3821.52092428373,FALSE,FALSE,FALSE
"A0044227",106.460158765812,21.1437442259833,"Tang & Werner 2023",13.0084140926049,"Vietnam",14325.4287571905,326.542499428426,4180.06862016686,27515.1208752911,2196.99327483097,4272.83491072535,2.942999958992,3.59650003910065,23.3125,5.59355902671814,276.805923461914,72391.2812107936,70393.4607487619,20.5,15475.1180741961,6503.86709869504,FALSE,FALSE,FALSE
"A0044228",106.363979927856,21.1934789325983,"Tang & Werner 2023",4.69547216188117,"Vietnam",11929.5751564263,321.445096649505,9243.92455351716,21910.9605335941,6482.86345360511,6831.33215128539,2.94199991226196,3.60800004005432,23.375,5.78550505638123,279.662254333496,83387.1186021443,81425.1681106367,20,24944.8892375592,4646.70840196227,FALSE,FALSE,FALSE
"A0044229",106.368387728692,21.1943168907993,"Tang & Werner 2023",3.09320790228841,"Vietnam",11760.5033020792,107.101768505549,9165.79168829198,22364.8984325161,6900.19992831725,6641.88370258034,2.94199991226196,3.60700011253357,23.3125,5.52983856201172,250.408187866211,83086.3040872875,81125.8748178961,21,24623.9464620154,4729.34016557759,FALSE,FALSE,FALSE
"A0044230",106.36845335283,21.1929113758238,"Tang & Werner 2023",1.0669301014553,"Vietnam",11946.6844215581,277.703011763428,9033.64650012088,22290.9054301085,6815.32926717883,6536.56279881001,2.94199991226196,3.60550010204315,23.3125,5.62963199615479,262.023445129395,83097.4744827498,81134.4257378163,21,24671.1585833676,4587.46094482327,FALSE,FALSE,FALSE
"A0044231",106.371497004273,21.1968903468912,"Tang & Werner 2023",4.76553952028953,"Vietnam",11366.2140628559,89.2076402609712,9264.49507648558,22737.2359954166,7275.91998822902,6544.8112523751,2.94199991226196,3.60150003433228,23.3125,5.49760341644287,247.135330200195,82675.9656173587,80718.9035012024,17,24165.7184916962,5025.9780956735,FALSE,FALSE,FALSE
"A0044232",106.355572194633,21.2013462411774,"Tang & Werner 2023",3.86340553075838,"Vietnam",11307.7201310255,5.64881319640297,8457.08128681318,21848.1101854007,6064.18456960581,8085.12055288163,2.97000002861023,3.62700009346008,23.4375,5.685950756073,263.874389648438,84389.7316647542,82616.745154228,11.5,26028.0552754828,5578.26247060611,FALSE,FALSE,FALSE
"A0044233",106.406452636195,21.1328997354479,"Tang & Werner 2023",13.2421142748457,"Vietnam",15754.119843649,1525.34316447725,1512.26209940097,21756.9999410734,2369.80762584599,0,2.96300005912781,3.62049996852875,23.4583333333333,4.85580062866211,177.743476867676,77549.7071614187,75526.7005047277,9.5,21139.4487376739,714.920734564774,FALSE,FALSE,FALSE
"A0044234",106.405842349852,21.136375925875,"Tang & Werner 2023",8.34797157499895,"Vietnam",15882.4415088045,1679.61073848265,1815.38499813688,21898.7275814515,2416.44697377264,0,2.96000003814697,3.6175000667572,23.375,4.94047784805298,189.766494750977,77705.6939673942,75688.1896840867,14.25,21058.1494784433,851.624905819447,FALSE,FALSE,FALSE
"A0044235",106.410202267482,21.1384826292198,"Tang & Werner 2023",2.51172489588096,"Vietnam",16552.5364086833,1517.18326515905,1848.02234681242,22570.3511573086,2170.1999232251,0,2.95900011062622,3.61849999427795,23.375,5.12290108203888,218.792175292969,77465.6142845962,75450.8549905285,17,20727.4034683546,1522.52329353271,FALSE,FALSE,FALSE
"A0044236",106.400935407473,21.1380878781888,"Tang & Werner 2023",6.55292328830679,"Vietnam",15536.5809948455,2388.29734143613,2328.96889811032,21566.3635916988,3097.9480269893,0,2.95749998092651,3.61500000953674,23.375,4.92556810379028,188.450119018555,78394.5197505985,76379.2719828364,22.5,21600.7478932847,532.344289731497,FALSE,FALSE,FALSE
"A0044237",106.402862007715,21.1400918681266,"Tang & Werner 2023",0.805237449781719,"Vietnam",15978.8429446657,2340.18433542835,2563.09951218196,22012.2639390388,3021.57331378962,0,2.96000003814697,3.61500000953674,23.375,5.1383638381958,221.070083618164,78316.3437185375,76301.8774754988,21,21487.3621028182,986.788327860488,FALSE,FALSE,FALSE
"A0044238",106.403635790819,21.1461377235432,"Tang & Werner 2023",1.4526001329661,"Vietnam",16291.9802353474,2635.80401187075,2996.80731701976,22343.0787783051,3019.17674873098,420.90453098619,2.95600008964539,3.6159999370575,23.375,5.05131514867147,204.433420817057,78367.5139050566,76360.4723117167,31,21273.0469227521,1402.57216786513,FALSE,FALSE,FALSE
"A0044239",106.410075950079,21.146233547037,"Tang & Werner 2023",9.85379651016686,"Vietnam",16726.3112818447,1864.24201556132,2357.83676226333,22773.9061474487,2177.33765816092,0,2.95850002765656,3.61924996972084,23.40625,5.05195706231253,209.228557041713,77507.449012636,75500.8106075574,23.3333333333333,20461.3305037756,1808.23670333827,FALSE,FALSE,FALSE
"A0044240",106.413291558015,21.1539024505426,"Tang & Werner 2023",3.06947381787481,"Vietnam",16169.0688592129,2402.40174362365,3247.4185069927,23607.166318797,2038.39554578722,587.179968334707,2.96000003814697,3.61800003051758,23.375,5.30570459365845,263.073394775391,77549.770815219,75553.687487901,23,20138.5763340155,2697.56759814536,FALSE,FALSE,FALSE
"A0044241",106.412149244703,21.1561254732132,"Tang & Werner 2023",1.44831551772089,"Vietnam",15920.8860456937,2650.59524371775,3542.45812343014,23668.4090999108,2180.76025918867,860.960042321408,2.96000003814697,3.61450004577637,23.375,5.47757307688395,284.491490681966,77700.9572177584,75706.7661497513,24,20222.7984581901,2829.23062989769,FALSE,FALSE,FALSE
"A0044242",106.419114838437,21.1567661855499,"Tang & Werner 2023",1.14954074126754,"Vietnam",16041.5578598847,2231.76557366582,3515.22654943602,24268.9215255711,1477.36189015436,1174.52534367295,2.95700001716614,3.61699998378754,23.3125,5.57252144813538,299.139739990234,77006.2500193813,75014.5423275429,19,19489.2118820159,3369.03136218448,FALSE,FALSE,FALSE
"A0044243",106.416988798208,21.1560168445689,"Tang & Werner 2023",1.13484063111185,"Vietnam",16059.8585740996,2350.9700530657,3421.89092072583,24053.4868169834,1702.81578758636,957.386555356517,2.95850002765656,3.61800003051758,23.34375,5.22492074966431,244.036720275879,77231.663639453,75239.3391916199,21.5,19723.9133478565,3146.7925668439,FALSE,FALSE,FALSE
"A0044244",106.706018609789,21.0615734857596,"Tang & Werner 2023",12.2961553090415,"Vietnam",5546.56234019146,0,2827.06385816316,26341.5399268054,1920.25010839859,1371.14253743578,2.94600009918213,3.59299993515015,23.375,4.16550588607788,114.373123168945,45738.504080861,43681.8226337821,38.5,10416.2332602063,10416.2332755746,FALSE,FALSE,FALSE
"A0044245",106.703588878189,21.0591619530933,"Tang & Werner 2023",3.68647911122947,"Vietnam",5732.38836081906,126.149849136584,2892.94231591898,26230.4517149235,2195.94308208134,1213.86756289625,2.94600009918213,3.60500001907349,23.375,4.2274284362793,117.287284851074,46005.9279638483,43946.8833041199,38.5,10849.33002653,10849.3300416478,FALSE,FALSE,FALSE
"A0044246",106.698615098655,21.0588511187002,"Tang & Werner 2023",9.77281098269675,"Vietnam",6023.88366752952,0,3080.6996707842,26106.8798791199,2558.43304625287,979.795367933173,2.95799994468689,3.6029999256134,23.390625,4.36210942268372,130.835437774658,46380.3012228771,44318.6565416351,30.3333333333333,10905.7778905963,10905.7779069716,FALSE,FALSE,FALSE
"A0044247",106.651863368114,21.0932256484208,"Tang & Werner 2023",0.573953714912747,"Vietnam",5084.24052551654,2431.35588239643,3537.75844985392,30964.4529939896,3607.54544526414,2823.67921141605,2.81800007820129,3.47599995136261,22.875,5.02200031280518,329.731678009033,51974.4299356233,49958.5482869076,156.5,7669.76004204792,7669.76000767023,FALSE,FALSE,FALSE
"A0044256",107.235166763786,20.9859940619618,"Tang & Werner 2023",21.0546489567164,"Vietnam",8024.58977490534,3892.51575181052,11591.9712012972,54257.3490691728,5514.96247932191,6517.96406899716,3.05500000715256,3.71466668446859,23.453125,4.56585836410522,118.778546651204,4558.06596604033,8825.07311551079,0,23212.166394953,0,FALSE,FALSE,FALSE
"A0044257",107.241385883779,20.9941606758869,"Tang & Werner 2023",96.0318833450674,"Vietnam",7248.57121759702,3331.48846157787,11460.2592175512,54587.7792453163,4394.27364667982,6963.15339274327,3.0460000038147,3.6942856992994,23.375,4.3349370104926,102.223843165806,4627.37411814317,8928.88678174231,0,23872.7792415552,0,FALSE,FALSE,FALSE
"A0044258",107.237806586885,21.0020920530946,"Tang & Werner 2023",17.2910673117528,"Vietnam",6578.51110364452,2651.46830733777,11248.0079222216,55190.8739661227,3786.90202365886,7757.30480756635,2.99600005149841,3.64666668574015,23.125,4.7373251914978,141.41064453125,4892.53716838365,9264.44777461982,0,24862.681530323,893.285486911084,FALSE,FALSE,FALSE
"A0044259",107.243932304619,21.0099752396573,"Tang & Werner 2023",7.79233177500982,"Vietnam",5744.83986694578,2635.86902685232,11690.9048407459,56224.2076138101,2887.27470907552,8860.30422821708,3.02100002765656,3.66700005531311,23.1875,3.83455729484558,73.7969284057617,5865.22013584134,9373.18333471785,0,26013.2029681877,1542.79729537511,FALSE,FALSE,FALSE
"A0044260",107.238876201236,21.0118193584674,"Tang & Werner 2023",6.03190959827984,"Vietnam",5611.52715115445,2146.13000351554,11174.5972268481,55806.7047394486,2809.92972459279,8619.74762378737,3.02500009536743,3.66199994087219,23.125,3.29629468917847,44.8258361816406,5419.54440917663,9759.08093369324,0,25892.3660828492,1991.24547309301,FALSE,FALSE,FALSE
"A0044261",107.224900545105,21.0107019604895,"Tang & Werner 2023",11.3670585550584,"Vietnam",5298.44956991089,1155.62180633553,9775.60305220894,54294.8455577777,3095.36951721739,7308.00323560537,3.00066661834717,3.64099991321564,23.1041666666667,3.68702626228333,63.0731887817383,3903.96995657886,8229.18157981919,0,24668.4313853886,1801.48887674731,FALSE,FALSE,FALSE
"A0044262",107.196948018342,20.9950086015233,"Tang & Werner 2023",3.97206263111697,"Vietnam",6392.29480510119,3700.61913346196,8079.30838040663,51063.5724872451,3330.53769706896,4204.97150173017,2.99300003051758,3.62550002336502,23.1875,3.2749453385671,50.0345331827799,742.081123671196,5096.35699108776,0,21605.1138571652,2891.93370167264,FALSE,FALSE,FALSE
"A0044263",107.200887182669,20.9947659113996,"Tang & Werner 2023",3.0412440891648,"Vietnam",6550.92770034417,3518.48751173694,8398.8750696929,51480.5812120172,3615.29370441726,4587.29219259244,2.99549996852875,3.63966671625773,23.21875,4.22836208343506,98.0716934204102,1160.997387295,5525.16533273053,0,21950.5889642447,2484.83179504455,FALSE,FALSE,FALSE
"A0044264",106.88481786424,21.0718397231328,"Tang & Werner 2023",5.92049601191466,"Vietnam",8063.364509767,440.361352246203,8744.59934218223,31397.8677685611,844.751508135519,6819.7174179734,2.88549995422363,3.53699994087219,23.15625,3.80517137050629,91.5413398742676,27738.1558877169,25798.7306824313,57,11702.5449347098,11702.5449270434,FALSE,FALSE,FALSE
"A0044265",107.116110715365,21.0533973141341,"Tang & Werner 2023",9.5663909895268,"Vietnam",139.399122287511,242.021708203306,1608.58550191852,46592.6664471688,4545.30684222399,5636.80030827721,2.96000003814697,3.57399988174438,23.03125,3.97850573062897,143.433059692383,5704.7789614414,5388.23729663589,98,22416.7384445284,2823.13201550546,FALSE,FALSE,FALSE
"A0044280",106.820439113686,21.1673580552787,"Tang & Werner 2023",3.08349505398996,"Vietnam",14925.9278272207,389.085187190304,4468.57580149341,39069.7485220473,6767.93159761086,12733.5921980525,2.77250003814697,3.37700001398722,21.25,4.62511873245239,104.288223266602,38000.021175804,36317.6324902507,491,1211.08006478387,1211.080091691,FALSE,FALSE,FALSE
"A0044281",106.853600773476,21.1606814247947,"Tang & Werner 2023",1.51607076678716,"Vietnam",15459.3003562474,582.459597531279,6567.51499383395,39262.3261018746,10207.4383647448,13123.3716025793,2.79200005531311,3.41000008583069,22.5,2.95171968142192,28.344913482666,34683.3186953841,33044.9560836707,243,4313.85247975257,4313.85245590625,FALSE,FALSE,FALSE
"A0044282",106.847512590626,21.1301992077833,"Tang & Werner 2023",35.7757741066266,"Vietnam",11857.0124315746,2350.07525158772,4299.15852829699,35511.1894952879,7870.14030394567,9531.22202600975,2.87800002098083,3.47925001382828,21.125,5.8961555480957,260.552084350586,33443.0694037006,31672.2199179911,381,4253.39999243764,4253.40000101019,FALSE,FALSE,FALSE
"A0044283",106.852311848383,21.1325222108457,"Tang & Werner 2023",0.652346513979818,"Vietnam",12713.3000259167,2266.43428189223,5242.62113488724,36317.4850884019,8091.27770481116,10389.4026342986,2.8529999256134,3.45050001144409,21.625,5.10248947143555,194.46794128418,33381.0183061294,31629.2912502232,389,4892.20930019706,4892.20931918898,FALSE,FALSE,FALSE
"A0044284",106.853877605532,21.1335396336177,"Tang & Werner 2023",0.625090115776844,"Vietnam",12894.0007368574,2115.99881136631,5443.98442374515,36461.7690005827,8054.12109456448,10572.9766464116,2.83700001239777,3.43300008773804,21.78125,4.84474885463715,164.556983947754,33256.7392910917,31508.4784765889,360,4964.91862225329,4964.91864438436,FALSE,FALSE,FALSE
"A0044285",106.854502335859,21.1322932152757,"Tang & Werner 2023",0.153683700270975,"Vietnam",12836.5756146322,2066.40762044248,5499.0103032561,36390.1999711339,7963.22313283773,10517.9506359233,2.8529999256134,3.43150007724762,21.625,4.1366548538208,98.2485656738281,33182.5927205317,31432.3263093392,360,5129.15181105496,5129.15183146002,FALSE,FALSE,FALSE
"A0044286",106.84802779805,21.1352567370196,"Tang & Werner 2023",6.44624959877198,"Vietnam",12634.0829494533,2506.29986232312,4785.47931680646,36336.1429998861,8463.09304116581,10303.2355300725,2.83800005912781,3.46180000305176,21.6875,5.36326694488525,207.004989624023,33746.7865562237,32000.0140859814,433.5,4215.19427723102,4215.19429933125,FALSE,FALSE,FALSE
"A0044287",106.844396605901,21.1367516705378,"Tang & Werner 2023",2.94432308333711,"Vietnam",12668.2133934408,2865.04197053624,4489.16320857223,36458.9311725545,8889.19153555124,10332.7538267909,2.85500001907349,3.45199990272522,21.4375,4.81958150863647,187.794052124023,34243.2641770442,32493.8513216601,439.333333333333,3892.92561096783,3892.92562964936,FALSE,FALSE,FALSE
"A0044288",106.851635403774,21.1370473386257,"Tang & Werner 2023",6.85621297673816,"Vietnam",12963.2329083095,2057.44952947192,5154.42365575354,36623.7350678834,8468.95547533009,10634.8445241264,2.83800005912781,3.45099997520447,21.6875,5.02290391921997,178.106964111328,33519.1380515162,31786.4603122706,408.333333333333,4452.21760162833,4452.21762635574,FALSE,FALSE,FALSE
"A0044314",107.023425846133,21.0635719164608,"Tang & Werner 2023",18.473735517875,"Vietnam",126.792684198209,301.57790319467,5184.033486616,39579.0526241875,1603.66353448563,4242.55731758386,2.97850000858307,3.55999994277954,23.03125,3.26646238565445,57.3803958892822,13745.3591246443,12084.9740250939,96,22168.7713679902,2267.42894261869,FALSE,FALSE,FALSE
"A0082354",107.01801722593,20.9822524932006,"OpenStreetMap",6.57008419931274,"Vietnam",429.223136711289,588.634504692468,599.439578904102,33622.3774248875,2259.04128187519,0,3.07333334287008,3.75500011444092,23.5,4.19196367263794,151.149932861328,13183.278649628,11024.339895192,15,13082.0949071045,1073.34998915616,FALSE,FALSE,FALSE
"A0082355",107.004255592822,20.9868525201814,"OpenStreetMap",0.774012913917449,"Vietnam",715.49622595826,1095.94701087371,1071.12840004762,32941.2480890338,2068.19671709087,0,3.06399989128113,3.74000000953674,23.4375,3.89005601406097,143.571632385254,14674.9116969868,12516.1150217112,20,13848.8069825286,2526.8193297716,FALSE,FALSE,FALSE
"A0082356",107.003493122994,20.9843463877203,"OpenStreetMap",2.74486994642618,"Vietnam",358.030657174242,802.053917437279,834.421882334818,32687.5004116006,1675.18065545625,0,3.06699991226196,3.74300003051758,23.46875,3.90370893478394,141.826065063477,14747.0548012222,12587.6272699198,20,13458.5536324669,2399.83506822299,FALSE,FALSE,FALSE
"A0082357",106.999584226024,20.9857041074107,"OpenStreetMap",6.81301305458246,"Vietnam",131.721633419094,537.248762576275,507.192175852278,32356.4451814761,1680.02452629495,0,3.06099998950958,3.73699998855591,23.4375,3.97070670127869,144.960052490234,15108.3431303636,12949.030274969,17.6666666666667,13593.8324773154,2760.25674388727,FALSE,FALSE,FALSE
"A0191968",106.58581212873,21.0743434931692,"Maus et al. (2022);Tang & Werner 2023",77.2917236264906,"Vietnam",843.316612732255,0,1121.98165624556,28427.9102449331,1401.4634141161,0,2.94099998474121,3.58589999675751,23.4375,4.80363256281072,183.157345858487,57676.6637219786,55621.3689074015,10,10535.3525545228,10535.3525070209,TRUE,FALSE,FALSE
"A0191969",106.554222285347,21.106800577863,"Maus et al. (2022);Tang & Werner 2023",19.8456329166932,"Vietnam",4770.23789942726,701.633610272166,2756.1440330355,32890.1324142353,1652.92639457729,913.95324076372,2.93700003623962,3.58400003115336,23.375,5.23837280273438,279.416511535645,61956.6036540917,59934.6745268289,10,8877.19907154386,8877.19907400128,FALSE,FALSE,FALSE
"A0191970",106.636750886743,21.0761933356934,"Maus et al. (2022);Tang & Werner 2023;OpenStreetMap",2406.93868986656,"Vietnam",491.257195352605,0,0,26692.8613960436,0,0,2.91306665738424,3.52775522630606,22.8875,5.02897809085561,219.422660474635,49162.1035734948,47133.8660618687,133.214285714286,7843.62674643024,7843.62670796306,TRUE,TRUE,FALSE
"A0191971",107.178347403441,20.9686881980404,"Maus et al. (2022);Tang & Werner 2023",14.4917907692617,"Vietnam",8819.89484693193,5441.09173761647,8781.76581344515,48106.9257233202,5468.96617685877,662.618590138333,3.03699994087219,3.6764999628067,23.1875,3.94624829292297,95.5949554443359,2410.12845715753,3648.15937928017,0,17994.7922792609,2741.911388869,FALSE,FALSE,FALSE
"A0191972",107.177718973197,20.9559358337106,"Maus et al. (2022);Tang & Werner 2023",26.1511354272612,"Vietnam",9962.81000213791,6559.06678890474,9797.42797359472,47608.9515004971,6528.11169227364,0,3.07999992370605,3.74733336766561,23.5,3.70716171264648,64.2349349975586,3398.46453899696,3788.97038529456,0,16880.6299660549,1823.13153740026,FALSE,FALSE,FALSE
"A0191973",107.180433401129,20.957168829573,"Maus et al. (2022);Tang & Werner 2023",6.7787726981953,"Vietnam",10266.9516868112,6877.40676202682,10134.2227617422,48005.1372502612,6942.99297262669,385.709152656545,3.07999992370605,3.73399996757507,23.3125,4.04311466217041,84.5581970214844,3730.69314232895,4195.37286543031,0,17293.9797284051,2004.88300716427,FALSE,FALSE,FALSE
"A0191974",106.603541332113,21.0209844557741,"Maus et al. (2022);Tang & Werner 2023",83.7878397189189,"Vietnam",2462.01636601637,620.361368729617,4293.62157501936,22657.2652144892,0,0,2.93899989128113,3.58716666698456,23.4375,5.29433471506292,319.403305053711,55487.6587642337,53373.1108347302,17,15805.0616502354,15805.0616116222,TRUE,FALSE,FALSE
"A0191975",106.934855628393,21.0763788906069,"Maus et al. (2022);Tang & Werner 2023",12.1394473562064,"Vietnam",6443.60246788523,139.000111585665,8471.92482533799,34576.7046094825,1500.29212545686,6393.84431843553,2.89766669273376,3.53399991989136,23.0416666666667,3.57031941413879,64.4667358398438,22834.7887933742,20983.1080960588,99,15237.1622884396,6941.38278712172,FALSE,FALSE,FALSE
"A0191976",107.002928938929,21.0640421034864,"Maus et al. (2022);Tang & Werner 2023",5.71304185404359,"Vietnam",373.327892564764,432.072814196192,5674.58841675407,38115.3948419071,2049.53738211459,3595.24823907318,2.96600008010864,3.58200001716614,23.1875,4.12405347824097,126.816314697266,15893.4329021658,14139.3189804307,60,21744.0802469982,2332.55505154372,FALSE,FALSE,FALSE
"A0191977",106.934338705914,21.0707120255343,"Maus et al. (2022);Tang & Werner 2023",16.7615487297131,"Vietnam",6010.86541103639,0,7940.8493262667,33945.8337733517,1477.02658984106,5950.34598430074,2.90000009536743,3.54100000858307,22.96875,4.48197484016418,223.734832763672,22681.4555834342,20793.5456807272,100,15526.8113149697,7218.64509083487,FALSE,FALSE,FALSE
"A0191978",107.110808276851,20.9965702074202,"Maus et al. (2022);Tang & Werner 2023",10.2407284533544,"Vietnam",5341.93817369031,2341.31997480152,4574.46980384094,42934.1011569982,2094.61168697948,1013.85199716139,3.02800011634827,3.69000005722046,23.4375,4.45679664611816,159.932998657227,3449.68997594101,1312.34154140317,16.5,16290.5502626847,4751.46601684174,FALSE,FALSE,FALSE
"A0191979",107.139898473221,20.9864543656717,"Maus et al. (2022);Tang & Werner 2023",2471.00352410729,"Vietnam",3799.48468000672,298.546161338076,3147.80209184798,42304.1130794745,459.554002423237,0,3.03324999660254,3.68349706987191,22.939453125,4.41363834578984,131.0264463727,0,0,133.833333333333,13723.2371647707,1142.78048025388,TRUE,TRUE,TRUE
"A0191980",107.220921363335,20.9785876880948,"Maus et al. (2022);Tang & Werner 2023",21.6697118083907,"Vietnam",8317.37333279104,4415.59688249112,10857.7223175184,52739.7809255785,5988.07267628002,4990.80223858527,3.03800010681152,3.66566665967306,23.3125,4.40530506769816,112.395334879557,3463.34553643438,7509.92814595337,0,21692.9554985884,215.844177838352,FALSE,FALSE,FALSE
"A0191981",107.17483194358,20.9840251777745,"Maus et al. (2022);Tang & Werner 2023",56.0400453395444,"Vietnam",6902.50837683247,3539.80461769482,6958.35239141404,47969.8442272989,3411.60118496835,1064.49756280481,3.0247500538826,3.65514281817845,22.828125,4.19573007689582,103.130622016059,878.902715906841,2411.09590371317,0,18530.7592136903,3730.87787070633,TRUE,FALSE,FALSE
"A0191982",107.206974287128,20.9804848971047,"Maus et al. (2022);Tang & Werner 2023",53.2166371309792,"Vietnam",7905.00033995863,4315.78872017771,9558.26561415571,51096.9015993677,4963.6827094375,3465.72540792132,3.01200008392334,3.66657144682748,23.25,4.34935576575143,115.753929138184,2034.68936602526,5870.88885936294,0,20709.0252842826,1339.0988781628,TRUE,FALSE,FALSE
"A0191989",107.227959558209,20.9899505919785,"Maus et al. (2022);Tang & Werner 2023",27.7686837792813,"Vietnam",7585.27892656375,3538.0138621997,10728.0003510058,53517.5325014368,5248.47445837744,5915.38458192145,3.02366669972738,3.68619999885559,23.2708333333333,4.16397221883138,88.2584406534831,3620.81124074283,7897.6479047627,0,23013.0187171464,0,FALSE,FALSE,FALSE
"A0191990",107.195467446606,20.9992201036899,"Maus et al. (2022);Tang & Werner 2023",12.4716224798853,"Vietnam",5870.5911877037,3381.96642618805,7529.56713466857,50952.8376797486,2778.5797063414,4230.04294873288,2.99500000476837,3.64049994945526,22.96875,3.27247476577759,42.1488380432129,603.76662853654,4887.96963654961,0,21697.5138765336,2927.86135939283,FALSE,FALSE,FALSE
"A0191991",106.898995922074,21.0746853227656,"Maus et al. (2022);Tang & Werner 2023",42.7554466651143,"Vietnam",8727.72554783426,0,9491.14904278769,32097.0042045839,349.278093305747,7311.10731449529,2.89466667175293,3.53650001684825,23.1354166666667,3.92372461727687,117.970530918666,26106.9148430351,24193.2008652858,54.5,12038.608733997,10399.7913494572,TRUE,FALSE,FALSE
"A0191992",106.880696387406,21.0748192296216,"Maus et al. (2022);Tang & Werner 2023",28.9445595706119,"Vietnam",8021.53187926444,0,8591.86494891047,31294.8444919896,1211.42746080126,6877.75711430909,2.88824999332428,3.53466669718424,23.109375,3.4506824016571,71.6590835571289,28111.8305572833,26178.1437351769,61.25,10891.2749944402,10891.2749871759,FALSE,FALSE,FALSE
"A0191993",107.192674364867,21.0019116133242,"Maus et al. (2022);Tang & Werner 2023",12.0593198596966,"Vietnam",5487.66796206933,3330.73728980521,7147.49121572643,50807.0343223412,2406.50389184285,4237.0911295845,2.98125004768372,3.64000010490417,22.890625,3.85600614547729,89.6774978637695,656.752448037041,4698.3841883295,144,21719.7430811761,3371.60562125297,FALSE,FALSE,FALSE
"A0191994",106.917755016389,21.0684968510648,"Maus et al. (2022);Tang & Werner 2023",175.428596728594,"Vietnam",6059.29522277111,0,7893.25679200288,32110.4346896158,0,5993.71922256122,2.89100003242493,3.54272729700262,23.0625,3.76705451806386,115.731940905253,22943.6524942324,21029.4579971937,53,13588.6750779619,7815.59549752564,TRUE,FALSE,FALSE
"A0191997",107.283428504469,21.0390196142118,"Maus et al. (2022);Tang & Werner 2023;OpenStreetMap",7075.94727271384,"Vietnam",170.075294079985,0,6440.14005063636,52404.1724296111,0,5956.49960246813,2.98853932337814,3.6323914386932,22.8469101123596,4.4222470551121,132.080258599106,0,0,74.25,24033.7830865495,2475.70046064282,TRUE,TRUE,TRUE
"A0191998",107.112715771772,21.0617947325649,"Maus et al. (2022);Tang & Werner 2023",17.6958140011724,"Vietnam",1056.62923556425,1224.44343703496,2586.8042376966,46712.7651654464,5342.22133942918,6651.56674532004,2.91700005531311,3.52333331108093,23,3.20907771587372,72.63649559021,6704.88670713652,6389.2113475914,118.5,23133.8780420037,2165.79219579076,FALSE,FALSE,FALSE
"A0191999",107.113587027606,21.0682886368399,"Maus et al. (2022);Tang & Werner 2023",8.59333508318922,"Vietnam",1750.24410041149,1909.28287216919,3166.85120922977,47244.8287191549,5691.81409825704,7271.88292925255,2.91200006008148,3.54949998855591,23.0625,3.11942458152771,61.2345409393311,7288.77401102266,7060.61914760452,124.666666666667,23844.3497742358,1698.46009619295,FALSE,FALSE,FALSE
"A0192011",106.83075235816,21.1608273335465,"Maus et al. (2022);Tang & Werner 2023",19.2251272160873,"Vietnam",14410.2041388554,708.719378713832,4609.04843536993,38509.5527959791,7742.80769561314,12163.1945739106,2.76500010490417,3.35866665840149,21.4375,3.75749580065409,57.9626859029134,36374.7408537364,34694.2015249613,417.666666666667,1561.07800280061,1561.0779758585,FALSE,FALSE,FALSE
"A0192012",106.843348762859,21.1507282370781,"Maus et al. (2022);Tang & Werner 2023",120.333547708655,"Vietnam",12188.4306045379,523.418794876146,4072.70691834549,35997.0459663278,8737.44721065961,9852.58471801548,2.8300999879837,3.41381250321865,21.56875,4.31715624034405,130.883995294571,34348.4768811084,32579.8937695621,296,2748.49146009834,2748.49143355899,FALSE,FALSE,FALSE
"A0192013",106.789900692395,21.1754132205848,"Maus et al. (2022);Tang & Werner 2023",212.531624170716,"Vietnam",14884.1524323943,0,0,38882.8684946866,2379.8333333235,12884.3303898717,2.72124993801117,3.35077420357735,22.296875,2.84902671972911,29.1741048494975,40001.5561237148,38305.9204211169,257.5,0,0,FALSE,FALSE,FALSE
"A0192014",106.841824619888,21.1661787472629,"Maus et al. (2022);Tang & Werner 2023",37.7784794625576,"Vietnam",15250.3772552703,0.898859000052685,5748.11714912237,39244.7784895155,8432.3487266326,12944.1540079106,2.79075002670288,3.41059999465942,22.1875,2.99325176080068,33.5151449839274,35551.9965071861,33925.2604692807,313,2849.49804806877,2849.49801638506,FALSE,FALSE,FALSE
"A0192015",107.363225239581,21.0588524543423,"Maus et al. (2022);Tang & Werner 2023",194.53005009101,"Vietnam",4137.38284029211,4238.60102530506,23242.1780843696,69148.3048225209,4336.25357489165,21662.3184456456,3.03550004959106,3.69218516349792,23.1875,4.34128309249878,113.150885620117,6612.08833397098,3599.31333792118,0,37217.1381412483,10333.3003960577,FALSE,FALSE,FALSE
"A0192087",107.028876226861,21.0598310374746,"Maus et al. (2022);Tang & Werner 2023",9.12835619143169,"Vietnam",0,115.282895993966,4708.36595991156,39802.1273865593,1636.82650990567,3999.10466639192,2.98400008678436,3.62700009346008,23.03125,3.38225424289703,58.3518390655518,13141.9062792161,11479.7732358382,104,21813.6063700054,2806.1579204015,FALSE,FALSE,FALSE
"A0192088",107.100818411339,21.0524502910226,"Maus et al. (2022);Tang & Werner 2023",95.8781769491268,"Vietnam",0,0,2428.6472889652,44724.9127978119,5537.50535158719,5922.09645274927,2.97350001335144,3.59799999457139,23,3.71128896304539,94.0140795026507,6166.07953949335,5304.6540726091,95,21358.9677845265,3367.7931318135,TRUE,FALSE,FALSE
"A0192089",107.050894879365,21.0587225628989,"Maus et al. (2022);Tang & Werner 2023",55.7348628006966,"Vietnam",171.586812666518,326.659658844272,4008.13408446918,40788.5048486923,2685.23799419028,4397.91322262451,2.96416664123535,3.56909999847412,23.1041666666667,4.48360204696655,217.044756208147,10799.3140949409,9288.97448852962,78.5,21526.8035568076,3377.28272383754,TRUE,FALSE,FALSE
"A0192091",106.755803198809,21.1305433721197,"Maus et al. (2022);Tang & Werner 2023;OpenStreetMap",34.4731296003694,"Vietnam",10232.2294231624,2511.38088496065,4259.34959189691,33686.1252234193,7026.39455683003,8081.58727196421,2.79800009727478,3.39716668923696,22.75,3.2101157506307,60.3535003662109,42212.6311712389,40339.2460186855,215,2044.8360355726,2044.83605609992,FALSE,FALSE,FALSE
"A0192093",106.750631492336,21.1404666560985,"Maus et al. (2022);Tang & Werner 2023",154.807300758809,"Vietnam",10991.818474905,3264.70060307919,4365.40694572267,34427.4377730624,5734.42317306541,8836.66343879441,2.81499993801117,3.40257145109631,22.21875,4.60798387942107,138.679890176524,42383.1627969743,40532.1290949904,291.666666666667,758.910227023854,758.910246730568,FALSE,FALSE,FALSE
"A0192094",107.152844744505,21.0231283102642,"Maus et al. (2022);Tang & Werner 2023",263.893943520902,"Vietnam",1568.36658309828,0,1830.79916145615,46570.9733120997,0,1198.16656255738,2.94150000810623,3.6038918752928,23.40625,3.522113480066,73.8360734236868,857.888262693012,2021.85285181813,33.3333333333333,19777.6034420828,4740.61495614318,TRUE,FALSE,FALSE
"A0192095",107.175364287161,21.0204609523865,"Maus et al. (2022);Tang & Werner 2023",165.277284175957,"Vietnam",2559.35352401147,344.926590485702,3906.16539891018,49611.2469545517,0,3249.4690962335,2.93050003051758,3.56300000710921,23,3.40927721106488,68.7564305015232,2022.00159532781,3666.19566022482,73,21236.7745164162,5151.90551504634,TRUE,FALSE,FALSE
"A0192096",106.782562107948,21.1333960462884,"Maus et al. (2022);Tang & Werner 2023",648.883509518225,"Vietnam",8976.98530978951,2266.52014566769,0,33131.0934445811,5448.82267802203,6845.83723601133,2.81237497925758,3.39640448334512,22.0234375,4.06526561578115,91.3712796105279,37163.675317596,35287.7721487355,278.5,326.932231790354,326.932254947555,FALSE,FALSE,FALSE
"A0192097",107.083630023438,21.0605122343141,"Maus et al. (2022);Tang & Werner 2023",60.0396765944713,"Vietnam",466.415781308241,615.003270990037,4575.43220276376,43769.5725811749,6435.73174003506,7063.60260675831,2.96199989318848,3.54133330451118,22.375,4.434586736891,208.517669253879,8322.94082965298,7273.5731755027,99,21859.8160386951,3527.29359768271,TRUE,FALSE,FALSE
"A0192098",107.128486717457,21.0526764084904,"Maus et al. (2022);Tang & Werner 2023",67.8786616583336,"Vietnam",0,3.87134824462336,1037.44464747017,46660.0070161349,2826.17260637679,5065.12608339641,2.96900010108948,3.59624999761581,22.75,4.1109482049942,136.270164489746,4889.90878787863,5192.34805736778,111,22221.1387005401,2386.731043253,TRUE,FALSE,FALSE
"A0192099",106.830516198149,21.1289190938705,"Maus et al. (2022);Tang & Werner 2023;OpenStreetMap",388.612711510227,"Vietnam",9085.34823881096,1832.56133795715,1814.45847275472,32992.2825882204,7874.69024625469,6750.12814895831,2.83299998442332,3.42405769458184,22.03125,4.12942123413086,108.287450013337,34028.0479359138,32212.1595101355,300,2378.71232204283,2378.7123023518,FALSE,TRUE,FALSE
"A0192100",107.180871152183,21.0387569894853,"Maus et al. (2022);Tang & Werner 2023",625.567573533854,"Vietnam",388.91555404034,0,1862.3859694744,48846.5489352426,0,3441.47982846906,2.93611110581292,3.57484090870077,23.2013888888889,3.74545471842696,98.1641780574147,3123.0838245286,4466.38302158579,57.25,22183.4643062072,3265.26314588983,TRUE,FALSE,FALSE
"A0192101",107.145523283909,21.0512717613657,"Maus et al. (2022);Tang & Werner 2023",34.737484798525,"Vietnam",0.65057390651002,0,1360.25433716826,48788.1296992354,1788.93604653648,4680.67045802046,2.93600010871887,3.54366668065389,23.1875,3.48926198482513,97.8820247650146,4418.11545373643,5289.10115044356,85,23079.0908596505,2030.47169904052,FALSE,FALSE,FALSE
"A0014031",123.425293021265,9.97394595545362,"Maus et al. (2022)",0.941329156280283,"Philippines",2794.48762807658,809.467902519609,6954.82267416268,4040.0113095291,4956.00259725828,39793.9221300052,3.7739999294281,4.72049999237061,26.125,4.46892094612122,106.339168548584,51270.1828805533,49627.4224129238,114,9003.55639154268,2251.34824028769,FALSE,FALSE,FALSE
"A0014032",123.423915666283,9.97541509159142,"Maus et al. (2022)",2.02568607816904,"Philippines",2610.29226359511,575.061162425511,6785.18657961588,3817.70845550128,5161.68127864679,39808.5741910613,3.78399991989136,4.72300004959106,26.3125,4.58641731739044,115.827417373657,51223.1023086208,49572.8954181132,95.5,9196.83351383527,2047.68829478987,FALSE,FALSE,FALSE
"A0014033",123.480106696009,9.91980463100874,"Maus et al. (2022)",0.0813018272668117,"Philippines",5647.30954236022,221.0520642195,12258.0885008606,11861.2711343064,3569.23741399645,39259.7573963093,3.60199999809265,4.42599987983704,22,5.77504825592041,221.301574707031,52502.307149611,51122.8572876257,687,1736.1690589659,8472.62073814792,FALSE,FALSE,FALSE
"A0014034",123.481188392495,9.91996876776608,"Maus et al. (2022)",0.384401301299886,"Philippines",5592.92401371795,309.351440863514,12167.983325119,11887.2035492743,3593.48805908962,39128.9193161862,3.60199999809265,4.4284999370575,22,5.69858479499817,211.940620422363,52391.0423880823,51015.6049184754,687,1593.34520053391,8561.87677580864,FALSE,FALSE,FALSE
"A0043795",124.013111638453,10.5479441352454,"Tang & Werner 2023",2.77363857131588,"Philippines",16343.9773819605,349.733690314649,20602.6473926918,25363.9594515138,5257.30245901076,15691.9890825523,4.19199991226196,5.21999994913737,27,3.52637100219727,83.5216445922852,31666.7105420931,36981.7016132869,0,3410.33077172337,6702.61823135831,FALSE,FALSE,FALSE
"A0043796",124.011682665154,10.550389989866,"Tang & Werner 2023",2.42062448873193,"Philippines",16618.7599632299,173.371363118848,20832.5379706628,25641.6181589181,4956.72361932033,15976.4474885487,4.1875,5.20800018310547,26.96875,3.43236821889877,76.9098567962646,31670.2247304517,37010.6983233982,0,3226.18269116705,6804.17450829589,FALSE,FALSE,FALSE
"A0074069",123.676101228411,10.2638702256317,"OpenStreetMap",4.58195658457854,"Philippines",16060.7338502094,1274.44455621157,4980.74476694666,31662.0713386762,2678.69334103866,9786.85269641801,3.58999991416931,4.43400001525879,25.125,4.27126010258992,96.2849909464518,8799.84067637442,7100.86340183212,301.5,12118.5151171884,9903.15861381306,FALSE,FALSE,FALSE
"A0081293",123.987513233018,10.525047474005,"OpenStreetMap",0.350502977572588,"Philippines",13703.8645327254,3310.67052972292,17484.9242123986,22693.0614156132,8209.93747795951,13186.1792976755,4.10049986839294,5.10749995708466,26.53125,2.6809344291687,33.7807350158691,28017.0913528106,33308.6054074546,122,2435.95416207295,3068.580487546,FALSE,FALSE,FALSE
"A0190850",122.990852708006,7.67623899830125,"Maus et al. (2022);Tang & Werner 2023",6.40913519140286,"Philippines",43170.123855409,631.828583205136,36414.5986324948,3722.36006563631,2819.07729254741,49562.5902674882,3.99799998601278,4.97399997711182,25.7291666666667,1.96251666545868,17.9410495758057,79921.0882504998,77551.8406105909,138.5,16870.833724526,5592.3093760268,FALSE,FALSE,FALSE
"A0191126",124.017324292851,10.5585522765259,"Maus et al. (2022);Tang & Werner 2023",40.0462682527094,"Philippines",17330.8754211861,558.314270054809,21621.5183135861,26349.3858975985,3641.73748022314,16672.0376278549,4.18424999713898,5.21780004501343,27.015625,3.45815949440002,81.8440383911133,32471.7315120832,37842.1345536391,0,3587.2184745826,7677.27921903625,FALSE,FALSE,FALSE
"A0191233",121.379542919069,12.1087176596734,"Maus et al. (2022);Tang & Werner 2023;OpenStreetMap",2423.15593563144,"Philippines",18936.2838825915,19193.7945274826,30613.2335673823,94421.0600963224,59465.6377726471,140662.585175602,4.44174191259569,5.45614687353373,26.7681451612903,8.27608202420748,742.193901554988,103.851998373102,0,0,45955.6837722412,22983.7604782132,FALSE,FALSE,TRUE
"A0205917",123.502480626645,9.73410585901477,"Maus et al. (2022);OpenStreetMap",69.5262447173523,"Philippines",25935.5681967962,5663.47486381091,13088.914136522,10333.8333536274,12661.8772217723,47298.3456542401,3.97639994621277,4.9454444249471,26.4375,4.19464987516403,103.790243148804,69358.5389350977,68338.0328356938,161.25,2331.26055370719,16274.2199494085,FALSE,FALSE,FALSE
"A0000216",115.158724999912,-3.87449924360561,"Maus et al. (2022)",8.95600218532586,"Indonesia",43902.8824528164,729.58184409634,43595.5934605928,62935.481340274,7767.86189808615,24593.6005574623,3.65324997901917,4.56799983978271,26,3.10253190994263,35.9466018676758,23775.3671460793,23048.1089663708,35.5,114131.930983188,9750.79311289114,FALSE,FALSE,FALSE
"A0000218",115.283600843599,-3.76668776375809,"Maus et al. (2022)",5.84804188402485,"Indonesia",39365.5668476323,8547.33658077601,26663.4571702681,65744.6270638992,6466.34919041048,9840.92685542045,3.58300006389618,4.49200010299683,26.140625,2.49334239959717,22.1991672515869,6313.7929492503,4880.27670950222,25,119863.14084396,13752.1554372818,FALSE,FALSE,FALSE
"A0000224",104.117828512028,-3.40155743549796,"Maus et al. (2022)",62.1941954073023,"Indonesia",9227.9053699466,0,13996.0164270516,28902.8601007014,19641.530894261,10866.7312016065,3.73699998855591,4.69237488508224,26.4375,2.98887741565704,33.5360951423645,55508.0932696092,52644.7404002265,35,52601.2946592212,68023.7677099611,FALSE,FALSE,FALSE
"A0000226",115.45828990355,-2.14570774054571,"Maus et al. (2022)",91.2714166393464,"Indonesia",6115.51144695296,0,1959.11393571069,6823.32907758361,3140.57712007255,3387.6497959443,3.68700003623962,4.62574998537699,25.75,1.67867205359719,10.8024222634055,13182.0737206164,8156.48613094741,38,12627.8632677165,64825.6958388745,TRUE,FALSE,FALSE
"A0000227",116.945818863037,-1.09614158984168,"Maus et al. (2022)",10.0812826694124,"Indonesia",523.063302438405,2870.32319318925,9177.24451868561,25496.078231162,7714.43236629808,11554.8044561171,3.45000004768372,4.3270001411438,26.375,2.79476618766785,23.3160629272461,143179.89772271,145911.502376989,38,0,7865.17311752388,FALSE,FALSE,FALSE
"A0000232",116.02821716761,-0.577335567720604,"Maus et al. (2022)",54.3261970070742,"Indonesia",44302.9249685481,46643.9138168512,46662.8652049242,50222.073472109,13962.0008691388,104310.230826697,3.63199996948242,4.57242856706892,26.125,2.31263886179243,19.8545962742397,97680.5935671968,88889.3054058057,29.3333333333333,29952.4387765691,35529.8653342378,FALSE,FALSE,FALSE
"A0000233",116.83800764846,-0.544243905295981,"Maus et al. (2022)",33.6233355109378,"Indonesia",20417.0725390892,10330.1488954085,17913.5283419523,41456.5077195362,8841.78669327683,18160.367507165,3.51300001144409,4.41875016689301,25.75,2.58636194467545,25.3918490409851,146800.675105513,143873.435938552,55,14139.3652424632,21602.6202180323,FALSE,FALSE,FALSE
"A0000234",115.950476265362,-0.546566849047716,"Maus et al. (2022)",18.0758574418049,"Indonesia",36411.427048481,39158.3568793951,39401.4469425276,42827.5387995627,18716.1996918406,112707.757219376,3.66449999809265,4.61366653442383,26.09375,2.45835995674133,23.4001445770264,89081.5091138936,80510.8073972669,39,36140.769842323,27141.1079503906,FALSE,FALSE,FALSE
"A0000235",115.963458482444,-0.53280853878165,"Maus et al. (2022)",12.7903677691315,"Indonesia",36161.5282273542,38766.8396643313,38879.7819495553,42367.6525205613,18441.8576524776,111118.82905632,3.65899991989136,4.60400009155273,26.03125,2.58604025840759,27.3673896789551,89276.0580400152,80542.4374102864,58,37086.180655053,27159.8450617454,FALSE,FALSE,FALSE
"A0000236",116.836846199319,-0.517779893850559,"Maus et al. (2022)",149.744721826502,"Indonesia",18884.1829296881,7080.77495315186,16331.6146014628,38699.8698939191,5885.77246398635,16095.7629616695,3.51200008392334,4.41649992465973,25.78125,2.65174223127819,27.1789071219308,143946.688342774,141059.907041999,54.5,16338.6405443482,22978.8614619409,FALSE,FALSE,FALSE
"A0000237",116.828460199488,-0.509211159879971,"Maus et al. (2022)",43.7804382463646,"Indonesia",19715.5818022086,6413.47595771663,17196.1714553274,37638.3879546361,6044.40543905877,16606.7792239314,3.51633334159851,4.4225998878479,25.7708333333333,2.61700840791067,25.8781601587931,143911.308077309,141051.092405373,51.3333333333333,18030.9604194925,24627.1312520187,FALSE,FALSE,FALSE
"A0000238",116.814027139536,-0.501352139706015,"Maus et al. (2022)",29.2776612715245,"Indonesia",21009.2071491293,5941.14920010633,18525.0345273199,36109.3392675215,6898.04249756644,17678.010452417,3.52099998792013,4.42750000953674,25.7083333333333,2.72690117359161,29.8353743553162,144161.589500612,141339.281767713,62,19632.1929934207,26486.1541869703,FALSE,FALSE,FALSE
"A0000239",116.807843268052,-0.481756245433315,"Maus et al. (2022)",23.2936131669846,"Indonesia",21153.120315118,3874.83894087988,18755.5975022523,34101.9968906106,6726.37434793691,17489.3968365615,3.52474999427795,4.43250012397766,25.671875,2.67510096232096,27.5748519897461,142696.11071603,139916.372893223,74.5,21914.5260956601,28511.0544376767,FALSE,FALSE,FALSE
"A0000240",116.834657851684,-0.478016921259738,"Maus et al. (2022)",11.3377155438528,"Indonesia",18145.0539720389,3050.08931916311,15735.4012919464,35850.4700668672,3748.95946095979,14568.9901496108,3.52199995517731,4.43233346939087,25.78125,2.73529696464539,30.1171836853027,140904.51870296,138067.271661101,57,21034.9061577847,26517.2076220567,FALSE,FALSE,FALSE
"A0000241",116.829288034201,-0.47739010986444,"Maus et al. (2022)",6.75070107375897,"Indonesia",18848.5249326987,3105.3475860537,16455.9308203571,35510.3403107773,4421.86244226374,15205.0093045203,3.52300000190735,4.43233346939087,25.75,2.78536113103231,31.4698181152344,141144.52218616,138323.879360121,60,21351.944044159,27122.5083331641,FALSE,FALSE,FALSE
"A0000242",116.847980761114,-0.475093788115715,"Maus et al. (2022)",24.9133098988651,"Indonesia",16627.4652540641,2627.65765007178,14232.5422338358,36650.9325259749,2215.86210022926,13036.830653084,3.52166668574015,4.43275010585785,25.75,2.96060466766357,38.894021987915,139698.904396081,136840.755541837,50.5,20639.7095688628,25694.8633294415,FALSE,FALSE,FALSE
"A0000243",116.838707951738,-0.467060831104131,"Maus et al. (2022)",21.327796608855,"Indonesia",17427.5958125676,1855.53282165328,15142.0238398194,35260.0996309444,3094.7375889388,13695.5819170329,3.52200001478195,4.42999994754791,25.78125,2.75578141212463,31.2822621663411,139512.792183226,136684.053882637,52.5,21927.0451638921,27094.8989248878,FALSE,FALSE,FALSE
"A0000244",117.072949363518,-0.462981471026535,"Maus et al. (2022)",8.74131019332059,"Indonesia",2944.26973148156,3297.64103199455,6023.44870977771,20353.6690511286,4558.55581489815,3371.53523005995,3.46099996566772,4.35599994659424,26,2.79946875572205,26.8511295318604,126970.703629763,123652.48489239,21,23570.1542383527,21273.9443681653,FALSE,FALSE,FALSE
"A0000245",117.013146792937,-0.999086140073749,"Maus et al. (2022)",16.992216213871,"Indonesia",11.3013608747089,1857.43143762255,13318.5819475383,14585.4818739818,5975.76790068546,22072.3133238119,3.44799995422363,4.32600021362305,26.5,2.99043130874634,28.6747140884399,155239.947281537,158122.554622083,18.5,465.295835292782,0,FALSE,FALSE,FALSE
"A0000246",117.101729392272,-0.371370607825066,"Maus et al. (2022)",18.5090444932475,"Indonesia",875.714379750292,3450.66780931651,7891.67148487272,15030.2374614408,4196.84095060274,7684.48801917015,3.48549997806549,4.38800001144409,26.03125,2.81887805461884,28.4377765655518,116276.9842059,112980.990292349,7.5,24999.1218994874,31835.0867028836,FALSE,FALSE,FALSE
"A0000247",117.052243136491,-0.349988756154284,"Maus et al. (2022)",17.5941424507514,"Indonesia",6044.75736506612,2101.64536032732,13842.0788073554,20802.6095840498,346.131753430931,7558.78096699559,3.53149998188019,4.44799995422363,25.8125,3.18910348415375,42.9253978729248,116433.290232099,113280.814994397,39,30479.6046014074,32873.0028534374,FALSE,FALSE,FALSE
"A0000248",117.050752365824,-0.343981110709332,"Maus et al. (2022)",23.0405517543501,"Indonesia",6017.57152476954,2629.67963364919,14290.1941868929,21027.8797144887,466.446053251766,7630.84707511617,3.53766663869222,4.4539999961853,25.7916666666667,2.96243381500244,34.9338989257812,115816.111583111,112671.952756496,38.75,30546.2128810672,33391.948505401,FALSE,FALSE,FALSE
"A0000249",117.044488531373,-0.341970379530123,"Maus et al. (2022)",4.99510864105345,"Indonesia",6867.79684582544,3447.37755192926,14473.3674079144,21916.5253226735,1263.88293106391,7412.85348710926,3.54100000858307,4.45674991607666,25.78125,2.92215792338053,33.2037232716878,116152.501708882,113030.146865303,43,31438.5815065363,33775.4123225849,FALSE,FALSE,FALSE
"A0000250",116.917479931984,-0.368216875901973,"Maus et al. (2022)",7.87592867489729,"Indonesia",9549.03651031455,4916.96636057176,11673.7880036838,35599.5901180107,513.157929947739,6979.07486381797,3.51949989795685,4.43400001525879,25.96875,2.77870869636536,31.531982421875,125627.80509428,122770.828265727,28,29793.3930911395,32193.0230035004,FALSE,FALSE,FALSE
"A0000251",116.93932889839,-0.36796752510421,"Maus et al. (2022)",5.76166857127435,"Indonesia",7642.42204619494,3105.86773685595,10516.207408344,33201.2395969815,907.67251622646,5203.66354576142,3.51200008392334,4.42199993133545,26,2.75185400247574,30.0466337203979,124358.374054579,121451.025914537,17.3333333333333,30808.0001056363,31544.8754984225,FALSE,FALSE,FALSE
"A0000252",116.923615996999,-0.36802594719216,"Maus et al. (2022)",5.38456355329606,"Indonesia",8971.57968199423,4378.71020436508,11296.465344348,34945.9072357992,270.892787470308,6517.61283394705,3.51899993419647,4.42999982833862,26,2.77645301818848,31.3723850250244,125252.014528228,122381.7143606,21,30193.4470499199,31991.8906013213,FALSE,FALSE,FALSE
"A0000253",116.942420077921,-0.35933880520207,"Maus et al. (2022)",9.00107031896444,"Indonesia",8008.00841555648,3472.64190337619,11314.9495988744,32636.6266849334,1472.51849277125,5107.09621620666,3.50999999046326,4.4210000038147,26.03125,2.74839576085409,30.3791344960531,123279.18213116,120373.224634929,11,30748.2690646341,32461.3254770618,FALSE,FALSE,FALSE
"A0000254",117.096475882089,-0.351050782785517,"Maus et al. (2022)",75.0625632342645,"Indonesia",833.509948661566,2718.24781775352,9126.13996374388,15539.5683275385,1582.75105070912,9331.41146543242,3.5024999777476,4.41283329327901,26.03125,2.87105673551559,30.7079240481059,114154.649113743,110890.327725095,11,25199.9026341893,33591.6207272779,TRUE,FALSE,FALSE
"A0000255",117.224137446065,-0.40560145367339,"Maus et al. (2022)",15.7332419574952,"Indonesia",8007.49629505656,3250.98575386802,6178.37640710385,2684.90001860369,2926.65932134975,5619.66060031016,3.46449995040894,4.36099982261658,26.03125,3.06883180141449,34.3980922698975,115169.479349518,111577.003518912,20.5,11941.0410687983,35495.1578115267,FALSE,FALSE,FALSE
"A0000256",117.050013165671,-0.406092058308101,"Maus et al. (2022)",11.8323863281764,"Indonesia",1502.1095608569,1782.94443682132,9462.00729075551,21021.0921335044,2582.46712409252,6412.48981780188,3.49874997138977,4.40174996852875,25.796875,3.05641806125641,36.3044776916504,122182.854753933,118973.84981252,47.5,28339.7243223383,26631.4908037624,FALSE,FALSE,FALSE
"A0000257",117.011558473138,-0.397091459388759,"Maus et al. (2022)",21.3774490419032,"Indonesia",2782.46210005166,2034.97327948868,7176.06456576075,25091.8656117905,1444.83626830388,2118.33634308739,3.51600003242493,4.41700005531311,25.5625,3.08068877458572,39.4216537475586,123103.72660717,119989.647977985,54.5,28363.3710173303,27270.818557416,FALSE,FALSE,FALSE
"A0000258",116.88079455181,-0.394519691001608,"Maus et al. (2022)",61.0351705382766,"Indonesia",11908.4900346866,5292.99633433362,12622.909561514,34591.3265852117,1603.85876687003,8779.6556050158,3.52099990844727,4.43600004911423,25.9375,2.73160639405251,29.6870200634003,129487.674110635,126672.381617768,41,27727.423393051,30566.2307539629,FALSE,FALSE,FALSE
"A0000259",117.109668228483,-0.370001183775855,"Maus et al. (2022)",43.6699753250295,"Indonesia",32.6002302411934,3714.23520343259,6939.81692373974,14098.7811180876,4490.35025171499,6958.03568446441,3.46450001001358,4.36360006332397,26,2.90544005235036,30.9619019826253,115470.328506244,112166.403049744,13.5,24137.2043183394,32073.0232081925,TRUE,FALSE,FALSE
"A0000260",116.988497752464,-0.317208665744645,"Maus et al. (2022)",34.1003542748023,"Indonesia",10535.7101830949,5872.88442057836,15029.2149813538,28272.4482544156,391.54613679519,6827.22213484615,3.5343333085378,4.44633324940999,25.875,2.72211539745331,27.746750831604,116465.898197817,113516.242960498,32,31305.4146922356,34669.1388436183,FALSE,FALSE,FALSE
"A0000261",115.51889098747,-0.0415378420539746,"Maus et al. (2022)",340.06282945151,"Indonesia",12776.3742943868,28326.4449652532,34716.4483407007,30573.6196685421,7664.75099975383,119970.18682846,3.67000002861023,4.62599999109904,26.1125,1.61523855003444,9.9482965035872,18680.1516684509,7428.61832765965,56.6666666666667,47939.4099282688,34378.6658594729,FALSE,FALSE,FALSE
"A0000266",117.084812050414,-0.337880506449702,"Maus et al. (2022)",23.838053270667,"Indonesia",2265.44907347033,3414.41604170464,11445.2187743144,17463.3686443434,109.257777703489,11432.8206444869,3.53099989891052,4.45833333333333,26.0625,2.77917152643204,28.2304158210754,113660.634763116,110445.642138724,9,26779.9212108844,34862.7696616523,FALSE,FALSE,FALSE
"A0000267",117.051603569516,-0.333482266727607,"Maus et al. (2022)",57.5118021927914,"Indonesia",5467.10879230935,3475.31509588177,14689.5027596468,21104.7382910424,422.828152340105,8043.14670837106,3.54500007629395,4.46087503433228,25.9375,2.96972976412092,34.9030998774937,114266.05456527,111137.398808652,34.5,30366.1194047592,34244.0657223342,FALSE,FALSE,FALSE
"A0000268",115.388422605689,0.490214949400702,"Maus et al. (2022)",13.6188340823905,"Indonesia",68667.933215364,90079.0228441894,91100.5256634887,25467.3751454634,383.203127693576,167355.484513805,3.80550003051758,4.79733339945475,25.59375,1.41147774457932,5.62243700027466,56977.9463835952,57507.4069585328,70,4986.1977359425,36161.9554860181,FALSE,FALSE,FALSE
"A0000269",115.189334603528,0.519515538341471,"Maus et al. (2022)",300.787559673084,"Indonesia",81775.9288756715,99779.3016396236,105039.151586247,45436.1876623535,390.14144342811,162862.525516581,3.77250003814697,4.74715386904203,25.1875,1.17807872875317,4.24104600017135,60875.6165567904,65406.9430050554,156,7816.05101871133,13339.8831133827,FALSE,FALSE,FALSE
"A0000270",115.391513609608,0.497589855388052,"Maus et al. (2022)",78.2015646901578,"Indonesia",69034.8342515211,90569.6542691298,91380.0664444754,24267.6890031521,718.939441736883,167868.070923164,3.79999995231628,4.78018184141679,25.625,1.34901328881582,4.79612326622009,57503.4527137195,58021.167941756,68,4166.72742143267,36020.963579584,FALSE,FALSE,FALSE
"A0000271",115.350594322259,0.459449038835445,"Maus et al. (2022)",20.7961686686896,"Indonesia",67391.9987099583,87908.6653041797,90209.8834922707,30656.1275466993,1264.1822842802,162745.525397795,3.80850005149841,4.76099991798401,25.375,1.3037223815918,4.37717127799988,53309.5915844329,54673.973591821,111.75,9188.58127658883,32633.4069419457,FALSE,FALSE,FALSE
"A0000272",115.363078985787,0.457705172628152,"Maus et al. (2022)",56.0829024966242,"Indonesia",66424.6240795501,87075.6721586976,89203.96145753,29206.564466911,339.289666989276,162635.941173793,3.82500004768372,4.82700006167094,25.6875,1.57706154717339,7.76907126108805,52798.2819904636,53956.785361109,48,7682.31375592779,33870.4992116367,FALSE,FALSE,FALSE
"A0000274",117.679239070177,0.77810241533638,"Maus et al. (2022)",120.646311851009,"Indonesia",128160.050712228,2455.63409238676,13149.0649594078,23493.9295290204,2250.18646906791,29992.6741977261,3.59200000762939,4.51738884713915,25.8125,2.5048794065203,19.8940530504499,6415.65500541477,3030.20710337598,54,34606.0216043442,32694.7261353097,FALSE,FALSE,FALSE
"A0000283",117.399066687409,2.14992196022087,"Maus et al. (2022)",29.7832832924898,"Indonesia",61523.7437331177,8829.42988095961,8713.81805289734,3022.59605626345,290.81998789179,4487.75886714747,3.66974997520447,4.628600025177,25.875,2.45499420166016,26.1340203285217,29078.810207474,17083.2432384935,18.25,24562.6525496728,42409.3083804556,FALSE,FALSE,FALSE
"A0000284",117.474467452815,2.13261063392948,"Maus et al. (2022)",49.6268496425063,"Indonesia",60030.7737645762,362.573807354337,255.476965419573,3721.60558324885,658.285106090748,72.1185266563076,3.67000007629395,4.62949991226196,25.875,2.25872261183602,19.3189441135951,28912.2566923978,18020.1623435415,19.25,20205.4459580135,33539.0581050072,TRUE,FALSE,FALSE
"A0000285",117.364611309923,2.07810395546307,"Maus et al. (2022)",18.8432332564487,"Indonesia",70340.5513874514,13056.1386790778,13163.0101183023,9125.2502527274,2249.9056846455,12230.8991445111,3.71100004514058,4.6784999370575,25.6666666666667,2.66986465454102,32.2507309913635,20925.4427826263,9206.62182106901,67,19830.5153858793,44075.0488245528,FALSE,FALSE,FALSE
"A0000293",115.334580044273,0.446053870512188,"Maus et al. (2022)",60.9049435254259,"Indonesia",66835.2419749639,86885.1654452423,89798.0504338605,32592.0090540465,418.014636280164,160599.594483338,3.80399990081787,4.79955556657579,25.6875,1.67261528968811,9.04408476087782,51565.7770725844,53366.1367587317,111.666666666667,10976.27471876,31114.2973783445,FALSE,FALSE,FALSE
"A0000310",117.846737491778,3.45746048587626,"Maus et al. (2022)",9.34894093811505,"Indonesia",86369.0851949854,80622.1486740939,85274.587484735,76907.4201524369,40256.834703524,77203.9817346828,3.87700009346008,4.86159992218018,26.9375,2.59196639060974,22.894980430603,182015.791150621,170366.497135954,0,50394.5747930262,111102.853821096,FALSE,FALSE,FALSE
"A0000311",117.852983997936,3.46244839948329,"Maus et al. (2022)",4.17769233622007,"Indonesia",87250.1761553891,81625.1995730426,86209.8394371598,76538.6834341161,40250.8978830028,76840.3539420539,3.89000010490417,4.87199997901917,26.75,2.47786235809326,20.1317367553711,182763.741435218,171125.586935979,0,50123.9754463213,111488.223969571,FALSE,FALSE,FALSE
"A0000312",117.183847698613,3.68253395161785,"Maus et al. (2022)",44.1482628600401,"Indonesia",71261.6241374122,29685.4302862935,32040.6526033579,62463.8313811221,10493.7272826568,70871.6840199387,3.75774997472763,4.72866670290629,26.296875,1.84097916739328,8.90623801095145,200540.26212627,188697.688401683,31.5,42259.0008115964,118003.729585095,FALSE,FALSE,FALSE
"A0000372",116.888010924484,-0.463978604129307,"Maus et al. (2022)",66.3078440917039,"Indonesia",11665.8572923029,45.764698898481,9297.04373818865,39147.3923889329,127.724754246026,8147.40325707597,3.49799990653992,4.40377781126234,25.9375,2.66498082876205,28.3983938694,136032.607701399,133101.625853607,30.5,20577.3101692824,23766.8670487992,TRUE,FALSE,FALSE
"A0000373",116.841781311752,-0.458466506935196,"Maus et al. (2022)",28.3938250200069,"Indonesia",16972.2310858076,685.273885559457,14787.2412608411,34854.7135510561,2620.24558679653,13232.4867176959,3.51933328310649,4.42866659164429,25.875,2.82133448123932,33.1079597473145,138405.338671166,135591.043241975,47.6666666666667,22432.5198250252,27311.3085950655,FALSE,FALSE,FALSE
"A0000374",117.023627453274,-0.435075360364035,"Maus et al. (2022)",14.7193352122377,"Indonesia",13.4267003453035,5374.46442248722,5273.17170841903,24375.7335265183,1721.65880058119,2508.13098957237,3.50333340962728,4.41049981117249,25.8541666666667,2.87756236394246,31.7081985473633,126307.19455307,123128.073930159,30.5,24488.3078061293,23118.9930597189,FALSE,FALSE,FALSE
"A0000375",116.533362999358,-0.429745188331773,"Maus et al. (2022)",81.5900527368496,"Indonesia",36843.8326967172,18290.0232012784,18195.2507473875,19902.6668663199,13625.3761809863,46851.1553210883,3.52599997520447,4.440363667228,26.1625,2.55711054801941,25.9673196792603,139596.951429619,128763.622772928,31,15809.5310908605,34579.0153098868,FALSE,FALSE,FALSE
"A0009759",101.937023391772,-1.4295729490892,"Maus et al. (2022)",122.917913633044,"Indonesia",64388.6245935658,3220.80021011766,16951.1676086699,27672.9384516971,4004.02571635177,17273.2964089662,3.65100002288818,4.56856253743172,25.5625,2.60986769199371,23.5165499448776,156742.353450623,158424.470687645,89,33896.3118932847,33240.449386454,FALSE,FALSE,FALSE
"A0009760",101.953592953918,-1.43353135629903,"Maus et al. (2022)",58.6826456708516,"Indonesia",65135.2691809022,3675.65228691368,15594.4153219845,26186.86715736,3706.48723514572,15805.1623126195,3.63800001144409,4.55857154301235,25.640625,2.61930146813393,22.9073996543884,158607.777373182,160308.752394159,75,35782.4678635305,35231.6359942018,FALSE,FALSE,FALSE
"A0009761",101.955500361372,-1.44641131304719,"Maus et al. (2022)",208.796819187066,"Indonesia",64916.9416840818,3356.78426991708,14966.5136160828,25103.9955170175,3148.9465565525,14736.3576025772,3.6340000629425,4.56003703011407,25.75,2.55359926531392,20.9872077203566,159352.018269314,161175.094560516,102.5,32705.135598014,32248.0946398562,FALSE,FALSE,FALSE
"A0009762",101.986680831867,-1.44085618589852,"Maus et al. (2022)",187.881157814431,"Indonesia",65217.3874273342,2486.19070160189,10422.8533491359,21786.6526291766,435.896064590436,11381.787881813,3.62466661135356,4.5428261342256,25.6041666666667,2.71079030491057,24.1821700504848,161681.892873256,163373.60405977,79,33008.729887037,35247.4483848202,FALSE,FALSE,FALSE
"A0009763",101.879146189014,-1.38990273069231,"Maus et al. (2022)",254.255416176485,"Indonesia",59342.3581944473,879.148414899677,22325.2123457408,33365.9957336785,1200.38467128499,22949.8872325815,3.64800000190735,4.56096772224672,25.4375,2.56666004273199,21.8087699644027,146615.988731588,148380.763838975,93,35042.636944943,34542.6791267355,FALSE,FALSE,FALSE
"A0009764",117.205479641317,-0.87328999229051,"Maus et al. (2022)",7.98408065585017,"Indonesia",10.0718513349526,817.985309462897,14632.5972092064,12735.4225859891,5284.65684276427,32271.9590933367,3.6029999256134,4.54300022125244,26.375,2.95994448661804,27.2019195556641,166296.652484051,162539.951388888,19,8669.70636282354,6858.9492548818,FALSE,FALSE,FALSE
"A0009765",117.222253376915,-0.837048992172321,"Maus et al. (2022)",4.61540199847915,"Indonesia",344.182327358771,1599.210452007,19014.3965441239,17123.5783218604,2290.76992014982,28509.7849401474,3.57500004768372,4.49650001525879,26.4375,2.99923264980316,28.5829839706421,161934.673453681,158165.890102497,12,4551.43165255884,6579.53233730623,FALSE,FALSE,FALSE
"A0009766",117.248658718041,-0.875360368556384,"Maus et al. (2022)",9.3378529950387,"Indonesia",3950.37516434414,5558.38311296414,17394.1313503908,15375.9679855776,625.368341678527,33156.5373237174,3.72549998760223,4.69549989700317,26.65625,3.39108490943909,41.7369422912598,165488.661476078,161678.997942838,3,7699.91325634093,10914.9917773303,FALSE,FALSE,FALSE
"A0009767",117.202048110282,-0.55652694162093,"Maus et al. (2022)",139.987971688473,"Indonesia",2160.80768259953,0,2661.66421282768,19078.9887467612,3149.38156516392,1201.61641073727,3.48500001430511,4.38673686981201,26.1875,3.04790994524956,32.7428667545319,131848.184061622,128226.490297089,5,7033.50875278677,22652.0731180621,TRUE,FALSE,FALSE
"A0009770",103.61361849906,-3.78464487853831,"Maus et al. (2022)",63.7605659657377,"Indonesia",4949.68232395135,1849.07391313757,11187.6576602678,35431.0754189179,180.969221381416,4717.55006287453,3.91400003433228,4.89412498474121,25.9375,2.52360960841179,29.9516468048096,18862.741552293,18335.2155792872,83,20004.4881321876,4652.97292692074,FALSE,FALSE,FALSE
"A0009771",103.667888527143,-3.64769902081504,"Maus et al. (2022)",252.806465771725,"Indonesia",18041.5857258734,3935.68035399099,15927.2799449286,44566.9828055046,541.668113191473,9444.59224501779,3.89266673723857,4.88520589996787,26.2083333333333,2.97465628566164,41.3266667452725,19220.3120581,14670.847923893,59,32984.5821108474,17213.3459263014,FALSE,FALSE,FALSE
"A0009772",103.617010736857,-3.8514350330923,"Maus et al. (2022)",2.95930753402656,"Indonesia",9266.00920273115,9781.13208568571,14748.2263518857,31416.1243043682,6494.25368737127,9037.8105193073,3.89750003814697,4.8730001449585,25.46875,2.58747118711472,40.2518787384033,20228.5563953804,21637.3475177286,142,19165.5423931515,3865.72069700945,FALSE,FALSE,FALSE
"A0009773",116.286804403748,-2.02958079105612,"Maus et al. (2022)",36.0692203184186,"Indonesia",77317.0847219501,19472.2120927111,19349.2226229997,15000.9560868172,1309.14132798256,14771.1208463477,3.61199998855591,4.52925002574921,26.0625,2.64539051055908,24.5715298652649,42951.1586782341,46725.8221761531,11,57369.3072281274,10157.1226427929,FALSE,FALSE,FALSE
"A0009774",102.715396029626,-2.39125747848906,"Maus et al. (2022)",6.83386934020963,"Indonesia",59673.8853126297,362.007211612482,7507.10819388014,100841.399046113,4286.28155501208,8814.96026681729,3.66933329900106,4.60599994659424,26.1875,2.59377956390381,25.9711513519287,194986.328632946,190268.832653444,66,34586.8713264291,42987.0099089761,FALSE,FALSE,FALSE
"A0009775",102.672795591363,-2.39855722981294,"Maus et al. (2022)",1.18874934724107,"Indonesia",56514.8172243669,3824.45437727994,11065.1038170393,101304.656376751,2115.72604083514,10860.0299982986,3.67899990081787,4.61700010299683,26.25,2.61172795295715,27.3202381134033,197353.704244843,192683.363852265,62,39510.6962314122,40019.0616893697,FALSE,FALSE,FALSE
"A0009776",102.655173867692,-2.4000492991016,"Maus et al. (2022)",2.67654802483616,"Indonesia",55087.3824695091,5737.33076988284,12608.0877723958,101672.082693069,1110.55893237824,11831.4243634118,3.67850005626678,4.61899995803833,26.1875,2.55428910255432,25.2651042938232,198429.30655713,193777.183533139,56,41418.1416955635,38517.3109765983,FALSE,FALSE,FALSE
"A0009777",102.64713423249,-2.39484386819222,"Maus et al. (2022)",2.81155892863181,"Indonesia",54025.7601680149,6631.72697199969,12993.810958877,102452.13578743,899.838922080741,11854.9518730234,3.68199992179871,4.62475001811981,26.25,2.48932480812073,23.1327228546143,199436.439344845,194788.760029155,53,41802.8565353666,38385.6982433585,FALSE,FALSE,FALSE
"A0009778",102.64421421923,-2.39879185110671,"Maus et al. (2022)",2.51824574843716,"Indonesia",54076.6037785158,6954.60543778664,13505.3693862737,102123.739495299,1434.11897754196,12394.5550371427,3.68199992179871,4.62200021743774,26.25,2.5052592754364,23.5104389190674,199294.222857779,194652.879638988,53,41252.5261457597,37834.2075417989,FALSE,FALSE,FALSE
"A0009779",116.803679500189,-0.235969833314261,"Maus et al. (2022)",21.7107772423134,"Indonesia",7916.32314716109,15239.0363882274,23134.5706999236,22098.3323449235,12744.7916025235,25777.8542596235,3.55100011825562,4.47549986839294,26.1875,2.62907449404399,27.7154642740885,121114.132091611,118771.988224448,6,10353.866865637,13137.2385908183,FALSE,FALSE,FALSE
"A0009780",116.812420422041,-0.243895824357248,"Maus et al. (2022)",0.62531641689399,"Indonesia",8139.20784960655,15807.7664191095,24201.1194228854,23221.4585887461,11587.4174932913,24653.7705096826,3.54299998283386,4.46399998664856,26.125,2.62787842750549,26.8146076202393,121520.484358746,119139.830044729,12,11868.3514893878,14661.5533368648,FALSE,FALSE,FALSE
"A0009781",116.813487124823,-0.244639111977079,"Maus et al. (2022)",0.831236585275079,"Indonesia",8119.6670486491,15836.6258482212,24293.2554855418,23321.685848346,11415.5979594606,24487.5672217476,3.54299998283386,4.46299982070923,26.125,2.62155000368754,26.6624558766683,121507.143363465,119123.477559593,12,11988.7775691101,14785.6419382268,FALSE,FALSE,FALSE
"A0009782",116.801231639568,-0.24399333899733,"Maus et al. (2022)",2.2644892352389,"Indonesia",9005.07306824256,14775.3791967809,22921.9138401091,21938.9077886873,12645.1842722354,25590.6393191893,3.54699993133545,4.47100019454956,26.1875,2.62420304616292,27.4832172393799,122292.631647891,119939.156046273,8,11205.8109125481,13815.4080328484,FALSE,FALSE,FALSE
"A0009783",116.805005849264,-0.241148265202248,"Maus et al. (2022)",1.11385491137555,"Indonesia",8497.64119791973,15333.0191478638,23403.1794941316,22391.1233454477,12445.5076812377,25468.6405730898,3.54900002479553,4.47049999237061,26.1875,2.60175108909607,26.2822818756104,121794.321010303,119437.473692009,8,11171.3069585172,13886.547637822,FALSE,FALSE,FALSE
"A0009785",100.75874324161,0.0407352619094411,"Maus et al. (2022)",8.50427789176898,"Indonesia",8560.18845129646,1111.08308993891,31109.1276427281,78299.6185622155,20115.7555164839,29744.3742605307,3.56574994325638,4.47599983215332,25.109375,1.3388934135437,9.9760160446167,81864.6165328525,73189.3163963741,153.75,26072.8419197081,8595.38690519715,FALSE,FALSE,FALSE
"A0009786",100.738405778021,0.0751489179147321,"Maus et al. (2022)",11.5959987851055,"Indonesia",12930.9416982355,181.061797114558,28860.0897936144,73981.1427128744,17212.239564527,32455.4134427945,3.59599995613098,4.51966667175293,25.34375,1.22715544700623,12.9974765777588,85615.1456787506,77040.9031372087,101,30421.803312543,11622.6072374934,FALSE,FALSE,FALSE
"A0009787",100.747913862341,0.0181303800203828,"Maus et al. (2022)",12.6348262428803,"Indonesia",7767.32404611247,615.085059852739,32056.4505765866,80309.5299883238,22860.6864018515,26959.4068436331,3.52066667874654,4.37399983406067,24.4583333333333,1.06859171390533,5.49858713150024,79332.4797781617,70711.9078140413,319,24123.5857956929,5808.91288163025,FALSE,FALSE,FALSE
"A0009788",100.741786711756,0.0253063521103029,"Maus et al. (2022)",11.8898179551202,"Indonesia",8894.96593299858,0,32346.5335257061,79420.2233111437,22097.6952554233,27184.2048140778,3.51274996995926,4.39683334032695,24.421875,1.35594242811203,10.6417427062988,79985.0550493829,71408.9372514528,321,25157.2616832254,6095.47718083682,FALSE,FALSE,FALSE
"A0009789",100.745224546025,0.0268522256138373,"Maus et al. (2022)",2.72515943267149,"Indonesia",8731.40016463036,208.301190411744,32913.9810377803,79477.3196761046,22026.3005808174,27775.2397627838,3.52999997138977,4.41999991734823,25,1.17762756347656,7.33336210250854,80367.8886243131,71763.0964297843,276,25260.6846594806,6641.96536704806,FALSE,FALSE,FALSE
"A0009790",100.749055666966,0.0483268792016256,"Maus et al. (2022)",5.2001738457163,"Indonesia",9963.50280323456,0,30876.4616814506,77261.8228054629,19651.7907877904,30142.2742807955,3.55900001525879,4.42899990081787,25.25,1.19761672616005,10.4817192554474,82787.322528901,74158.4335001058,139.666666666667,27320.2990469292,9049.07814836038,FALSE,FALSE,FALSE
"A0009791",100.752483870854,0.0447633825784258,"Maus et al. (2022)",3.03960526919728,"Indonesia",9450.05546748528,407.680092726573,31094.6133269896,77743.1994564811,19929.1485408833,29950.8994556891,3.56299996376038,4.47033341725667,25.3125,1.19389498233795,8.80916976928711,82392.0847109223,73749.5314039181,140,26837.517173637,8812.47960720212,FALSE,FALSE,FALSE
"A0009792",100.739342662832,0.0408701534867613,"Maus et al. (2022)",84.8767570810843,"Indonesia",9710.50993454824,60.2868619418664,31570.0332473461,77416.4296552344,20249.3623563691,28552.924418565,3.5440000295639,4.43608331680298,25.078125,1.37336432933807,11.3345202445984,81410.6973863294,72826.5078600657,194,26382.8049561169,7507.1075821004,FALSE,FALSE,FALSE
"A0009793",100.747317864788,0.0619312317386376,"Maus et al. (2022)",7.34788317275172,"Indonesia",11185.7132511517,7.28164070346333,29638.5775870518,75662.4260978761,18229.7419874221,31397.9221927259,3.58200001716614,4.49875009059906,25.25,1.26610946655273,11.9706707000732,84180.831609183,75565.8256401203,122,28722.5929690953,10363.7199070286,FALSE,FALSE,FALSE
"A0009794",100.746540426378,0.066479404269337,"Maus et al. (2022)",5.05835192753583,"Indonesia",11779.5968832312,0,29160.5763196565,75260.9214811536,17738.3385722632,31862.3935964135,3.58700001239777,4.50500011444092,25.28125,1.19716739654541,10.5473852157593,84752.5334813194,76147.1437973694,118,29347.4494014339,10878.3903892284,FALSE,FALSE,FALSE
"A0009795",100.742978879121,0.0617227629079175,"Maus et al. (2022)",2.09859937814639,"Indonesia",11589.0197298746,460.114468853061,29950.8927353224,75689.4434927477,18496.8465699785,31312.7141305969,3.58200001716614,4.49399995803833,25.25,1.34645521640778,16.4418659210205,84250.8519217371,75656.187471939,122,28974.4818105535,10343.4034056087,FALSE,FALSE,FALSE
"A0009796",100.730596908123,0.00921789929344945,"Maus et al. (2022)",20.6893193886024,"Indonesia",9094.03635417916,0,30170.6667723673,80679.9527798315,24131.2884927655,24986.8450461486,3.45299994945526,4.32033348083496,23.65625,2.63758190472921,102.578900655111,78066.3964843411,69550.1680845433,395,23963.4753919778,4003.90389074245,FALSE,FALSE,FALSE
"A0009797",100.735240698112,0.0109710815012698,"Maus et al. (2022)",12.7213270178042,"Indonesia",8545.6542921545,0,30821.2043794727,80740.1736776329,23957.004480944,25670.0207013854,3.4724999666214,4.32800006866455,23.65625,1.76596422990163,30.9220218658447,78451.2074757249,69889.7382715771,317,23890.2098723421,4556.08050475853,FALSE,FALSE,FALSE
"A0009798",100.74519425742,0.00889308811621742,"Maus et al. (2022)",14.4943638137351,"Indonesia",7290.54257228872,551.982820483841,30979.9323303022,81205.6749065826,23901.4053873638,25907.4753269047,3.47900009155273,4.35266669591268,24.625,1.24839659531911,11.7379722595215,78165.6875828815,69541.8280225729,336,23064.4021426975,4785.71073621089,FALSE,FALSE,FALSE
"A0009799",116.063098517439,-2.0994663611231,"Maus et al. (2022)",50.4626966190775,"Indonesia",53359.9471668283,23855.6252983416,24213.7104985787,30362.3665473711,4654.87136159792,22995.0875724093,3.63950002193451,4.56128576823643,25.34375,2.51837733813695,22.7404768807547,26152.6380148283,25552.1387569869,97,32574.9897924736,85.8391122434446,FALSE,FALSE,FALSE
"A0009800",116.109138653346,-2.02495377538511,"Maus et al. (2022)",4.84557796804387,"Indonesia",57721.9054683081,15011.192602124,15114.6299606309,21363.2662377825,570.065503449615,13846.2326442124,3.63599999745687,4.56799983978271,25.8541666666667,2.42028051614761,22.5745630264282,24910.2911367835,27382.5167160143,32,37852.7400707241,2741.18464439777,FALSE,FALSE,FALSE
"A0009801",116.106632363708,-2.02852130029093,"Maus et al. (2022)",15.6021876284813,"Indonesia",57382.3860397153,15364.6224794712,15500.6148353534,21724.1807481925,741.479479841625,14238.6901964914,3.63650000095367,4.56599998474121,25.84375,2.51393914222717,25.9172992706299,24815.3907509346,27162.5534541191,36,37444.37364584,2080.43373985035,FALSE,FALSE,FALSE
"A0009802",116.080456768305,-2.14964512338621,"Maus et al. (2022)",93.7190654816476,"Indonesia",56341.9738080745,28756.3796843548,28762.3769523161,33627.7353461587,7856.93711809089,26876.8395553428,3.64250004291534,4.57616678873698,25.59375,2.61249953508377,26.2576672236125,31996.4009090786,30519.488487302,59,34956.5135100031,442.20197625788,FALSE,FALSE,FALSE
"A0009803",116.086024785146,-2.17125095616204,"Maus et al. (2022)",17.6767585271895,"Indonesia",58008.5773056794,31267.1684719734,31222.6703949184,35657.3215092969,7579.74072859788,29140.9203647866,3.63700008392334,4.56849980354309,25.625,2.59927999973297,24.2306661605835,34729.6815319304,32934.3033781873,60,36384.6881800286,1449.65926336022,FALSE,FALSE,FALSE
"A0009806",116.688859149003,-1.01673120836555,"Maus et al. (2022)",27.1539965157334,"Indonesia",12589.3643401895,10103.1803119811,19738.9192855553,50488.8957780021,0,23855.2704002956,3.47449994087219,4.36266660690308,26.0625,2.32114942868551,18.0264479319255,125687.776353458,129345.955210678,20,19618.1258587804,23269.8221584179,FALSE,FALSE,FALSE
"A0009807",112.518393869131,-6.92357784051211,"Maus et al. (2022)",100.826513290175,"Indonesia",10532.7534921809,7133.68026633364,20043.1269624794,56424.6141478072,5458.86593874389,22143.8116930538,4.35949993133545,5.41561537522536,26.84375,3.86004218033382,69.458037512643,470840.862665303,470014.08230914,42,1303.86265254202,76549.8924855686,FALSE,FALSE,FALSE
"A0009808",112.511344061445,-6.9202360653175,"Maus et al. (2022)",2.88057764257233,"Indonesia",10341.0550850551,7114.0223369363,21300.4773223184,57704.12209229,5565.30096605001,22667.5399727712,4.34200000762939,5.3769998550415,26.75,3.7868400812149,64.0089654922485,471699.306395757,470874.559610278,42,2013.65140941847,76400.6258330675,FALSE,FALSE,FALSE
"A0009809",112.513187326065,-6.91867261240094,"Maus et al. (2022)",0.276183764808655,"Indonesia",10592.1102070192,7414.60681722195,21463.462673168,57852.8382763127,5909.10481862567,23008.6637772609,4.34200000762939,5.41099977493286,26.75,4.34262037277222,94.0700378417969,471530.243531104,470704.980358578,42,1860.8598648316,76661.326304119,FALSE,FALSE,FALSE
"A0009810",112.503674516531,-6.94207559537986,"Maus et al. (2022)",70.3468683253301,"Indonesia",9246.10191802153,5307.66178219058,18855.4182887204,55266.9896763398,3634.93094331378,19475.4442290683,4.29949998855591,5.33633327484131,26.78125,3.58455683968284,54.0640439120206,473159.110823537,472333.399033668,47,3485.65209659921,75072.6668772121,FALSE,FALSE,FALSE
"A0009811",112.511318823472,-6.97909400307077,"Maus et al. (2022)",134.101012826477,"Indonesia",11286.2152820744,4509.35990714772,15207.3033646919,51576.0161118379,2655.2554931346,15849.9065933564,4.30100011825562,5.35121054398386,27.25,3.25901610321469,42.9408743116591,475913.481165314,475066.462826377,16,4575.74595956647,75512.5978462286,FALSE,FALSE,FALSE
"A0009812",112.462619649832,-6.94641968515354,"Maus et al. (2022)",73.2678387256546,"Indonesia",4939.73540126049,527.140346705987,21529.6029675249,57652.3921205042,0,18325.9902647122,4.22700023651123,5.253600025177,27,3.42584538459778,47.1443206787109,477072.385389032,476255.218443086,40,7492.19004670489,70291.5557940624,FALSE,FALSE,FALSE
"A0009813",112.437520791031,-6.90075666065136,"Maus et al. (2022)",140.902226868267,"Indonesia",2295.46587561434,0,26108.3681112251,63390.946185766,4900.95956320264,22535.2753101822,4.31199979782104,5.34795234316871,26.8125,3.70089183134191,57.4871761097627,474680.949131654,473891.338831639,59,8321.18745951201,67704.7899989496,FALSE,FALSE,FALSE
"A0009814",112.429278050698,-6.88952094584728,"Maus et al. (2022)",26.2832559996721,"Indonesia",2732.73846685226,940.703000237671,27518.375621193,65294.4106254742,6785.60851664183,23889.3722016256,4.34649991989136,5.40339994430542,26.78125,3.81103265285492,63.9749507904053,474757.775108638,473977.518012939,0,10028.0145839383,67255.6571628898,FALSE,FALSE,FALSE
"A0009815",112.417800802144,-6.88571795721608,"Maus et al. (2022)",85.8146734394527,"Indonesia",2459.57630440317,1568.67484974677,27729.9705348216,65856.9957407553,7345.35008113252,24057.5879006223,4.3532000541687,5.40630006790161,26.775,3.78298129638036,61.9450286229452,475177.622417375,474406.350937476,0,11214.1646137164,66043.5728199032,FALSE,FALSE,FALSE
"A0009816",112.412299682144,-6.88284400784011,"Maus et al. (2022)",2.46660102187772,"Indonesia",2297.82451069439,2842.40427352624,28659.4349690246,67116.187211345,8555.43536057261,24964.4075872721,4.35549998283386,5.41166671117147,26.78125,3.775390625,61.7327575683594,475892.811189747,475121.79797316,0,12242.664581617,65863.9219962245,FALSE,FALSE,FALSE
"A0009817",102.018588053409,-0.562879231417648,"Maus et al. (2022)",41.0214992997995,"Indonesia",994.077767463247,5032.79397544412,5552.76557744641,40869.0350706006,4132.07974986359,35118.4406218489,3.58400011062622,4.49916672706604,25.875,2.41867644446237,21.1318081447056,143918.604944009,139746.807128432,48,4105.18680052016,23897.8043029459,TRUE,FALSE,FALSE
"A0009818",103.80893649703,-3.86380852854212,"Maus et al. (2022)",111.929463647164,"Indonesia",27748.6295991625,0,13753.8155167714,48703.4137974027,717.967054751126,8093.30578049572,3.89699995517731,4.87521423612322,25.75,2.80698021820613,31.9631554739816,8310.85524557837,13487.6448787772,111.5,39633.5682406607,10564.0983597228,FALSE,FALSE,FALSE
"A0009822",117.686959783817,1.15347798788489,"Maus et al. (2022)",651.415962329581,"Indonesia",158895.475422062,18234.7085431628,30103.3158061763,63706.1921421179,21021.9158660187,67335.2326347061,3.62700003385544,4.55965883030611,25.203125,2.47799584127608,21.9167054721287,32381.3952246671,34570.3336889323,99.8333333333333,11888.8023504634,67921.1262969278,FALSE,FALSE,FALSE
"A0009823",103.022039291692,-1.99081139587238,"Maus et al. (2022)",256.38287680046,"Indonesia",36457.0755728797,1861.86707546471,31325.8667794034,77905.2533667635,14672.1770177948,45687.4099854577,3.57866660753886,4.49542427062988,26.2708333333333,2.68092425912619,23.9096826314926,215544.197163867,210439.180451875,53,10603.4528155805,5400.1633319669,FALSE,FALSE,FALSE
"A0009824",103.001211535725,-2.01108643219736,"Maus et al. (2022)",307.235423274751,"Indonesia",39514.3793814166,0,34291.0442851575,80728.4948650919,17531.7864452894,41930.1340662996,3.59200000762939,4.50917951877301,26.296875,2.61119613647461,21.9674338340759,214587.47400017,209498.743336817,47.25,10535.8644071315,6229.26718026124,FALSE,FALSE,FALSE
"A0009825",102.98051241513,-2.02098556940393,"Maus et al. (2022)",118.302127643362,"Indonesia",42415.5714211126,276.352593059767,36729.7263760015,83838.1118310761,19014.0813149884,40092.5917149653,3.59999990463257,4.52114282335554,26.375,2.68116322159767,23.4464145898819,214711.360218213,209631.480271983,39,12322.8907850138,9187.16750761606,FALSE,FALSE,FALSE
"A0009826",103.087941785954,-1.88111740929717,"Maus et al. (2022)",62.5922611566334,"Indonesia",24014.3259276397,5376.99574360248,17961.8074482675,66498.5283211813,6674.80961044862,55181.8147982307,3.54900002479553,4.45533323287964,26.25,2.90918138623238,29.6714286804199,224611.582536219,219466.823604781,56,19689.0971229354,4787.04581968132,FALSE,FALSE,FALSE
"A0009827",103.081677668345,-1.86727350730421,"Maus et al. (2022)",38.5367481081861,"Indonesia",23899.0136317933,4071.26821286451,16934.635687411,66544.474478919,7285.92807278608,55020.8432860785,3.54850000143051,4.45699987411499,26.25,2.94815340042114,29.9396537780762,226479.502653419,221334.728093245,55,21502.8270004381,6539.36004516187,FALSE,FALSE,FALSE
"A0009828",103.072275360046,-1.85675452041578,"Maus et al. (2022)",82.0440509507628,"Indonesia",24003.1290334148,2461.42722996947,15837.0166636846,66813.3221052758,5675.33049178713,54929.6132432426,3.54800009727478,4.45784616470337,26.1875,2.87756241692437,27.6583682166206,227560.876619202,222419.087910765,61.25,22340.0566995847,7762.10329386713,FALSE,FALSE,FALSE
"A0009829",117.254715925876,1.8579786429415,"Maus et al. (2022)",1170.29538242329,"Indonesia",95484.2513578187,35154.16684881,35637.0760690786,33662.5498130207,23677.9604482985,36312.0289203493,3.64673334757487,4.60656293022712,25.6625,2.63438934629614,29.8117502509774,6546.48717463722,15742.7583138633,68.9166666666667,21896.2603689617,52703.2510580728,FALSE,FALSE,FALSE
"A0009830",111.253413274749,0.963937859279006,"Maus et al. (2022)",35.1190187575724,"Indonesia",29473.1907150541,104033.501248168,103953.427503294,102339.907438544,66594.349693219,99954.2786721468,3.58699989318848,4.52066667874654,25.75,1.98339290618896,14.4017934799194,467203.650775363,478324.577958046,86.25,71135.3358603157,78301.8609979483,FALSE,FALSE,FALSE
"A0009831",115.243487360673,-1.57525797082406,"Maus et al. (2022)",173.333196010548,"Indonesia",45444.5516428439,16297.5707722938,34164.6826508536,38752.8588372647,7077.01942000824,45049.8444647028,3.55449998378754,4.46363644166426,25.59375,1.72354882413691,10.1375581567938,59641.7590339161,72177.6856310742,106.5,23967.6436188587,54150.251389189,FALSE,FALSE,FALSE
"A0009832",115.279027077682,-1.72785769818408,"Maus et al. (2022)",134.410806214119,"Indonesia",38927.8987221659,18065.3656443389,32680.1378601086,41914.2126164868,7253.30826290214,45376.8889701056,3.5203332901001,4.42276472203872,25.7083333333333,1.67951170135947,8.66723854401532,50123.7865580304,57749.2498155806,101,22617.2899353067,57809.4781367162,FALSE,FALSE,FALSE
"A0009833",115.249585386287,-1.72285968794913,"Maus et al. (2022)",299.012095157175,"Indonesia",40388.6092296284,16916.9260115802,29320.8332158923,38008.8513802523,4514.31222929685,42955.8962048653,3.57333334287008,4.48452504873276,25.5625,1.73432037314853,11.0354573791092,52920.2538532945,58951.4731681836,120.75,25537.6271507752,53926.766277803,FALSE,FALSE,FALSE
"A0012686",117.13449510986,-0.432259105384859,"Maus et al. (2022)",7.29946372143997,"Indonesia",1369.056142006,841.407379230301,3997.05786725193,12507.7413446182,3001.49971543478,902.840696015102,3.41799998283386,4.30399990081787,25.7708333333333,3.30347645282745,40.5333671569824,120997.216985149,117574.781523119,63.5,22179.3627538778,27050.1352590098,FALSE,FALSE,FALSE
"A0012687",117.139051609101,-0.420124399328514,"Maus et al. (2022)",21.3200464375865,"Indonesia",1665.94792357093,0,2643.45725972217,11257.9702403986,3918.34070297007,952.601215995595,3.43149995803833,4.31500005722046,25.71875,3.12403547763824,34.9514455795288,119060.791059511,115639.753764193,68.75,21269.5176175537,27969.832267813,FALSE,FALSE,FALSE
"A0012688",117.144881314339,-0.42654791267062,"Maus et al. (2022)",13.3034845260203,"Indonesia",1073.72837838256,719.52994872815,2866.84329462234,11326.215444858,4092.87945066759,0,3.42599999904633,4.29850006103516,25.78125,2.97340774536133,30.6292610168457,120120.46599787,116683.243516211,51,20944.5953925713,28350.0431864361,FALSE,FALSE,FALSE
"A0012689",117.126616129175,-0.338328004969496,"Maus et al. (2022)",12.7990514787322,"Indonesia",1719.72282112141,6594.35511316713,8483.11736322349,13203.3468372296,4520.49117496222,9434.79786329352,3.46600008010864,4.35533332824707,25.5625,3.16886425018311,37.9710216522217,111727.056634127,108412.681189668,64,22326.3780659439,36166.2331223812,FALSE,FALSE,FALSE
"A0012690",117.124255628966,-0.345705528450726,"Maus et al. (2022)",9.07847160767344,"Indonesia",1338.38389751225,6514.20466631115,8027.59439426292,13192.3390877174,4746.46719591253,8900.48472024062,3.45700001716614,4.35099983215332,25.8125,2.85355150699615,28.1119403839111,112648.68697473,109329.258681308,65,22520.463152383,35304.9664737923,FALSE,FALSE,FALSE
"A0012691",117.119650333844,-0.352617716158303,"Maus et al. (2022)",7.99146494088732,"Indonesia",881.329059537233,5987.53308210742,7683.03845394507,13510.2252281806,4549.54591910046,8461.83523744824,3.45600008964539,4.35,25.8125,2.85597681999207,28.5400810241699,113582.13010791,110267.995988695,39,23070.2061519371,34492.8595789462,FALSE,FALSE,FALSE
"A0012692",117.115222165225,-0.349541685846029,"Maus et al. (2022)",2.77734001903806,"Indonesia",454.231487300784,5628.05153307423,8404.8218700552,14092.7824018103,4016.80350039934,9160.38493251599,3.46800005435944,4.36199998855591,26,2.80732357501984,27.6124992370605,113622.239167845,110321.97811119,40,23584.6470174508,34771.020066136,FALSE,FALSE,FALSE
"A0012693",117.117944517666,-0.351559102323446,"Maus et al. (2022)",0.956984570585119,"Indonesia",784.51372641597,5922.23215926294,8044.17625393708,13789.9735853242,4417.69253207142,8829.72713994536,3.45600008964539,4.35300016403198,25.8125,2.94511771202087,31.6196098327637,113751.394345208,110442.226011102,40,23342.4228559503,34741.9794863042,FALSE,FALSE,FALSE
"A0012694",117.114424357274,-0.353730838928059,"Maus et al. (2022)",4.59933944579236,"Indonesia",361.282393001702,5391.01408293864,8061.9918104938,14019.8763738283,4107.83067227477,8728.47314762919,3.46600008010864,4.36399984359741,26,2.87490528821945,29.9327239990234,114061.850550153,110759.994715976,38,23635.9232496445,34304.796344573,FALSE,FALSE,FALSE
"A0012695",117.042786507563,-0.305703414086226,"Maus et al. (2022)",99.4663949521922,"Indonesia",5573.61903697476,6573.37318783208,16998.2475554651,22606.3753830418,0,9734.40887172654,3.53800010681152,4.4601537997906,25.9375,2.92400429799007,33.1938708378718,112103.30366542,109033.229998803,21,31305.7357064886,37176.052581867,FALSE,FALSE,FALSE
"A0012696",116.919503504426,-0.340116164314047,"Maus et al. (2022)",59.7778542129993,"Indonesia",11113.4587438895,6548.89889482358,14145.7438148939,35178.2243138989,0,8228.08270899536,3.53800010681152,4.45442860467093,26,2.77187482515971,31.6163804796007,122465.301872743,119639.001478392,19,27226.7085106929,30204.5852030933,FALSE,FALSE,FALSE
"A0012697",116.893955143578,-0.355428373555143,"Maus et al. (2022)",622.871979936748,"Indonesia",11461.8979338792,6846.6201546578,13315.9219522555,32839.9640840588,0,8839.7715212194,3.53014292035784,4.4443658270487,25.9821428571429,2.72538166642189,30.0233877658844,123615.222827188,120839.195516629,19.75,25778.306045208,28583.0938097538,FALSE,FALSE,FALSE
"A0012706",115.922856283838,-3.48514995901642,"Maus et al. (2022)",20.9703949993787,"Indonesia",38597.3763158992,5135.51619130273,6553.34063015791,10129.9182431048,7301.01854847361,9211.43725884847,3.59066661198934,4.50833320617676,26.3125,2.35476756095886,18.8569393157959,73340.8291618908,72967.0056088249,23,143595.931392659,7913.79627580311,FALSE,FALSE,FALSE
"A0012707",102.333007983964,-2.10856217854722,"Maus et al. (2022)",21.1102765368197,"Indonesia",6744.77745392771,5000.67652150486,9235.41093603838,64064.5606471177,6445.17789550238,6272.05810895579,3.69999992847443,4.64200019836426,25.734375,2.46183943748474,25.7691256205241,237498.626857609,240668.042440357,92,46964.9441512842,29976.4491904041,FALSE,FALSE,FALSE
"A0012708",114.96008761443,-0.756894686669305,"Maus et al. (2022)",17.6987380291182,"Indonesia",34867.846415303,314.355036489035,15749.954341327,21338.8963232871,29936.8050557643,20693.5035388991,3.66899996995926,4.60999997456868,25.890625,1.97632032632828,16.9442119598389,91775.0612938067,97157.1910861668,61,99427.5913007746,24664.5076859601,FALSE,FALSE,FALSE
"A0012709",114.933102339067,-0.779795543220166,"Maus et al. (2022)",2.4467438682689,"Indonesia",32653.5619507706,10.6218547307679,12066.5187458996,18196.7134858099,26937.4345104847,17630.0680882731,3.68250000476837,4.62699997425079,25.9375,2.04772055149078,20.2602961858114,95583.2095248796,101094.069943889,46,99366.1663377003,21119.9776799057,FALSE,FALSE,FALSE
"A0012710",114.970772570792,-0.747299576157569,"Maus et al. (2022)",4.17204835863894,"Indonesia",35991.9227415753,661.117061501911,17454.5658340593,22829.7613208956,31351.7956888243,22155.7671601938,3.66199994087219,4.60099983215332,25.875,1.90698635578156,14.7367992401123,90301.2995699447,95631.0836124078,65,99685.7409991669,26304.3561937038,FALSE,FALSE,FALSE
"A0012711",114.977388900658,-0.748390180408791,"Maus et al. (2022)",11.2570492587491,"Indonesia",36589.8195583498,1183.91830343566,17796.4771018168,22977.860916463,31442.6151970053,22284.5705983672,3.65750002861023,4.59599995613098,25.84375,1.94049787521362,15.7904577255249,90118.7451944815,95352.0590182956,62.5,99164.7717071203,26568.2392849577,FALSE,FALSE,FALSE
"A0012712",114.983269300266,-0.745852203134003,"Maus et al. (2022)",2.74083117706066,"Indonesia",37254.7062784221,1594.41835843851,18581.695978912,23636.229024893,32055.65239071,22929.6510302622,3.65500009059906,4.59200000762939,25.875,1.94535994529724,16.2272057533264,89645.5885030919,94849.6218849753,60,99089.6663272485,27308.1239148283,FALSE,FALSE,FALSE
"A0012713",114.979509972466,-0.744801551375337,"Maus et al. (2022)",2.86074321071853,"Indonesia",36838.4880654073,1207.25528946029,18361.249393589,23564.1396369943,32026.8710266011,22870.7321346108,3.65700006484985,4.59400010108948,25.8125,2.00901385148366,17.5870615641276,89746.3204486751,94991.0391406518,61,99408.5250329933,27150.178694577,FALSE,FALSE,FALSE
"A0012714",103.85683776332,-2.50893995214032,"Maus et al. (2022)",62.8349467968285,"Indonesia",39437.2733446325,10844.1619679502,11553.8151693517,16183.8003520442,27729.4675049241,37865.6357500366,3.64574992656708,4.57433319091797,26.3125,2.80000172721015,27.2950613233778,141250.881981797,136297.760948941,34,24218.6192729888,1823.11865228922,FALSE,FALSE,FALSE
"A0012715",117.351875111903,2.81720961427885,"Maus et al. (2022)",7.10683007365731,"Indonesia",8327.44382734953,1481.83190068337,1687.22419585692,2318.41755431759,1030.68224905945,1700.47966709569,3.66433334350586,4.62400007247925,26.1041666666667,2.12141434351603,17.2056531906128,103349.872300439,91392.8772856917,23,97982.3854805106,86631.0581060433,FALSE,FALSE,FALSE
"A0012716",117.350221948474,2.82055468460823,"Maus et al. (2022)",1.20139256251267,"Indonesia",8753.99175275882,1954.79037009566,2149.27153489639,2406.33975986989,1432.18753509854,1703.47173823961,3.67350006103516,4.62133344014486,26,2.11701315641403,17.7247085571289,103798.235431515,91843.116891781,21,98453.418609224,87082.8931010153,FALSE,FALSE,FALSE
"A0012717",117.423672255184,2.79986472780639,"Maus et al. (2022)",15.0116981550589,"Indonesia",365.082145310665,4824.95730146757,5562.07510817024,6551.29203238983,1437.48086475458,6590.14441147287,3.5947499871254,4.52433331807454,26.0625,2.05917437871297,14.678794225057,101316.293809212,89313.6276649667,26,94686.0352689266,78589.6600010305,FALSE,FALSE,FALSE
"A0012718",117.525917694458,2.79633623152335,"Maus et al. (2022)",114.346086194279,"Indonesia",5893.8396812515,13772.345850878,15232.0417139743,16492.7259583166,814.007361565148,16466.0396150728,3.67500007152557,4.6275333404541,26,2.15981537501017,15.2805064519246,101502.082335115,89577.1566664985,36,92206.0535497585,68003.4521130274,FALSE,FALSE,FALSE
"A0012719",117.408623790174,2.75968206923194,"Maus et al. (2022)",2.43229519192406,"Indonesia",3908.67668716166,812.256331857566,6995.88676331724,8734.92850935693,5871.94746587814,9008.13500751825,3.54666670163473,4.46199989318848,25.8541666666667,1.8531436920166,11.203626314799,96953.2774873632,84952.5283344911,62.3333333333333,90743.2280975482,78266.1397923768,FALSE,FALSE,FALSE
"A0012720",102.941602422309,-1.0955793497475,"Maus et al. (2022)",2.31538675966504,"Indonesia",24282.5849618059,5417.40861211306,17882.2388506564,73878.5387409718,11951.5309120732,64147.6008067169,3.52499997615814,4.40099986394246,25.46875,2.77411949634552,27.4488277435303,250102.571239123,248306.249337395,103,19907.8949514344,19091.0616130994,FALSE,FALSE,FALSE
"A0012721",102.939453397779,-1.09907345530248,"Maus et al. (2022)",6.12782222829712,"Indonesia",24264.4112138899,5754.55810959034,17922.2663940147,74174.2431399073,12289.8207000294,64472.6865654773,3.52600002288818,4.41300010681152,25.03125,3.32114207744598,44.4029359817505,249899.008152518,248114.737721649,138.5,19727.0354402145,18961.3299734278,FALSE,FALSE,FALSE
"A0012722",102.946873079257,-1.1042414233833,"Maus et al. (2022)",1.86952398482033,"Indonesia",25328.094804442,5791.07088492414,17018.5804087069,74805.5947206548,12190.8615249862,64113.7658652719,3.52500009536743,4.40833330154419,25.4375,2.98842579126358,33.9020900726318,250871.151872052,249102.260578203,94.5,20732.6205037996,20007.2853365397,FALSE,FALSE,FALSE
"A0012723",102.937724573578,-1.09063506071809,"Maus et al. (2022)",3.20775443203462,"Indonesia",23574.5761469542,5255.38931792054,18488.9314680398,73306.3002312039,11953.9995681239,64289.1800534554,3.52500009536743,4.40525007247925,25.6875,2.42789769172668,18.6687755584717,249610.117922815,247796.643993477,102,19392.1872144008,18510.1776829019,FALSE,FALSE,FALSE
"A0012725",117.586342001242,0.657192392417543,"Maus et al. (2022)",394.638482824742,"Indonesia",111355.267217202,4101.58872540963,11396.7427447382,9931.09610113334,6147.15442881027,13225.6197605459,3.63759994506836,4.56911764892877,25.775,2.59085435390472,21.2945675086975,9891.09211988918,8111.53064620685,44.8333333333333,17774.1590148966,15928.0569679995,FALSE,FALSE,FALSE
"A0012726",117.596638787738,0.664997763682276,"Maus et al. (2022)",45.2691691573591,"Indonesia",112996.456985025,3430.77220109757,13369.1397035434,11800.0870250971,5658.65048687716,14844.7100256684,3.64533336957296,4.58349998792013,25.875,2.51275491714478,19.7934916814168,11727.3959754815,10712.6300501163,39,19850.9198473113,17553.0722021193,FALSE,FALSE,FALSE
"A0012727",117.640169168034,0.657572664552285,"Maus et al. (2022)",90.8530704144509,"Indonesia",114606.60691478,509.527080260744,13528.6128526808,9521.10126644951,1531.53251303519,16716.3566398818,3.72499990463257,4.70963642813943,25.9375,2.63752380284396,21.3311377438632,14858.5692790328,11147.2169689247,42,22619.5000642722,19312.6685019388,FALSE,FALSE,FALSE
"A0012728",117.646298246975,0.646839787888447,"Maus et al. (2022)",33.7288976113747,"Indonesia",114279.422701561,0,13038.7724316008,8605.42425270933,1661.7136374267,16560.2820734897,3.78500008583069,4.75200001398722,25.8958333333333,2.69239290555318,22.7514324188232,15146.0538517388,13073.218144195,43.6666666666667,22385.3578255702,19117.3500253062,FALSE,FALSE,FALSE
"A0012729",117.654925741421,0.657558773289304,"Maus et al. (2022)",2.94617011102318,"Indonesia",116035.256359569,420.158004072958,14806.5716884196,10205.1723471253,426.561728299719,18291.0041805144,3.78700006008148,4.77649998664856,26.09375,2.63998619715373,21.3592052459717,16702.7359097115,12230.0468529438,13.5,24134.8218022341,20858.5186106151,FALSE,FALSE,FALSE
"A0012730",117.648221898919,0.63826023263945,"Maus et al. (2022)",7.99880006881469,"Indonesia",113814.886781,0,12552.0078245294,8003.10463073594,2275.81253030741,16236.0656395615,3.81000006198883,4.78599977493286,25.875,2.52022123336792,17.7608890533447,15067.0621890183,14198.3370602055,51,21938.368272645,18759.011930036,FALSE,FALSE,FALSE
"A0012731",117.321299266103,0.560225669519342,"Maus et al. (2022)",1.66159592516509,"Indonesia",88731.9915588901,27252.8954907574,29283.1235627934,6697.37308577758,18445.923779543,19620.7113184344,3.63599991798401,4.56749987602234,25.6875,2.58297175168991,23.7066826820374,18768.2269163806,19776.8616660454,52,1612.7363420319,3818.53828197288,FALSE,FALSE,FALSE
"A0012732",117.343831572583,0.550586834108157,"Maus et al. (2022)",6.5682498932487,"Indonesia",88609.4198697354,24551.0088825377,26436.5114460767,5484.96863167623,15669.2869528906,16952.449506214,3.61649990081787,4.55400013923645,25.625,2.57105808258057,21.9604145050049,16965.590434338,17487.077902232,69,0,1001.33486534597,FALSE,FALSE,FALSE
"A0012733",117.346461693805,0.548445726151804,"Maus et al. (2022)",0.9984837033939,"Indonesia",88682.0321668738,24228.3615250068,26175.7478997611,5496.14992946937,15502.5749766464,16837.7075509558,3.60999989509583,4.5479998588562,25.625,2.47405616442362,19.2558657328288,17052.3648093119,17497.1752783526,69,0,795.818344410889,FALSE,FALSE,FALSE
"A0012734",117.314057464889,0.688251122474442,"Maus et al. (2022)",1.93620290441628,"Indonesia",101802.206067418,31659.5337361937,34700.9404970652,20916.7838190849,25374.1410770208,25087.9714615825,3.65700006484985,4.60300016403198,25.5,2.40874367952347,22.5812211036682,18651.2151471124,22039.9588472286,54,14294.61398589,15280.2963415356,FALSE,FALSE,FALSE
"A0012735",115.237750786958,-1.82687569972482,"Maus et al. (2022)",99.5372286986428,"Indonesia",33628.725724647,6551.4365071697,29293.027861234,40614.0896078871,4136.73771708772,37530.0864869807,3.62849998474121,4.55753847268912,25.75,1.74603190592357,11.329346043723,53221.9512648138,51174.7928044226,80.2,31206.5493749329,47873.7450268001,FALSE,FALSE,FALSE
"A0012736",115.245436704135,-1.82867823490354,"Maus et al. (2022)",63.8134612036686,"Indonesia",32856.661092696,7152.13804105622,30312.6060341389,41583.2492435278,4824.5884858576,36924.5362870455,3.6340000629425,4.5596250295639,25.6875,1.79773796929253,11.6881790161133,52486.0995641677,50465.9288355462,84,30670.4554658707,48731.3740738598,FALSE,FALSE,FALSE
"A0012737",115.247015239735,-1.81693569494938,"Maus et al. (2022)",33.7599333147737,"Indonesia",33988.2761010255,8479.56133381097,30096.337319926,41345.0045342328,4410.02739667592,38364.8931802917,3.62066658337911,4.54975008964539,25.6875,1.79385250806808,12.5339534282684,52250.6894745713,51808.3753842827,96.5,29799.9851634379,49693.3765394914,FALSE,FALSE,FALSE
"A0012738",115.193043749867,-1.64988042489337,"Maus et al. (2022)",14.3446382817053,"Indonesia",38350.46701246,15463.7153759751,25692.106526521,32276.9792247645,2493.45629967907,37951.4636642945,3.57333326339722,4.48650002479553,25.6666666666667,1.86513805389404,12.292224407196,61893.5104902293,70673.1146377872,72.5,31442.2025752828,48160.6349285589,FALSE,FALSE,FALSE
"A0012742",116.280282026871,-2.88755662818733,"Maus et al. (2022)",210.683729731772,"Indonesia",76026.9711264581,23675.0530737257,43020.0357977637,44913.615510746,939.93204388773,36441.2543005431,3.77149999141693,4.72670376742328,26.625,2.62910513366972,19.3862609522683,109721.09488803,111028.283959147,27.5,95752.589280993,7550.28281979654,FALSE,FALSE,FALSE
"A0012743",103.885527743934,-3.46302475035004,"Maus et al. (2022)",38.0536118580575,"Indonesia",9421.12133731883,0,10012.1899147522,18578.5749627443,15786.7535974214,19844.2272107897,3.81866669654846,4.79360017776489,26.5416666666667,2.72860951423645,27.9862941741943,36714.3724736348,32365.8383418182,33,65177.6298162707,45827.7506626316,FALSE,FALSE,FALSE
"A0012744",115.197310036081,-2.08365383832214,"Maus et al. (2022)",1.4560529352734,"Indonesia",22142.2411913719,13239.1048685926,28325.1245415785,29807.1552524798,6272.5060827505,22023.8581654881,3.6525000333786,4.58599996566772,26,1.61615459124247,9.24656295776367,43385.7906363863,36511.140899917,54,41474.8398392037,35936.4623447575,FALSE,FALSE,FALSE
"A0012745",115.197721359449,-2.08568156842471,"Maus et al. (2022)",1.26397582110669,"Indonesia",22011.5125678977,13404.9769430387,28190.0511891249,29657.7097976,6316.69265709472,21880.7907286051,3.65400004386902,4.58749985694885,26,1.60984528064728,9.03711414337158,43254.0259848377,36369.5372281284,54,41367.3587850115,35982.9046338668,FALSE,FALSE,FALSE
"A0012746",115.19727705804,-2.08895080802227,"Maus et al. (2022)",2.22594029958295,"Indonesia",21936.8228215738,13707.5831075297,28133.9882021056,29491.2059797935,6306.45316376188,21770.945221017,3.65400004386902,4.58774995803833,26,1.56904951731364,8.37711016337077,43216.3099092647,36268.1566235241,52,41448.6119078319,35963.5248860947,FALSE,FALSE,FALSE
"A0012747",115.126809691194,-2.22591237734933,"Maus et al. (2022)",290.833755679749,"Indonesia",23044.1181138861,26889.8405573801,26768.7337457849,32057.5940667091,9870.06226793136,22038.1368688497,3.65025001764297,4.58510808686952,26.25,1.6600050009214,10.5804344568497,48371.0860829349,40070.4581249591,21.75,49526.456652836,29681.7207978209,FALSE,FALSE,FALSE
"A0012748",115.131626964244,-2.23545283958879,"Maus et al. (2022)",17.5645881198757,"Indonesia",22581.8199826876,26943.050993926,26822.9611758272,32902.3705699221,11255.4268760171,21984.698479966,3.64966670672099,4.5864999294281,26.25,1.63312810659409,9.64207696914673,49263.5892124633,40923.1618917625,20.5,50611.4263561467,32193.2156193007,FALSE,FALSE,FALSE
"A0012751",105.272235142075,-4.9457417656345,"Maus et al. (2022)",3.95665093071428,"Indonesia",1374.21177980113,1107.64690581527,9108.41165793443,33781.3830901741,22977.4776497465,2004.85618931495,3.74499988555908,4.69600009918213,26.25,2.99747920036316,37.9715690612793,209305.36290825,213395.989179497,28.5,30603.5892165458,30138.2194184481,FALSE,FALSE,FALSE
"A0012752",105.289241177223,-4.91918197632875,"Maus et al. (2022)",0.891138274487653,"Indonesia",2371.62315457193,2611.73435472084,11221.8797754285,34172.4209802828,20454.5528884512,2078.43986111331,3.74799990653992,4.69899988174438,26.3125,3.08336102962494,40.8672351837158,209057.552265226,213094.440419048,26,29255.8425424409,28876.2140689931,FALSE,FALSE,FALSE
"A0012753",105.283704079763,-4.92660807677348,"Maus et al. (2022)",6.78072140005853,"Indonesia",1749.49315206065,1833.13404507021,10395.9822616718,34811.3706651498,21049.0414726925,1962.73134963919,3.74650001525879,4.69899988174438,26.3125,3.03767108917236,39.1384248733521,208943.636768234,212996.156469759,27,29556.8240796979,29235.2879484237,FALSE,FALSE,FALSE
"A0012754",101.939796063968,-1.65003272253285,"Maus et al. (2022)",16.541209761277,"Indonesia",59782.8367326331,444.934266600464,29928.1781837403,27775.6990393988,714.306117901749,22702.4752169225,3.66949999332428,4.59549999237061,25.59375,2.49775397777557,24.1336345672607,171276.464210148,174033.264912039,124.5,20920.5335034759,20748.4094678813,FALSE,FALSE,FALSE
"A0012763",117.194984867167,4.13910437650768,"Maus et al. (2022)",48.9557988963067,"Indonesia",94471.2991076002,71847.9806370221,66801.417028618,51669.8626160864,10009.6101642722,49073.970559408,4.01049995422363,5.04400005340576,25.8125,1.76197555661201,10.6035076379776,250449.861957594,238559.185115207,65.5,9941.93238761925,109375.087095775,FALSE,FALSE,FALSE
"A0012764",117.199813832222,4.13971164694972,"Maus et al. (2022)",53.6359394740952,"Indonesia",95091.4085079256,72328.4356684796,67269.5160819441,50984.1972972201,9454.93474661472,48389.0755671723,4.01149988174438,5.04400001253401,25.78125,1.81684878137377,11.3230940500895,250656.699327718,238762.226946561,65.8,9296.71451795065,109806.337753515,FALSE,FALSE,FALSE
"A0012765",117.198425961538,4.12669010358343,"Maus et al. (2022)",22.4871322662689,"Indonesia",94235.350864877,71251.9532166931,66179.3305443069,51278.1429466887,10159.2932007276,48686.2178057813,3.99599997202555,5.02699995040894,25.8541666666667,1.90875649452209,12.801126797994,249506.706003283,237614.679426029,56.25,9782.15254795528,109794.312145513,FALSE,FALSE,FALSE
"A0012766",117.211052549533,4.10784431132462,"Maus et al. (2022)",36.5693068459037,"Indonesia",93752.3208541149,69934.2155772671,64833.3341676934,49660.1074671538,9729.91766612847,47077.9986593768,3.97666660944621,5.00499992370605,25.9375,1.891841173172,12.5654656887054,246996.098689816,235096.196963859,37.75,8918.75856916027,111120.179272003,FALSE,FALSE,FALSE
"A0012767",117.203647080513,4.10171913897347,"Maus et al. (2022)",9.36777251948798,"Indonesia",92971.2656444864,69251.1843246427,64130.9911418385,50909.6587198063,11209.1754604606,48332.2490875324,3.97200000286102,5.0019998550415,25.90625,1.89777219295502,12.8593311309814,246753.959614849,234859.723144296,42.5,10382.5934610388,110515.100100151,FALSE,FALSE,FALSE
"A0012768",117.199482758506,4.10004444927972,"Maus et al. (2022)",6.55220299912574,"Indonesia",92506.2677589348,68851.924978915,63739.5728092299,51462.5847325448,11783.2174297969,48887.0094851221,3.97174996137619,4.99900007247925,25.890625,1.88637161254883,12.7836494445801,246631.73086707,234740.852478907,48,10988.4224278589,110112.278275778,FALSE,FALSE,FALSE
"A0012769",117.189017231395,-0.488392518354482,"Maus et al. (2022)",23.4470268080186,"Indonesia",2440.57869346558,3771.67258243381,4398.74849753584,12633.6469980394,1259.19962046871,250.383011669086,3.45000004768372,4.33766651153564,25.9375,3.09317453702291,34.1371682484945,125126.591296064,121559.818445089,32,13946.3856369407,26318.8987584897,FALSE,FALSE,FALSE
"A0012770",117.199555316238,-0.491971139032438,"Maus et al. (2022)",7.71811368455154,"Indonesia",3833.6861944236,2895.03278643678,3692.49517308519,12502.2596817813,357.305760345515,1222.61856715975,3.4559999704361,4.34980010986328,26.0625,3.0215482711792,32.0068378448486,125215.633926861,121620.14013201,18.75,12946.5144284768,26973.5792697208,FALSE,FALSE,FALSE
"A0012777",116.228783880312,-2.68333671920373,"Maus et al. (2022)",9.75827609636046,"Indonesia",82347.3139507646,16985.2502757947,63786.3418959541,31100.5294130838,5182.65359553009,59801.528364043,3.62800002098083,4.54400014877319,26.1875,2.51842451095581,19.4025611877441,91112.8550639109,88982.0619311086,9,75703.5578166987,675.957942433971,FALSE,FALSE,FALSE
"A0012778",116.23135411327,-2.73062113607162,"Maus et al. (2022)",109.415140603851,"Indonesia",81498.9674830205,16387.1162534473,58189.2638824341,35349.1898735191,4728.6097943269,54054.0572840422,3.63460006713867,4.54523529725916,25.775,2.60080339358403,20.9748173493605,93720.9418288891,92945.6021240078,53,78769.5624177721,3567.36438252299,FALSE,FALSE,FALSE
"A0012779",116.223026584329,-2.72844485083788,"Maus et al. (2022)",12.252281302741,"Indonesia",81040.4956101385,15857.138173122,58772.5452185873,36010.0791184285,4534.77266942667,54813.1649285625,3.64100003242493,4.55450010299683,26,2.59150636196136,21.3276519775391,93724.9249427036,93198.8795822641,47,78860.860664801,4296.16668671686,FALSE,FALSE,FALSE
"A0012780",116.238602039037,-2.74192847983209,"Maus et al. (2022)",14.8996499234151,"Indonesia",82482.8155871085,17733.8635313694,57640.7864224165,36886.3936948464,5782.23898561818,53217.4442103608,3.62700009346008,4.53649997711182,25.625,2.61822152137756,20.6000299453735,95924.856606657,95208.7952280853,100,81037.89918871,5199.94774268616,FALSE,FALSE,FALSE
"A0012781",117.481854868485,0.734255223385253,"Maus et al. (2022)",217.793650054062,"Indonesia",112664.313482441,11942.9771269068,23398.6713475965,25028.3721117467,15907.9512145809,18570.3938200365,3.62199997901917,4.5551290512085,25.5625,2.398870677948,18.6815453338623,9982.86858083698,10610.7264447031,47.5,17233.7494556152,17055.8189679461,FALSE,FALSE,FALSE
"A0012782",102.519546568216,-3.74745044970991,"Maus et al. (2022)",89.1003369210369,"Indonesia",7056.24136977624,4694.13203963173,17089.1652888585,22762.4852578274,3053.49547568608,20833.9815134839,3.68799996376038,4.59490003585815,23.5625,2.03077948093414,31.2779661814372,140191.505350258,138945.192324834,387.666666666667,15557.6574511741,4240.02300843818,FALSE,FALSE,FALSE
"A0012783",102.502512119902,-3.75087467398025,"Maus et al. (2022)",26.3250034672807,"Indonesia",5410.24507440559,4735.9339853257,17581.5959046536,21150.3229062382,2007.74551945759,19081.5315606344,3.74899999300639,4.68349993228912,24.4375,2.0010738770167,38.2049357096354,142163.201882568,140914.166694912,240,17557.8808215579,2853.41353942826,FALSE,FALSE,FALSE
"A0012784",102.483905047655,-3.76371486130404,"Maus et al. (2022)",13.882567300745,"Indonesia",3601.16464249427,4193.24486084424,15311.0450801907,18837.7093725527,0,16780.4352666028,3.80650007724762,4.74499988555908,25.09375,1.26687276363373,8.12139678001404,144263.495264009,143081.795788891,135,19247.040465733,1352.29458675911,FALSE,FALSE,FALSE
"A0012789",111.504388554338,0.0419004619265577,"Maus et al. (2022)",442.806352833435,"Indonesia",1478.7774162056,5276.29603848216,5191.87923590788,2103.91567470343,7295.2762080469,641.09968484277,3.75320000648499,4.72648215293884,26,2.25616696097634,24.1250229922208,423710.301923105,435046.571871491,29,79058.2914403272,1516.44364520489,TRUE,FALSE,FALSE
"A0012790",111.549565766429,0.0472924921579732,"Maus et al. (2022)",76.7235842799245,"Indonesia",3714.1021568602,11483.4552254545,11362.2535756404,7401.87968683047,8339.48940805109,3317.08759974125,3.72300004959106,4.68345455689864,26,2.19307658407423,21.6359225379096,421117.528555897,432454.517899907,32,76919.7127646586,3947.24518836075,FALSE,FALSE,FALSE
"A0012791",111.476277235836,0.044010838777532,"Maus et al. (2022)",37.3010207642597,"Indonesia",2583.27726743935,3387.40129996767,3268.11572321375,1744.97211754865,5690.81530885195,0,3.75225001573563,4.73040008544922,26,2.24651426076889,23.3285083770752,429449.435566253,440785.996615855,32,81840.0400982649,2997.16975885515,FALSE,FALSE,FALSE
"A0012792",111.525116783705,0.021588893446073,"Maus et al. (2022)",4.9209097721861,"Indonesia",5618.57887553283,9095.68615176034,9304.67463003864,6749.56712913868,10200.2868504402,4421.68301933347,3.73000001907349,4.69700002670288,25.9375,2.26780867576599,24.2005195617676,424213.814869892,435548.8910817,37,81285.6012462918,5028.49773043531,FALSE,FALSE,FALSE
"A0012798",103.12020523635,-2.48801132107149,"Maus et al. (2022)",54.9038035496833,"Indonesia",81311.6331108046,32236.6950456778,44593.0717473662,56240.462681696,21233.5665254838,47043.2961713073,3.67700004577637,4.61585712432861,26.25,2.64015483856201,24.46666431427,161358.960308158,156334.974207556,65.5,3866.20959079528,51161.2401503637,FALSE,FALSE,FALSE
"A0012799",103.127826180644,-2.48217005140679,"Maus et al. (2022)",2.62526684715623,"Indonesia",80870.0427579647,33741.2425830638,45497.5083862417,56120.9497800033,21590.0024962743,47921.964221238,3.67799997329712,4.6157500743866,26.25,2.61590003967285,23.8953723907471,161901.870411827,156866.638091127,65,3382.14300485255,50904.6319130012,FALSE,FALSE,FALSE
"A0018933",102.019855154291,-1.45780727718109,"Maus et al. (2022)",271.78994999981,"Indonesia",68570.7364023699,4996.58524874439,5302.80454420104,15151.6696899096,3645.15158615747,4851.00137059106,3.62266659736633,4.53802633285522,25.5833333333333,2.75941650735007,25.2070549329122,163776.568176991,165465.743169687,101.5,33674.7313374508,36117.0857756962,TRUE,FALSE,FALSE
"A0018934",102.06260057555,-1.52158924693884,"Maus et al. (2022)",31.7835031106139,"Indonesia",65155.9625086645,5325.40168499944,10046.2387308794,11883.3259895469,3070.06141843075,3762.88012751727,3.62700009346008,4.54849982261658,25.875,2.77692512671153,26.5131664276123,174158.285558322,175882.534646622,67,39140.1119275873,38995.2952606081,FALSE,FALSE,FALSE
"A0018935",102.069985399056,-1.5204030079479,"Maus et al. (2022)",24.0947122263181,"Indonesia",65224.3200448203,5597.68342949876,9813.00540506539,11138.3530421774,3821.68426906591,2880.36908524326,3.62599992752075,4.54766654968262,25.8125,2.77678191661835,26.5707445144653,174879.400640326,176568.917356225,84,39808.8959866098,39715.3159131078,FALSE,FALSE,FALSE
"A0018936",102.08227744756,-1.5191992096793,"Maus et al. (2022)",34.7506370070108,"Indonesia",64643.255702281,4047.04453771463,9280.24944763475,9198.70042707134,4641.14976575873,833.845778243012,3.62599992752075,4.54425007104874,25.75,2.87783092260361,29.3417029380798,176014.06596382,177676.269613801,89,38639.9284881657,40372.5616659533,FALSE,FALSE,FALSE
"A0018937",102.088004941822,-1.53678769438763,"Maus et al. (2022)",113.473869726118,"Indonesia",62860.2748005246,2357.0490851363,10111.604042424,7981.52021498387,4230.8954950979,573.937868879668,3.62249994277954,4.53907698851365,25.625,2.85968101024628,28.0888583319528,176881.664529412,178688.3604249,120.5,38860.1941815124,38969.6440592164,FALSE,FALSE,FALSE
"A0018938",102.145502809821,-1.55968464959029,"Maus et al. (2022)",1321.5539140536,"Indonesia",54400.543736032,0,12841.1125403182,0,2503.7398965269,4561.79482654464,3.61241666475932,4.53239080823701,25.90625,2.76458143228772,26.2046335483419,181019.530487511,182802.385383876,71.5333333333333,32607.109471779,41020.2957475515,FALSE,FALSE,FALSE
"A0018939",102.186397238705,-1.57562040980812,"Maus et al. (2022)",534.012415830231,"Indonesia",54114.670117687,4864.05363750042,17053.5760515817,1420.7064776723,551.592274906375,9073.04605902151,3.61371425219945,4.53385074814754,25.8125,2.77622516155243,26.5947986875262,187979.140746466,189722.117980578,86,29098.5238035707,38808.2462537242,FALSE,FALSE,FALSE
"A0018940",102.207548166112,-1.57575187093938,"Maus et al. (2022)",74.2034631228559,"Indonesia",55227.3379816077,8636.25818686886,19278.6073392073,3456.7007882037,1826.00970728697,11123.7972027039,3.62100005149841,4.53833331002129,25.8125,2.7996458530426,27.1893146514893,190905.284060179,192506.187325104,82,29062.2999829561,38123.1029222009,FALSE,FALSE,FALSE
"A0018941",102.220624389602,-1.58459162928695,"Maus et al. (2022)",151.39364673566,"Indonesia",53682.2279316948,9134.7092671878,20669.4051872081,5020.92045680408,2569.99830440908,12806.3988355366,3.62199997901917,4.54040908813477,25.78125,2.76608881685469,26.6175762812297,192299.161638306,193947.302367208,81.5,27647.9666281066,36139.7817241205,FALSE,FALSE,FALSE
"A0018942",102.197091193123,-1.52771233369277,"Maus et al. (2022)",42.7500922240867,"Indonesia",61033.9564488355,4599.4714436692,14332.732215391,1862.01735320625,768.196354035245,6880.42797719959,3.62399999300639,4.5471999168396,25.875,2.77379403795515,26.428834097726,187218.045830831,188598.617915271,54,29492.2007457593,39782.6583215176,FALSE,FALSE,FALSE
"A0018943",102.394946289072,-1.66098897361349,"Maus et al. (2022)",224.179117400163,"Indonesia",45063.8062342057,18606.5279125463,39270.6824692075,23920.0841965703,6233.45985255221,31698.9533596479,3.60700011253357,4.54220694509046,26,2.66395059125177,23.7625317409121,211922.594016508,213454.694322196,68,17842.2994932607,16072.3734270045,FALSE,FALSE,FALSE
"A0018944",102.346979408096,-1.65809724225917,"Maus et al. (2022)",396.059456172597,"Indonesia",43128.261654917,12622.5297606537,35706.6277469168,19876.9971621706,9262.94430517196,27647.6649177314,3.64299994707108,4.56132693474109,25.765625,2.71173323690891,24.5890705982844,207191.516926875,208903.862841987,72.3333333333333,18897.0149509388,20010.2384127774,FALSE,FALSE,FALSE
"A0018945",102.31588037401,-1.76765870166746,"Maus et al. (2022)",2199.15056338546,"Indonesia",27657.8518036868,1658.40443537973,24112.8070362261,23273.3368324774,3714.72652828182,23387.8671572714,3.62644001960754,4.55260991711989,25.89,2.68874297261665,24.7246280041219,206957.098702781,209051.066996627,77.0416666666667,30127.5516589787,21829.7406650347,FALSE,FALSE,FALSE
"A0018946",117.632658630981,1.02472694714591,"Maus et al. (2022)",291.81139333443,"Indonesia",149283.18064086,20482.2506186939,25455.1142098565,50245.2327376423,25384.9935548948,53012.6911457521,3.62049996852875,4.54202859061105,24.90625,2.58260006782336,24.629033724467,18077.6538383881,20277.8661482027,158.333333333333,27782.2654901657,53358.8893770652,FALSE,FALSE,FALSE
"A0018947",117.669189183498,0.985608866550683,"Maus et al. (2022)",70.9223776290278,"Indonesia",147732.697222252,15187.8718496469,20279.9245619376,46585.5389683157,21796.0058976623,50414.509850888,3.59999990463257,4.52333331108093,25.25,2.47029254171583,21.7365890079074,15731.2100852165,17849.2336333634,108,31434.6441932682,51568.2906198654,FALSE,FALSE,FALSE
"A0018948",117.874437110168,1.14274870708337,"Maus et al. (2022)",185.555840865025,"Indonesia",161054.72542925,5893.47166788478,24431.0439799207,68109.1593899564,4456.04200985844,75527.7187319373,3.6065000295639,4.53968002319336,25.71875,2.57283275326093,26.7071815331777,38043.1015164775,44866.0873257695,11,8388.29677799276,63589.5617913488,FALSE,FALSE,FALSE
"A0018949",117.905180010272,1.14908405690157,"Maus et al. (2022)",48.2366795578347,"Indonesia",160698.333365938,8243.7606405887,25845.9820031816,70550.0308427487,3693.4255060828,78508.9812786122,3.58999991416931,4.52062493562698,25.6875,2.43599573771159,21.5503851572673,40692.8584270189,48641.4403919904,16.75,5996.1883934513,61029.6811349917,FALSE,FALSE,FALSE
"A0018950",115.209182623993,-0.749306329594232,"Maus et al. (2022)",532.417868499724,"Indonesia",30513.1205558837,14826.1817482254,14745.8195495583,38255.8524139621,41536.3218358199,37257.4640454238,3.63840003013611,4.56933333217234,25.7,1.91332892635289,13.2638908133787,79802.6033576633,82053.7326744094,105.166666666667,85606.6396830665,43889.2700125062,FALSE,FALSE,FALSE
"A0018951",114.789530948463,-0.732267121618329,"Maus et al. (2022)",125.21060909956,"Indonesia",15165.6079085067,10323.3619960519,16459.3992578025,24933.0873910308,16705.3011665688,24309.2135856649,3.65400000413259,4.58940005302429,25.8333333333333,1.72391876753639,10.7980997422162,99338.6012752959,106371.840520444,77,110731.107536321,23491.0505820744,FALSE,FALSE,FALSE
"A0018952",114.819983190682,-0.710172678735881,"Maus et al. (2022)",807.453304631597,"Indonesia",16451.406259735,11779.2525185442,16536.7977702332,25061.5398652954,17622.1248596487,24537.8572385211,3.6609166264534,4.59967922714521,25.9010416666667,1.7232327484617,11.1209242390651,94417.1670233592,101399.093208877,55.75,110281.597978406,24905.560739504,FALSE,FALSE,FALSE
"A0018953",114.800036383106,-0.691313482250922,"Maus et al. (2022)",49.265854040525,"Indonesia",16272.1831823253,14623.7079967648,20168.6328152407,28721.573265704,17216.351007368,28138.3638927376,3.66000002622604,4.59883332252502,25.78125,1.72176056248801,10.6384746006557,95034.2293279044,102230.552950576,75,108876.744577544,27804.1760200375,FALSE,FALSE,FALSE
"A0018954",114.736453052021,-0.637619940976902,"Maus et al. (2022)",1614.23569277982,"Indonesia",8391.3762027138,18270.5871167592,19599.5339230193,29873.7868621153,8454.20820688352,33824.0388383089,3.67761109934913,4.62538647536494,25.9513888888889,1.82730691364178,14.045937948502,92021.2666124885,100100.683319586,53.3333333333333,97574.8489098923,31598.8112983962,FALSE,FALSE,FALSE
"A0018955",114.823554536688,-0.65605995175239,"Maus et al. (2022)",209.809499698893,"Indonesia",17877.7917094501,17451.2117327065,22543.8997758286,31086.5333748744,18429.6644177907,30548.7298891184,3.66100001335144,4.59525922492698,25.5208333333333,1.7939940823449,11.8583081033495,89474.0750690451,96710.3891043134,116,107794.55464005,30753.8767410649,FALSE,FALSE,FALSE
"A0018956",114.791253083971,-0.619309405127758,"Maus et al. (2022)",239.611212404015,"Indonesia",16539.8224843814,22564.99812912,27758.8633032127,36464.5433670049,16583.9400767455,35909.4147403983,3.69899996121724,4.64838712446151,25.9166666666667,1.81625025346875,13.7993980944157,89349.6120539246,97018.3400560112,51.5,101930.216239263,35736.4326370874,FALSE,FALSE,FALSE
"A0018957",114.794017184531,-0.58633531559307,"Maus et al. (2022)",18.478274452471,"Indonesia",18888.0456943168,25561.9504189899,29994.2512984888,39737.8296385056,18997.7487188582,39923.6359200769,3.70650005340576,4.66300010681152,25.875,1.73624682426453,12.6171832084656,87073.226951666,95023.8797946164,54.25,100765.508986481,39988.8214778378,FALSE,FALSE,FALSE
"A0018958",114.799572644254,-0.591558478304223,"Maus et al. (2022)",20.3215189103401,"Indonesia",19298.2175078031,24511.1866475331,30427.5512308861,39486.5043208281,19399.8421854589,38961.7070186678,3.70024996995926,4.65266672770182,25.828125,1.69476741552353,11.8850746154785,87207.2015927138,95111.2328785147,57,101409.89754812,39158.7144314812,FALSE,FALSE,FALSE
"A0018960",114.832443107074,-0.318846180067165,"Maus et al. (2022)",558.657399396301,"Indonesia",42045.1793365307,44377.3140441579,46547.8899057757,56701.6841532248,5313.0931691428,67213.2615194774,3.65599999427795,4.59576057380354,25.4375,1.38505664845588,5.76416496827569,62722.285659501,72618.9606602622,105.5,79634.0674561426,68064.2798899296,FALSE,FALSE,FALSE
"A0018961",114.761262957717,-0.235818783633817,"Maus et al. (2022)",41.9625650904525,"Indonesia",49395.9555220344,55882.9546539464,56496.9010323026,60420.6301001285,4084.98242199951,78498.2583964763,3.72399997711182,4.67499995231628,25.0625,1.35778828461965,5.26395177841187,68450.5306174718,79060.172336245,177,68711.3930456529,76683.6158192401,FALSE,FALSE,FALSE
"A0018962",114.901525456615,-0.821050339091995,"Maus et al. (2022)",63.1344584942883,"Indonesia",29773.4454655468,1129.2801112542,5628.20094984351,12521.0380462174,21376.2896767775,12117.6523941784,3.68499994277954,4.63225001096725,25.9375,1.90665296145848,15.7717815126692,100775.091174911,106341.869452478,47,97761.7989933357,14776.8727271716,TRUE,FALSE,FALSE
"A0018963",114.917095997487,-0.824377316201899,"Maus et al. (2022)",68.0930806220654,"Indonesia",31593.0770193259,2168.58086001029,6825.19488600398,12424.8956595995,21194.1830683009,11883.8958803517,3.68099999427795,4.6299999554952,26.03125,1.85295018553734,14.8921093940735,100184.325760819,105609.751211463,38.5,96215.5740322168,15452.8044844749,TRUE,FALSE,FALSE
"A0018964",114.939354995753,-0.85967328975157,"Maus et al. (2022)",34.3974842647294,"Indonesia",31236.5819588889,3993.0551530566,7872.06720350756,9701.74227754108,18024.2596512167,8935.84306392667,3.65674996376038,4.59840002059937,25.96875,1.95522239804268,17.2416410446167,102903.913929528,107914.666582156,40,91779.2969567192,14236.3438419806,FALSE,FALSE,FALSE
"A0018981",114.929154270124,-0.934098460185902,"Maus et al. (2022)",183.06223951026,"Indonesia",25543.5316849447,591.556368694805,9126.2815417818,3012.32415849627,9709.50066300966,2016.18386603399,3.65550005435944,4.59600004196167,26.03125,1.964617181908,16.5879097418352,110587.530495617,115333.406474338,37,86117.2043822076,9161.57059403768,TRUE,FALSE,FALSE
"A0018982",114.95762294631,-0.937299820044793,"Maus et al. (2022)",28.8394586785442,"Indonesia",23473.9145843669,740.093535657087,12298.935502907,6417.25096609286,11424.3745782664,4950.1179378173,3.64750003814697,4.58249998092651,25.875,1.95417499542236,16.3949117660522,110065.449267438,114545.895165993,58,84117.2159583348,12750.5102521917,FALSE,FALSE,FALSE
"A0018983",114.818267781144,-0.985299458078693,"Maus et al. (2022)",54.3080433310521,"Indonesia",30225.9937695201,13443.9782420098,13603.6393271313,9069.33735175627,7606.99918132224,7399.85560550256,3.65799999237061,4.6035714830671,26.125,1.90566258132458,14.8381769657135,121458.283211025,126887.884683293,38,92169.2528218035,643.776620738714,FALSE,FALSE,FALSE
"A0018984",114.804108122946,-1.01491812985333,"Maus et al. (2022)",104.202433213832,"Indonesia",31574.8947251283,16911.3656626755,17052.8021508357,12100.9683014787,7954.46438590217,10054.0074288172,3.66599988937378,4.61278567995344,26.125,1.69518039907728,11.4068077632359,124929.391465605,130326.801153446,47.5,91444.3897354917,510.932619669746,FALSE,FALSE,FALSE
"A0018985",114.859745964733,-1.07405234920389,"Maus et al. (2022)",83.7520742532136,"Indonesia",27267.1515455816,13894.828475325,22174.9357439346,8783.93478363732,4922.1739261882,11694.9538481844,3.65833338101705,4.60030002593994,26.0833333333333,1.65591152147813,10.0677933259444,126825.110756649,132833.00475469,35,82354.9096018676,9045.15200974813,FALSE,FALSE,FALSE
"A0018986",114.834009676672,-1.08276683972782,"Maus et al. (2022)",151.23719120396,"Indonesia",29853.7982952178,16352.1455904393,23463.6133432217,11172.5823144456,7204.54826439963,13626.8503562132,3.64549994468689,4.58460001945496,25.875,1.74183708713168,11.755059605553,128327.577502035,134984.340764117,67,84190.2975327444,7923.98440197258,FALSE,FALSE,FALSE
"A0018987",114.867785402813,-1.13298750231843,"Maus et al. (2022)",55.8753705542156,"Indonesia",27037.6265693917,16863.4993932428,28989.4469043994,12903.4133961119,10729.464552975,18151.0384039592,3.653500020504,4.59699991771153,26.0625,1.75964282240186,12.4665519169399,122366.612599224,133874.736603173,37,78644.4564128921,14971.1515366871,FALSE,FALSE,FALSE
"A0018988",114.880130496296,-1.14188484606959,"Maus et al. (2022)",64.2587181808275,"Indonesia",25827.0795566748,16270.5029544337,30040.2949390444,13144.518493813,11628.4137612684,19110.0598621493,3.63959999084473,4.57414293289185,26.0375,1.80727501213551,13.0229234695435,120576.026404812,132073.638486202,33,76838.9876286551,16291.5478250464,FALSE,FALSE,FALSE
"A0018989",114.820960471861,-1.16965247232464,"Maus et al. (2022)",42.6894777137697,"Indonesia",33263.7968395715,23598.8721930841,33368.4632783222,19317.6817556421,16320.8611414014,23277.7637788303,3.63700008392334,4.57566666603088,26.125,1.73575315872828,11.0268259048462,123995.297411681,135803.872447381,37.5,81485.9977485436,16419.2621144153,FALSE,FALSE,FALSE
"A0018990",114.668479564455,-1.06302523160646,"Maus et al. (2022)",1185.11884311747,"Indonesia",29803.7037626483,21847.9531634171,28570.2131953267,25846.3638016622,21438.6021989923,24112.2278070527,3.66284618010888,4.60245160133608,25.7740384615385,1.64093571862867,8.30943177746188,135601.873186304,141703.442011244,109.538461538462,99749.536781106,6574.99993154432,FALSE,FALSE,FALSE
"A0018991",114.522248910981,-1.0807860739088,"Maus et al. (2022)",406.302151381796,"Indonesia",33466.4336170262,27960.3916107965,40708.5537553814,42271.3237167787,38944.6560302029,40921.3244724052,3.66119999885559,4.60607547580071,25.85,1.84706532725921,12.6943297386169,147111.70201426,153976.506749537,98.4,115114.930623222,23261.5922330523,FALSE,FALSE,FALSE
"A0018992",114.622645663446,-0.896403392456394,"Maus et al. (2022)",330.928893598379,"Indonesia",11372.9656848624,5262.95544231453,22115.9018410242,28750.323625536,23683.0055145822,27932.2604765483,3.62399999300639,4.5518372225207,25.7083333333333,1.68992771104325,9.43282783863156,124747.32824386,131882.065592185,106.5,113240.1775248,14191.9235792537,FALSE,FALSE,FALSE
"A0018993",114.636911264533,-0.915220238437047,"Maus et al. (2022)",161.894503216325,"Indonesia",13608.3288187223,7046.95905297518,24719.1591601167,27660.6251353904,25831.464489923,26850.0883932013,3.6434999704361,4.5760000319708,25.8125,1.64190541373359,8.88806666268243,125626.785400363,132637.959350822,98,112837.308811126,12419.1500238981,FALSE,FALSE,FALSE
"A0018994",114.368317739295,-0.990127409372624,"Maus et al. (2022)",1839.80566264535,"Indonesia",28183.6006576766,29990.8810908733,35004.9403596267,32415.0402192532,28816.346432459,52121.2308904477,3.67480952399118,4.61972918709119,25.7440476190476,1.79767232347042,10.5401118623449,148802.258087831,156546.380005392,110.590909090909,100679.704087109,34794.350524519,FALSE,FALSE,FALSE
"A0018998",113.910384828766,-0.984333505176768,"Maus et al. (2022)",104.641520819302,"Indonesia",12428.488622881,6797.32145455868,17887.8781938565,15426.5593531808,12466.5057965595,107607.771633758,3.64199995994568,4.57721424102783,25.5625,1.90798241358537,11.3864537752592,191204.535951055,200481.012047631,117,68567.6878138911,588.224034524778,FALSE,FALSE,FALSE
"A0018999",113.886035596714,-0.99777415256495,"Maus et al. (2022)",46.3187275524158,"Indonesia",10262.5175035533,7244.94180129977,15118.2624804955,13615.0153751612,15653.2230176635,110672.590653209,3.63800001144409,4.57216660181681,25.6875,1.93257313966751,12.1060328483582,194325.833998061,203609.876422598,115.5,67032.3360885219,528.25725397794,FALSE,FALSE,FALSE
"A0019072",117.250391189821,-0.0196407859318295,"Maus et al. (2022)",60.1071156840669,"Indonesia",28703.5748271115,12650.3756467323,28127.5872708881,21159.6978389487,17649.9198460403,26092.7541155252,3.51150000095367,4.4181250333786,25.84375,2.94135835435655,27.3038075764974,73649.5769909543,70378.8436173695,66,20936.1080325799,27154.467575108,FALSE,FALSE,FALSE
"A0019073",115.580457354131,-3.46694952992132,"Maus et al. (2022)",121.114418547103,"Indonesia",27229.9387607442,24581.5301977374,27532.3458256107,44717.9990102261,8453.57435179914,38775.4748686841,3.5,4.39456251263618,25.6875,1.8297521173954,10.2124850749969,40772.7197470916,41353.492349112,50,138577.921294331,17926.270412802,FALSE,FALSE,FALSE
"A0019074",116.306832364822,-2.73531278740639,"Maus et al. (2022)",646.794070547555,"Indonesia",86411.9555880757,24128.2619115324,58214.5968563431,32395.5766636374,4699.60418101654,52202.6081292895,3.69350001215935,4.63489157320505,26.1875,2.77521849855965,22.9397864871555,99909.1104480678,96517.8862269118,48.4285714285714,84768.9415473802,4555.1225820264,FALSE,FALSE,FALSE
"A0019075",116.314869015329,-2.78021845963309,"Maus et al. (2022)",82.5073951526781,"Indonesia",86229.8135220868,26290.6962915214,56046.2594915583,39338.3419490167,3191.91115804381,49364.2398639273,3.73399996757507,4.68700001456521,26.375,2.77432357181202,22.9992143457586,104938.616711063,102685.287643159,29,89745.4815888937,9919.38417783874,FALSE,FALSE,FALSE
"A0019076",116.298682013414,-2.82555511404338,"Maus et al. (2022)",78.6300105802481,"Indonesia",82009.4710370612,24362.0291706576,50899.4173908472,44585.2338635143,2444.02870428695,44226.5385193629,3.73400004704793,4.67649998664856,26.5,2.70554678440094,20.7823728561401,106675.585599385,106218.577419042,24,92067.314278985,12945.2586455958,FALSE,FALSE,FALSE
"A0019077",116.286196379071,-2.83814169485859,"Maus et al. (2022)",470.562411563428,"Indonesia",79517.0530237299,22808.365806998,48165.012161921,44709.4044753229,2248.67639665177,41575.4042245952,3.7218333085378,4.6654333670934,26.3854166666667,2.64341491744632,19.6174617343479,105728.423054641,105667.437640879,44.8,91296.669723301,10368.1794499804,FALSE,FALSE,FALSE
"A0019078",116.207947607117,-2.77617722086109,"Maus et al. (2022)",691.619869410708,"Indonesia",75738.4774271277,13284.9819542223,50882.7644103495,37687.7369775209,0,47236.7589726661,3.64400000042386,4.56190217059592,25.8611111111111,2.43313685406086,17.8424275087756,94097.5790977342,94242.1392445487,59.4444444444444,79452.4737717055,4977.42642160117,FALSE,FALSE,FALSE
"A0019079",116.272653431325,-2.95619389195038,"Maus et al. (2022)",39.5589870398317,"Indonesia",72402.2836279499,25360.7724536651,36667.9344150938,38191.1596108572,1486.98744694408,29521.1869445193,3.87233328819275,4.85620002746582,26.6875,2.74980530738831,22.4197101593018,115135.776022387,118539.826925598,24,102015.270484085,5572.97654016187,FALSE,FALSE,FALSE
"A0019080",116.302539296395,-2.63049447058538,"Maus et al. (2022)",189.44417151816,"Indonesia",90593.7128166856,25353.6170925505,71135.093349114,22627.9701483628,1520.14315290839,65561.9600186312,3.67499995231628,4.60096155680143,25.84375,2.98868173101674,29.0584412450376,90539.2880168147,87461.8349409741,50,77424.8841385445,0,FALSE,FALSE,FALSE
"A0019385",117.250456501815,-0.0300093058531475,"Maus et al. (2022)",62.4228605389261,"Indonesia",27850.937252969,12756.4058552816,28761.9063476687,20888.1461775023,18620.4611431781,26586.9709782746,3.50674998760223,4.41288889778985,25.765625,3.00362815856934,29.0823902130127,74543.5399186226,71251.8113032877,80,21869.8332215321,28032.3553109517,FALSE,FALSE,FALSE
"A0019386",117.198190427841,-0.305020969262003,"Maus et al. (2022)",55.2046648429884,"Indonesia",8837.21008302242,2248.94787874842,9927.69215198673,8854.90960447002,8640.91380885709,12589.6581092932,3.46300005912781,4.35933335622152,25.875,2.98606917262077,29.9898071289062,105132.455295821,101668.270351812,70,14960.7395468527,42765.7612342172,TRUE,FALSE,FALSE
"A0019387",117.218861761622,-0.671924690835506,"Maus et al. (2022)",30.2689785731748,"Indonesia",902.502725498999,109.654481589913,7438.77130192493,31560.1401397327,40.9692186145705,10407.8180054886,3.45199990272522,4.339333375295,26.3125,2.98248472213745,29.0377418518066,143862.08791477,140150.543544425,11.3333333333333,1432.8761654907,15170.8345594581,FALSE,FALSE,FALSE
"A0019388",117.11126004535,-0.737186294622786,"Maus et al. (2022)",75.3357360223658,"Indonesia",4326.21369248879,1928.06935496794,18841.1677441475,26065.9665302044,5778.0439466864,18109.1365578987,3.4300000667572,4.30440001487732,25.875,3.11715824604034,33.5187423706055,153945.331867349,150371.160004912,59.75,6471.79663170285,5134.56715841768,FALSE,FALSE,FALSE
"A0019389",117.081075733046,-0.740053629492246,"Maus et al. (2022)",58.2408114033306,"Indonesia",7464.28630835225,0,20708.6590743072,26418.2810305393,5897.7435413659,19674.7755634212,3.40300011634827,4.2758571760995,26,3.10299489233229,33.099084854126,155067.489219192,151539.842962974,42,4362.56076494785,3572.32988485376,FALSE,FALSE,FALSE
"A0019390",117.025145285344,-0.61409416849731,"Maus et al. (2022)",89.2997787319526,"Indonesia",11861.2537535989,7059.65489744265,11058.5721901483,34449.0367026225,1903.62059387987,10129.9312759715,3.47499990463257,4.36946153640747,25.8125,3.12868390480677,38.6518135070801,144049.957327537,140701.306384805,57,6434.48789368818,3217.08192505881,FALSE,FALSE,FALSE
"A0019391",116.836245737013,-0.439314096083304,"Maus et al. (2022)",266.662579753455,"Indonesia",15669.5897511042,0,14455.6946485192,32578.1573634407,2956.75169498169,12100.5822922466,3.51700003941854,4.42736111746894,25.8541666666667,2.73783435821533,29.8606000082833,135644.790728648,132848.537093052,42,24174.9653198706,29102.6494326939,FALSE,FALSE,FALSE
"A0019392",115.972955377468,-0.495185473296715,"Maus et al. (2022)",231.263040267598,"Indonesia",32780.5114775864,35063.0479777553,35090.0804511437,38642.5336239413,15154.1331352572,108246.893983565,3.65799999237061,4.60100006288098,26.09375,2.44700295584542,24.0111479759216,86571.0369109446,77534.5246495545,46.3333333333333,40217.553556171,24377.5531786122,FALSE,FALSE,FALSE
"A0019394",115.614812014597,0.0986723678357602,"Maus et al. (2022)",708.815324041814,"Indonesia",18027.4334001964,39951.8584277845,39635.9550766894,35401.6187280144,6575.18708084208,138029.997895739,3.65880000591278,4.60741112497118,25.8625,1.67418208096054,8.45364848336021,31693.9105603268,21996.6486012745,84,33470.2127256808,43403.5583417359,FALSE,FALSE,FALSE
"A0019395",115.646090693232,0.0836632686852227,"Maus et al. (2022)",195.762358233346,"Indonesia",16301.472038213,37244.466838616,36865.2855133499,32684.4199359522,7544.42665017741,139450.254024718,3.66600000858307,4.61288884834007,25.71875,1.76829128998976,9.46070671081543,35174.2672950669,24957.8570453754,98,37054.8511212886,41116.9434591413,FALSE,FALSE,FALSE
"A0019396",115.818543897694,-1.82433175416517,"Maus et al. (2022)",1044.00807762145,"Indonesia",30744.0717525307,975.031884356913,3807.45955041228,46897.1034522761,20718.3885715889,39294.6917641313,3.59492309276874,4.5184963428191,25.5432692307692,1.7198655845514,10.7403892296464,3852.51153251531,2124.94413441661,109.8,8560.46455187532,33818.6119508827,TRUE,FALSE,FALSE
"A0019397",114.830703512257,-3.97047768999662,"Maus et al. (2022)",67.3958688883305,"Indonesia",13575.3161995503,412.883058725549,27624.4847912912,57951.2600755536,7152.5614517002,17405.3867336001,3.62899994850159,4.5460000038147,26.5,3.69061556458473,48.438533782959,58639.8938903893,58720.8973658682,30.5,92905.7826832641,7570.4846074011,FALSE,FALSE,FALSE
"A0019398",115.00130301537,-3.82393820439017,"Maus et al. (2022)",185.818569825405,"Indonesia",25193.7161975259,12017.948015631,27945.3108016136,47214.5885416218,7452.92904710428,22169.2556065938,3.49900007247925,4.38382608994194,26.25,2.99969594677289,32.6550833384196,34620.1596041551,35051.1543066432,30.3333333333333,95586.0689766502,2684.99538108714,FALSE,FALSE,FALSE
"A0019399",114.977370032592,-3.82198173487413,"Maus et al. (2022)",87.6094503197641,"Indonesia",22827.9572345383,13849.4661611942,25721.380962871,46013.7009715601,9131.2709589111,19810.6366000678,3.48699998855591,4.37650003433228,26.25,3.28578356901805,40.065736134847,37479.3494098606,38021.9657880897,38,93644.4975032693,4125.01820744553,FALSE,FALSE,FALSE
"A0019404",115.027487638738,-3.20124184493133,"Maus et al. (2022)",9.30556573417202,"Indonesia",18908.9081054851,2734.24616650561,21666.0450572778,37901.2279502348,16471.3773716309,28558.0880467686,3.72200000286102,4.67799997329712,26.4375,3.34936308860779,47.9213485717773,64021.3491812904,66504.4405452001,13.5,75324.3594090219,20591.7604987601,FALSE,FALSE,FALSE
"A0019405",114.983400956421,-3.25922640458517,"Maus et al. (2022)",70.4209595696847,"Indonesia",10590.8102843574,5356.41438828686,26606.9381382043,29599.0977821943,10035.4377360089,20142.9639850704,3.70624995231628,4.64874994754791,26.140625,3.53890175819397,53.1737102508545,60770.9594305555,63245.8227075718,55,70234.6127033853,16607.9116527197,FALSE,FALSE,FALSE
"A0019406",114.968455918958,-3.27015942499452,"Maus et al. (2022)",138.191886577953,"Indonesia",8822.10269208152,5761.20535916205,24527.2605637257,27199.3066684861,8284.46586138614,17898.3958957357,3.69999992847443,4.64317647148581,26.25,3.38120367947747,45.4310998355641,60561.3815710865,63029.5654533269,51,68013.780480408,16468.9606662455,FALSE,FALSE,FALSE
"A0019407",114.937983215107,-3.31029848941491,"Maus et al. (2022)",198.214141220181,"Indonesia",3671.17691688067,2938.85721516176,18764.6054974176,21615.9166476277,3275.7312578345,12154.162153186,3.68650007247925,4.62542306459867,26.28125,3.36736201203388,46.1044790848442,59222.7786522189,61650.63700091,28,65500.2573768139,16352.5021551556,FALSE,FALSE,FALSE
"A0019409",115.090414801384,-3.27108451599822,"Maus et al. (2022)",13.7522287355436,"Indonesia",15010.4858640138,5403.40960530694,26753.9882706659,38611.3911360634,9878.64833312507,28320.3748386621,3.68599998950958,4.62200021743774,25.9375,3.90422749519348,72.677848815918,53942.304063187,56419.3182647786,88,82324.6063999294,10893.818255612,FALSE,FALSE,FALSE
"A0019410",115.345735088226,-2.94915553742502,"Maus et al. (2022)",425.679787539326,"Indonesia",16281.6072014211,12058.6798031269,19580.3834088032,80337.9373749133,0,16776.4854237936,3.55824995040894,4.45214289426804,25.3125,3.14673657076699,59.8870009694781,83616.821554753,82856.617636554,206.5,91748.0034729726,16529.2701561361,FALSE,FALSE,FALSE
"A0019411",115.328464760399,-2.85788195122235,"Maus et al. (2022)",26.6777575310708,"Indonesia",9001.1100426693,5640.62516166018,10991.2295282496,71417.6211455207,8929.59582460559,8752.73201066465,3.6060000260671,4.52824997901917,25.7291666666667,2.74055302143097,46.2762012481689,79151.1863765028,74216.6217980347,78,83764.4845537723,11325.4677209133,FALSE,FALSE,FALSE
"A0019413",117.049861994639,-0.946247844643721,"Maus et al. (2022)",2500.1073928984,"Indonesia",0,1985.9243254279,7843.09247088653,8186.45617273302,8328.86209083316,25690.6091774388,3.44148274947857,4.32124233392119,26.3254310344828,2.95574812007175,26.9736473418328,158691.198011438,161723.713182701,37.9230769230769,182.775536216302,0,FALSE,FALSE,FALSE
"A0019501",117.086365526871,-0.392823094245091,"Maus et al. (2022)",241.399887719968,"Indonesia",822.920974492921,98.7795059813186,7662.54952425566,15862.506608534,1642.52550486584,6317.19813096821,3.50166670481364,4.40377419994723,26.0625,2.85890216687146,30.5508441925049,118600.262427858,115326.769546748,5.5,26131.7053749559,28222.1873849404,TRUE,FALSE,FALSE
"A0019504",114.962004656802,-0.73030598721005,"Maus et al. (2022)",861.987611269491,"Indonesia",33267.2218880999,0,15952.5205860732,22119.9364363774,30821.5481584268,21527.534578271,3.67189998626709,4.61212390292007,25.875,1.89324540964195,14.7010901485171,85829.4141292865,91344.595286646,59.7,100007.03332578,25076.9306923976,FALSE,FALSE,FALSE
"A0019505",114.971378025054,-0.76447248091501,"Maus et al. (2022)",84.0918093572519,"Indonesia",35668.0512337526,1544.95076861483,15323.7822353123,20498.8415814034,29018.5994938094,19821.9000437052,3.66583331425985,4.60623077245859,25.8645833333333,1.96559945344925,16.4615840911865,91056.3413478482,96263.5693893241,62,97832.2410379539,24050.9060456221,FALSE,FALSE,FALSE
"A0019506",116.257576628279,-2.96355550243352,"Maus et al. (2022)",148.645789479815,"Indonesia",69951.4150845605,24040.6727052065,34038.0183564309,35747.3699056732,2292.51133632622,27413.7913951819,3.83200001716614,4.81270003318787,26.5,2.557849191484,18.7176674434117,114132.616289144,117838.256237521,41.8571428571429,101090.614676135,3920.43253780616,FALSE,FALSE,FALSE
"A0019507",116.307290390488,0.376450784625072,"Maus et al. (2022)",176.796495294324,"Indonesia",73564.3365053285,76869.003276097,77799.2214733612,14367.0237647164,13364.7276550453,112336.513848644,3.77099998792013,4.74799999323758,25.75,2.33896048863729,21.3652682304382,115075.699450246,104916.501427182,57.5,37347.7238467943,34410.7706205345,FALSE,FALSE,FALSE
"A0019731",101.910016351409,-0.60738717230882,"Maus et al. (2022)",14.6679493831762,"Indonesia",8532.42111069123,9952.85152503495,16479.5188329168,53790.7463725565,1809.2885573104,37724.6504847445,3.60533332824707,4.52266645431519,25.6875,2.3652822971344,19.4862041473389,131691.136293874,127768.152297604,74,7214.15371685257,31874.4274560536,FALSE,FALSE,FALSE
"A0019751",117.302045153509,0.153448589123573,"Maus et al. (2022)",15.7530033164989,"Indonesia",47535.1138949196,12415.2218997688,14446.7888056028,18946.6132153278,1424.82019794514,15753.0629573851,3.55200004577637,4.44749999046326,25.1875,3.80198037624359,60.7161693572998,53923.8036861627,50828.7446402741,165.5,956.345186297034,7409.66983200465,FALSE,FALSE,FALSE
"A0019814",117.638750862958,0.931764497316257,"Maus et al. (2022)",3818.38060376471,"Indonesia",136454.96421489,10181.0617895176,20487.0224402682,36382.601515077,11647.9316643053,39224.0634251209,3.57183719790259,4.47668016777347,25.0043604651163,2.63521472750039,25.851297993689,4467.85161081758,6555.55140409024,156.5,32980.8274663885,40274.6449838291,FALSE,FALSE,FALSE
"A0019819",103.146368776695,-2.48220578851313,"Maus et al. (2022)",35.6490925643847,"Indonesia",80081.3977497388,34974.9063537711,46911.6279192747,53903.0833919714,20255.1172321111,49313.5954752042,3.67849999666214,4.61625015735626,26.21875,2.57393211126328,22.9341616630554,160691.863837423,155640.214174634,74.6666666666667,1168.88796318163,49054.4535898015,FALSE,FALSE,FALSE
"A0019820",103.852913253642,-3.75256531598757,"Maus et al. (2022)",18.7645820867041,"Indonesia",31763.2448554798,4416.26630376397,6222.1571790741,50968.0426669413,2956.55342975003,4154.90160213502,3.86800003051758,4.84800004959106,26.25,2.99715852737427,34.4962558746338,7822.33884633088,8398.29768479305,90.5,46614.1269144098,22216.933597243,FALSE,FALSE,FALSE
"A0019822",117.648660831014,2.10023565658771,"Maus et al. (2022)",527.210995739101,"Indonesia",55964.7578729142,7586.09828659737,16892.0283713413,12293.158923647,8299.81292346766,13944.7272473705,3.60450001557668,4.53760869952216,25.9479166666667,2.02144573391348,12.9191839107569,36337.7438235294,29386.2077858686,28.8,15242.8501533255,12970.6013810369,FALSE,FALSE,FALSE
"A0019823",114.827416200227,-1.03165585272743,"Maus et al. (2022)",34.2243370615469,"Indonesia",31724.9385552435,14983.1830335697,18307.1137623844,10189.5343000676,5497.29320099622,9543.64431640866,3.65766668319702,4.59820003509522,26.125,1.64927915732066,10.1267719268799,125708.670848305,130882.745549035,36.5,88408.5014625754,3598.92531768576,FALSE,FALSE,FALSE
"A0019824",115.884987737869,0.27238455141422,"Maus et al. (2022)",76.9676192149446,"Indonesia",45868.3760089519,56724.8474093284,55690.4502628994,40790.9406894654,21966.6089948093,141352.7475661,3.76419997215271,4.73581821268255,25.6,1.41509245501624,5.22429087426927,67892.7030239626,58367.8435114377,83,21549.3713806538,63852.1632358075,FALSE,FALSE,FALSE
"A0019828",116.204673810677,-1.66261904652197,"Maus et al. (2022)",209.14543916766,"Indonesia",74897.9239138087,5218.46095400834,18813.9319873415,23372.7744846937,983.091897126163,23860.342609152,3.61700010299683,4.54070370285599,25.90625,2.08470467420725,13.8318961583651,39864.9650396308,41702.8155863008,17,55363.3611639397,36.1335608692419,FALSE,FALSE,FALSE
"A0019829",117.755411032783,0.763419274135462,"Maus et al. (2022)",58.014362118935,"Indonesia",131572.008638168,6308.63346676414,6273.29160893348,24506.9061837832,12222.3236889917,34018.6422149665,3.79299998283386,4.76922225952148,26.125,2.65512263774872,26.9862475395203,6484.48846793053,12258.3328275919,17,38584.9482403514,36589.529519829,TRUE,FALSE,FALSE
"A0019830",103.734476376819,-3.61238568076981,"Maus et al. (2022)",42.8339866920382,"Indonesia",26166.3965541011,3608.45345449826,13018.9811002566,38207.0017961584,3099.7220602175,5081.22595353907,3.87800002098083,4.86199998855591,26.3125,2.98983860015869,41.9360226222447,19186.477861761,14029.029776718,59,41575.0960757782,22965.6693524405,FALSE,FALSE,FALSE
"A0019831",117.276376540365,-0.732003222588747,"Maus et al. (2022)",5.13688481288966,"Indonesia",3662.21877007247,4985.98474597544,9711.53573392567,30301.7645008784,3810.16293819408,19556.8686058233,3.54999995231628,4.46199989318848,26.5,3.03195506334305,28.9934511184692,149334.452593563,145523.094941361,3,0,15508.0982720099,FALSE,FALSE,FALSE
"A0019832",103.214288096558,-2.61026138403231,"Maus et al. (2022)",234.165813373306,"Indonesia",70399.1127388464,33505.4268335851,59671.1164495722,40494.640041447,3397.54034890254,62273.9742053651,3.71800001462301,4.66558625780303,26.3125,2.4892466545105,23.6497100194295,143817.674031641,138767.244617116,51,7267.29979596006,44635.3570105234,FALSE,FALSE,FALSE
"A0019833",117.310866203571,-0.245827186201129,"Maus et al. (2022)",124.392768489922,"Indonesia",20572.5868234951,20.0567269186181,6840.22190269616,12240.6628042052,7930.97107199435,23712.7133280104,3.50399994850159,4.40793752670288,26.0625,2.95007352828979,27.5470396677653,95041.6083430922,91360.392938665,40.5,9531.08993796493,47314.5676000614,TRUE,FALSE,FALSE
"A0019835",116.860233352866,-0.106703408469837,"Maus et al. (2022)",865.852450157487,"Indonesia",146.855854822913,25924.7888793041,31274.0599324351,29474.6059276787,872.222598239075,31787.7861311742,3.55811113781399,4.48266072784151,26.0833333333333,2.49318921786767,22.0560791404159,103278.554676561,101090.383783869,16.25,8281.22706317426,12352.1246605496,FALSE,FALSE,FALSE
"A0019836",117.280828924721,-0.618666062125167,"Maus et al. (2022)",34.4287145074137,"Indonesia",6599.6665120469,1607.49223561759,2125.41335555293,25906.4889146502,1273.72798991446,11391.500952291,3.51200008392334,4.42124998569489,26.375,3.00012004375458,29.5528354644775,136631.790435492,132845.94614033,8,0,23883.383278678,FALSE,FALSE,FALSE
"A0025595",115.0708992722,-3.34289346752106,"Tang & Werner 2023",2.81834218080774,"Indonesia",10600.6594399994,7261.63438401374,27821.8490858173,33577.1301851014,3026.71315830523,22744.6406197004,3.67600011825562,4.61600017547607,26.1875,3.75716519355774,72.1810989379883,48009.4770895161,50491.9018742373,45,81307.2245744023,4195.09541421909,FALSE,FALSE,FALSE
"A0025596",115.031190406303,-3.35719777531122,"Tang & Werner 2023",2.09749203158689,"Indonesia",9285.58576918387,5237.33223066906,23192.2822987259,28870.0124282757,658.69133575867,18045.7511028026,3.68300008773804,4.61549997329712,26,3.88275414705276,80.4069538116455,49195.0579683111,51659.8157485827,91,77232.9361871156,5396.66176226183,FALSE,FALSE,FALSE
"A0025633",115.108242177484,-3.9266433405786,"Tang & Werner 2023",135.992937335882,"Indonesia",39463.2357611572,0,43879.2578379691,63656.6353517819,7927.14097947043,31258.1569375142,3.74349999427795,4.69611112276713,26.34375,3.19117847610922,36.7933679468492,30956.6396408079,30248.5156997032,8.5,112281.675405098,1910.57403319547,FALSE,FALSE,FALSE
"A0025634",114.888829066015,-3.93102614656699,"Tang & Werner 2023",38.2078797404855,"Indonesia",17436.1246091021,3433.6465342779,26338.6429085755,54707.2977510982,0,16589.8052452671,3.59940004348755,4.50780000686646,26.4625,3.61547403335571,44.7766799926758,50851.8937481703,50973.8640390892,22.5,94132.0229509326,8017.97662724143,FALSE,FALSE,FALSE
"A0025719",104.149619477413,-4.12111308277264,"Tang & Werner 2023",162.205818849901,"Indonesia",64982.3680715979,579.481835826784,2003.5652268828,39716.0661633055,214.475341314055,0,3.88000011444092,4.86890909888528,26.09375,2.38099676086789,23.1267600286575,54079.8148151771,58486.0238161993,58,74488.0743660206,51407.4328613924,TRUE,FALSE,FALSE
"A0025726",116.428547362228,-3.40433172868385,"Tang & Werner 2023",60.0001286817632,"Indonesia",84784.9939924878,16141.3475502057,30002.0367253321,30610.1199549092,27418.4253467296,27401.6403451874,3.92000007629395,4.90642854145595,26.8125,3.03374513983727,35.854900598526,129251.907781592,128651.802705134,0,153330.89801009,4471.47427539108,FALSE,FALSE,FALSE
"A0025727",116.426407978505,-3.39134407085885,"Tang & Werner 2023",65.3248507449875,"Indonesia",84405.8598264413,16354.5839758253,29441.229400095,30093.1248904426,26854.4348867267,26271.1666582151,3.93400001525879,4.91866662767198,26.6875,2.88492260660444,30.1144515446254,129344.022825485,128760.459032547,0,151546.544763752,4732.04902673576,FALSE,FALSE,FALSE
"A0025728",116.423863914333,-3.42333549229922,"Tang & Werner 2023",18.8078765525059,"Indonesia",85084.2191457927,15401.5115267965,30705.5061429972,31225.8197180766,28135.4634059105,28567.4614110729,3.91250002384186,4.89300012588501,26.5625,2.99883079528809,33.6628487904867,128633.790839143,127994.501478623,0,155019.468232758,4006.8843220663,FALSE,FALSE,FALSE
"A0025729",116.406771359591,-3.43619982102568,"Tang & Werner 2023",32.0024421593627,"Indonesia",83603.4282802032,12998.0293020466,29878.5215984445,30271.4168449117,27344.1908605946,28354.5335520098,3.86400008201599,4.83824992179871,26.4375,2.5736448764801,19.3296924591064,126193.901975002,125535.352058669,0,155378.127396432,2696.86928396063,FALSE,FALSE,FALSE
"A0025730",115.655737584605,-3.60106096642842,"Tang & Werner 2023",78.306803013885,"Indonesia",40269.553394053,8385.85778415567,18405.3976892388,41387.4929108611,12343.3912268067,32580.4149334527,3.58699989318848,4.49374997615814,26.1875,2.30217571258545,16.7145656585693,40542.9401037133,40029.5068865066,18.5,150657.941162281,31453.9111309856,FALSE,FALSE,FALSE
"A0025731",115.65212628438,-3.6272454949694,"Tang & Werner 2023",11.1732339206693,"Indonesia",43572.90888907,6705.00960151188,17316.7895105861,43873.0725806485,10208.1424826902,31569.0874828229,3.59899997711182,4.51150012016296,26.25,2.5468316078186,21.6955604553223,40084.1785212296,39468.1829756603,14,151251.913494181,32718.4748531026,FALSE,FALSE,FALSE
"A0025732",115.686794248256,-3.73111214026336,"Tang & Werner 2023",18.4307897329437,"Indonesia",55023.6550819214,4301.48843890248,18344.8199199836,48177.6331476639,590.671331004068,30905.6237841018,3.80699992179871,4.76900005340576,26.625,3.43391609191895,48.0543111165365,42831.5355683109,41536.0070367681,9,158716.388576255,38277.6487609626,FALSE,FALSE,FALSE
"A0025737",115.934402594899,-2.62256979368254,"Tang & Werner 2023",3.30520148330361,"Indonesia",52328.3469582803,16982.3843421674,60839.416991967,49589.6804112106,28319.1896551624,59168.1124306878,3.59150004386902,4.50450003147125,25.09375,1.90801525115967,9.40964889526367,62709.7391072474,66323.7763214719,136,51198.553299837,27159.2822264653,FALSE,FALSE,FALSE
"A0025739",115.802641088471,-3.45873723409616,"Tang & Werner 2023",616.687184494484,"Indonesia",27273.2556926719,14726.351425611,17938.0412889486,18675.5346461491,18381.590122247,17471.8098598518,3.60337498784065,4.52370369287185,26.015625,2.41828388383944,20.7332741724302,60176.0563266306,60086.5224609448,22.5714285714286,138564.623252083,19204.1940653673,FALSE,FALSE,FALSE
"A0025740",115.830712463377,-3.46350421046166,"Tang & Werner 2023",67.1474303942684,"Indonesia",29967.9503150413,13416.8613420256,16604.1643634569,17371.6042525495,17083.2683851942,16289.0087631815,3.59580001831055,4.51111115349664,26.075,2.19062001054937,15.9391254945235,64523.3739807771,64378.3333267046,23,140136.737655514,17805.3643841246,FALSE,FALSE,FALSE
"A0025741",115.845850995948,-3.470300043822,"Tang & Werner 2023",125.920585559347,"Indonesia",31497.6241979905,11721.1300329748,14080.6067017607,15664.4188500862,14720.359660036,14769.5855750502,3.58800005912781,4.50400002797445,26.1666666666667,2.22138810157776,16.1693013310432,65167.7479459547,64967.5655660196,14,141003.437706146,15265.2383722668,FALSE,FALSE,FALSE
"A0025742",115.859040340754,-3.47240472287113,"Tang & Werner 2023",0.705122071483818,"Indonesia",33212.1620679906,11563.0530975926,13931.7043057659,15509.034281855,14565.9945445444,14632.0012913954,3.57699990272522,4.49499988555908,26.25,2.22587144374847,16.6872234344482,67492.8603510212,67250.5236417629,10,141773.267865538,15148.2097380664,FALSE,FALSE,FALSE
"A0025743",115.858609614722,-3.47118346887691,"Tang & Werner 2023",0.5260335635819,"Indonesia",33089.1048357069,11540.1360436511,13988.1981470523,15484.0241832189,14604.8787647646,14594.3224819374,3.57949995994568,4.49399995803833,26.21875,2.22033393383026,16.6408252716064,67504.4315123791,67266.041215324,10,141658.650102565,15256.8057986541,FALSE,FALSE,FALSE
"A0025744",115.850827040342,-3.45582269326086,"Tang & Werner 2023",38.0171347404944,"Indonesia",30962.6651949661,10891.7413660047,14309.4027120508,14847.2401743401,14772.2944392757,13787.4812462214,3.57299995422363,4.4907500743866,26.1875,2.20299816131592,15.8849148750305,66363.844746233,66196.2849884754,14.6666666666667,139638.592535627,16003.8158116636,FALSE,FALSE,FALSE
"A0025745",115.831162141066,-3.45028256314757,"Tang & Werner 2023",17.0022605041811,"Indonesia",29176.9558854147,13274.4218758962,16939.5135390115,17211.5996926616,17392.8781818378,16021.7488423557,3.58250004053116,4.5,26.046875,2.12776637077332,14.4433505535126,65298.1207715361,65194.2762044277,24.5,139002.9942864,18567.1426617052,FALSE,FALSE,FALSE
"A0025749",117.316681168518,2.08294694819607,"Tang & Werner 2023",3.59874018384179,"Indonesia",72558.6596814495,18212.3994633483,18245.4966861039,13482.4192507022,474.628200158528,16219.6282473609,3.69499999284744,4.65500005086263,25.859375,2.61830586194992,32.977059841156,22802.8169931305,12288.3944963204,20,24132.738248378,49460.1884759317,FALSE,FALSE,FALSE
"A0025750",117.318763379532,2.08480605364775,"Tang & Werner 2023",6.28680500397843,"Indonesia",72200.3102270696,17898.5397589011,17924.8163040714,13129.2788108666,463.945980283107,15852.9802309951,3.69700002670288,4.6560001373291,25.875,2.61524558067322,32.6947822570801,22896.1797114833,12328.6811471696,20,24057.6623681049,49256.5382699183,FALSE,FALSE,FALSE
"A0025751",117.313395398001,2.08583944142746,"Tang & Werner 2023",20.4438552316637,"Indonesia",72114.8826348632,18255.0180588133,18269.8372607317,13399.4715017558,0,16052.2379129106,3.69466662406921,4.65766668319702,25.875,2.63410019874573,33.8644307454427,23034.490554759,12573.90586223,18,24520.4418821001,49735.5241582794,FALSE,FALSE,FALSE
"A0025752",117.677783169715,2.03349113211404,"Tang & Werner 2023",1.28342507174591,"Indonesia",63340.7782272773,3508.83851353342,24268.768856191,7656.16512812412,4377.95862603899,22090.5738915637,3.65399992465973,4.60050010681152,26.03125,2.1638571023941,16.8181300163269,36817.7293714078,32683.9461442817,20,11220.6101922393,9303.41085689491,FALSE,FALSE,FALSE
"A0025753",117.51824678245,0.695048511765652,"Tang & Werner 2023",25.3063711559207,"Indonesia",111635.594153218,9097.85179214957,18567.5636201071,19921.5548392378,14074.7423929131,15092.0424354864,3.63900005817413,4.58166662851969,25.875,2.39942091703415,18.1861209869385,7983.43778891577,7101.74730651595,22,16129.1197428734,15463.1170902476,FALSE,FALSE,FALSE
"A0025754",115.94320358278,-0.532985040494424,"Tang & Werner 2023",51.2992769614626,"Indonesia",34600.3843885483,37356.2660941935,37627.7986628834,41042.1467104056,17062.8224766538,112935.14311574,3.65399998426437,4.59866666793823,25.984375,2.41961211628384,22.2861751980252,87272.4774983857,78687.6032879853,56.6666666666667,37661.5298726986,25316.3426662376,FALSE,FALSE,FALSE
"A0036846",104.181194429284,-4.07413144194982,"Tang & Werner 2023",21.6890835196487,"Indonesia",59736.5752695872,3302.95718332868,3254.47223789595,42107.4595144345,2979.29604958112,2966.94658541266,3.84899997711182,4.8289999961853,26.09375,2.35145998001099,20.2375990549723,54160.678585544,58225.3710067496,69,68515.3909069842,54444.7516984886,FALSE,FALSE,FALSE
"A0036847",104.175499261429,-4.07299428986477,"Tang & Werner 2023",18.0215659651495,"Indonesia",59622.9997842011,3381.91468257555,3339.54164904848,42517.6768253464,3667.71746669965,3042.62042114889,3.85333331425985,4.83300018310547,26.0625,2.41562938690186,21.9045267105103,53487.6497550493,57559.6841320172,70,68824.3217475108,53826.2474979713,FALSE,FALSE,FALSE
"A0036848",104.160811865262,-4.07533655227316,"Tang & Werner 2023",4.40877939831768,"Indonesia",60426.6894473779,3101.42815787047,3316.28725466062,43484.6692365494,3976.99754489686,3070.62438163247,3.86449992656708,4.84600019454956,26,2.3358519077301,19.6199016571045,52626.2919635977,56778.7421601062,73,70162.8045521459,52406.1700430198,FALSE,FALSE,FALSE
"A0036849",104.155493188018,-4.07484212705829,"Tang & Werner 2023",8.02649765769715,"Indonesia",60417.1297242977,2968.59168014128,3456.10430516918,43818.9571888311,3554.5333552491,3234.94609574088,3.87099993228912,4.85049986839294,25.96875,2.31923246383667,19.1461734771729,52101.7983811451,56272.4576069951,77.5,70421.8327611383,51785.2513236993,FALSE,FALSE,FALSE
"A0036850",104.157475651098,-4.07142464439185,"Tang & Werner 2023",5.55408545633018,"Indonesia",60118.7441751908,3468.30221727717,3735.42692716482,43899.6773806918,3546.24613566722,3492.04966876972,3.8659999370575,4.84700012207031,25.96875,2.3804616133372,20.7906195322673,51972.4822656124,56123.1705734981,75,70037.3942170422,51864.9551459677,FALSE,FALSE,FALSE
"A0038188",115.834499461269,-1.71998655174145,"Tang & Werner 2023",485.605587851964,"Indonesia",40341.9132331219,1255.94665120019,11214.8032385578,48835.2937540464,24833.9210826879,41762.1338686225,3.53580002784729,4.43734376877546,25.625,2.20036089041876,17.1552000651284,7501.14571490041,13470.2143731621,102.8,14922.2252058449,34529.0378835928,FALSE,FALSE,FALSE
"A0040166",117.263533534473,0.126325699191252,"Tang & Werner 2023",9.81441353738675,"Indonesia",42706.9680512714,14298.7372144866,19099.6882900738,22856.2268397206,2744.33068464787,19757.0880335471,3.52049994468689,4.42700004577637,25.71875,3.06794416904449,30.4749412536621,58696.5498094497,55699.4831762984,84.3333333333333,5401.00799437361,11926.2906122595,FALSE,FALSE,FALSE
"A0042081",115.64707965077,-3.68840338319573,"Tang & Werner 2023",6.0747232923355,"Indonesia",50591.5195009273,1549.74049826899,14168.1775434795,48326.6937963668,3910.29196262767,28050.2160741643,3.71300005912781,4.65100002288818,26.4375,2.60890483856201,22.4121398925781,38540.1526754935,37514.1965338549,20,153006.672816027,36942.0294226716,FALSE,FALSE,FALSE
"A0042082",115.63986054653,-3.69430313692033,"Tang & Werner 2023",1.40259432638734,"Indonesia",51350.2303943318,941.237520558111,13329.6845464899,49458.5889561971,3897.56281965701,27156.4413248445,3.72900009155273,4.66149997711182,26.375,2.70169019699097,24.9466428756714,37757.7498606348,36698.2997416575,25,152533.463583423,36945.4348087481,FALSE,FALSE,FALSE
"A0042083",115.647935715071,-3.70132396245005,"Tang & Werner 2023",6.66745690053646,"Indonesia",51848.1172401388,183.545087389909,14117.0016686355,49189.6580070167,2573.09032261239,27679.8976642732,3.73950004577637,4.68539991378784,26.46875,2.59494113922119,21.9385862350464,38629.1177986944,37507.9638009454,18.6666666666667,153568.955373093,37948.896187814,FALSE,FALSE,FALSE
"A0042084",115.649369103797,-3.69735008221686,"Tang & Werner 2023",8.49230580913769,"Indonesia",51496.3612716416,497.41089680556,14231.8424239129,48755.3255656501,2848.53619531125,27912.0387122897,3.73199999332428,4.67549991607666,26.46875,2.58391356468201,21.5247344970703,38699.489716478,37616.1309864323,18.5,153546.759501798,37774.9151256586,FALSE,FALSE,FALSE
"A0042085",115.648399616563,-3.6938116120609,"Tang & Werner 2023",5.0449078434196,"Indonesia",51117.5263152822,966.230293984987,14228.5941071127,48520.156890973,3318.20969663204,27986.5858317894,3.73199999332428,4.66499996185303,26.46875,2.58115464448929,21.6143388748169,38671.4173746393,37606.1789435599,18.5,153373.950063028,37510.8398257248,FALSE,FALSE,FALSE
"A0042086",115.592779589806,-3.74847947532498,"Tang & Werner 2023",1.92559636571594,"Indonesia",56859.9066207516,5218.65834515944,8862.65825005706,57319.9785591632,7056.81253846236,20451.054841968,3.81200003623962,4.78449988365173,26.5625,2.88320970535278,26.4441833496094,32755.8710603142,31322.3324426807,17,149836.878807638,37994.4860695984,FALSE,FALSE,FALSE
"A0042087",115.464836355254,-3.80044475650298,"Tang & Werner 2023",16.9194912067897,"Indonesia",54138.8524395246,4349.02089633248,11031.4500285844,71654.8324772629,293.512258019762,6035.54598534577,3.81300002336502,4.77449989318848,26.53125,3.10745632648468,33.8757266998291,20673.0733365793,18590.2513222714,11.5,139231.15240878,32361.6537265568,FALSE,FALSE,FALSE
"A0042088",115.466988345758,-3.80514101270871,"Tang & Werner 2023",2.8903166187195,"Indonesia",54733.9075038597,4941.91708538322,11618.3232618436,72122.5006778189,0,6655.15710290924,3.82000005245209,4.785666624705,26.5625,3.34165032704671,42.0659688313802,21304.9217356763,19219.3446653702,10.5,139861.968632983,32992.0154177723,FALSE,FALSE,FALSE
"A0042089",115.471463430683,-3.81173965506781,"Tang & Werner 2023",87.3575128648217,"Indonesia",55170.5754790689,5385.58410997581,11499.1379826251,71693.5093310375,0,6998.00246560035,3.83500003814697,4.80100003878276,26.5625,3.63782731691996,54.5323864618937,21684.5348494297,19581.4461076895,10,140231.149075866,33359.41214563,FALSE,FALSE,FALSE
"A0042090",115.478475129348,-3.80111597519541,"Tang & Werner 2023",26.941863641023,"Indonesia",54924.1650356771,5205.18065112327,10265.470732062,70533.5467118396,0,7564.58790437681,3.82099997997284,4.7885000705719,26.5625,3.30992945035299,41.7841428120931,22055.5331999894,20046.2139466243,9,140624.174179032,33785.7470031785,FALSE,FALSE,FALSE
"A0042091",115.485976872362,-3.80548947911079,"Tang & Werner 2023",49.5660123832091,"Indonesia",55661.4882486685,5834.08617331049,10192.5469461921,70010.6800864037,0,8320.99815866685,3.8289999961853,4.79671423775809,26.625,3.45992803573608,48.5931425094604,22786.6439244005,20773.8695086346,7,141357.416937976,34512.1076986547,FALSE,FALSE,FALSE
"A0042093",115.317718940755,-3.878343515404,"Tang & Werner 2023",83.6390465573372,"Indonesia",51391.1324564611,3713.38625841616,28363.1556743684,75692.6504367387,5880.294829236,9912.8275666155,3.83100008964539,4.79739999771118,26.625,3.70292364226447,56.9340065850152,18223.7869350261,15973.8672818247,11,129217.452591537,22412.3236202655,FALSE,FALSE,FALSE
"A0042094",115.303058014031,-3.8841132003329,"Tang & Werner 2023",46.9054137978684,"Indonesia",51044.7802829085,3965.29043493752,30225.9466282488,74904.4246950668,5003.99506791102,11503.1089436199,3.84400010108948,4.81020002365112,26.6875,3.70782113075256,57.7156573704311,18796.7597388307,16655.6432234546,9,128331.985359355,20924.8848326945,FALSE,FALSE,FALSE
"A0042095",114.765037644851,-3.88727058399767,"Tang & Werner 2023",63.1328640357483,"Indonesia",3290.56772339821,1367.16664604417,16992.5663275058,48427.7026283403,7714.78920040631,7457.91170794105,3.64299988746643,4.55787509679794,26.1875,4.21500182151794,71.8727035522461,61749.8134546596,62280.6674524727,38,81058.4377681716,19049.021641873,FALSE,FALSE,FALSE
"A0042096",114.756904356228,-3.89275906999672,"Tang & Werner 2023",3.87144220020875,"Indonesia",2884.68181244615,2947.27606046542,17884.5532353407,49362.6381879137,8707.65111501154,8521.53381627669,3.6489999294281,4.56874990463257,26.3541666666667,4.06654723485311,64.4838930765788,63325.027143128,63849.8813362616,39,81323.1979678216,19458.5239856992,FALSE,FALSE,FALSE
"A0042097",114.756988908562,-3.89639247918107,"Tang & Werner 2023",2.77792627675377,"Indonesia",2974.26895620822,3165.27203014376,18311.9431868738,49796.3438929967,9150.05321092137,8961.23100123335,3.65199995040894,4.57100009918213,26.375,3.97151867548625,59.9802538553874,63514.3326558668,64021.0723000022,39,81593.0394522439,19116.3543399631,FALSE,FALSE,FALSE
"A0042098",115.619097527989,-3.69462217367273,"Tang & Werner 2023",0.814755169504233,"Indonesia",51657.5626828384,664.314289651531,11091.3180731431,51309.2660070269,5663.91364477065,25016.3635628023,3.72099995613098,4.65499997138977,26.375,2.83830817540487,27.2405268351237,35489.1601281667,34441.286139012,25,150398.297652118,35375.8089254555,FALSE,FALSE,FALSE
"A0042099",115.614178626649,-3.72376312092296,"Tang & Werner 2023",10.3206502068712,"Indonesia",54675.0649602059,2079.94690961651,10347.7371403801,53611.9957853612,4526.27035819047,23364.7245577591,3.76400005817413,4.70799994468689,26.5625,2.81748612721761,25.7584298451742,34860.9581764316,33615.6757664648,13.6666666666667,150905.376241426,37210.5128742729,FALSE,FALSE,FALSE
"A0042100",115.612353086629,-3.76428898336566,"Tang & Werner 2023",2.36975600339938,"Indonesia",59224.8418815126,6806.52592445813,11604.4293415801,56839.9616679027,5720.54439291641,22334.0243161767,3.83500003814697,4.8033332824707,26.625,3.67708412806193,57.4503568013509,35135.427697396,33607.71826736,9,152512.080693458,40767.1894433348,FALSE,FALSE,FALSE
"A0042101",115.653443419416,-3.59677636927429,"Tang & Werner 2023",2.20181797065908,"Indonesia",40446.7058162975,9232.78357769019,19482.095572134,42032.9904555443,13759.7568452774,33575.4460575023,3.58400011062622,4.4925000667572,26.0625,2.2496435046196,15.3336272239685,41165.1497623851,40726.4326222518,19,150600.57567067,31196.659769786,FALSE,FALSE,FALSE
"A0042102",115.561891656766,-3.59593124839297,"Tang & Werner 2023",2.93845899343693,"Indonesia",39693.1870990873,11096.6827571113,13588.3460523347,51133.0589107835,10074.9362359316,26100.3148277235,3.58599996566772,4.49100017547607,25.9375,2.28288155794144,16.1589481830597,31686.6713714197,31514.7395281529,42.6666666666667,140859.15608017,23077.5231082379,FALSE,FALSE,FALSE
"A0042103",115.562111279352,-3.5922779410101,"Tang & Werner 2023",2.00138092290748,"Indonesia",39323.8706543582,11520.4871360474,14031.442062929,51024.6772159743,10081.3979910703,26499.9805658231,3.5789999961853,4.48549997806549,25.9375,2.18009614944458,14.2906923294067,31938.1127496673,31796.8734173978,38,140782.998159301,22769.7605909087,FALSE,FALSE,FALSE
"A0042104",115.563690666648,-3.59343813483946,"Tang & Werner 2023",0.130452223123137,"Indonesia",39608.5165287759,11495.0599076811,14028.6858441213,50937.1014350436,10323.7012128236,26554.4364096569,3.58599996566772,4.48799991607666,25.9375,2.22238349914551,15.083025932312,32090.2829500265,31933.3452511242,38,141046.140500803,23074.310725965,FALSE,FALSE,FALSE
"A0042105",115.565792934445,-3.58763311429035,"Tang & Werner 2023",56.7808866237871,"Indonesia",38423.8129827404,11663.8757035736,14244.9070541641,50100.9200067148,9987.93814278776,26606.2254110325,3.57400000095367,4.48033340771993,25.96875,2.14231198174613,13.6573360988072,31938.6475201683,31816.7181786611,38,140501.656183538,22117.2984046439,FALSE,FALSE,FALSE
"A0042106",115.571633691814,-3.59330381105204,"Tang & Werner 2023",3.08517297521171,"Indonesia",39813.5329239279,11479.821863233,14257.8606242091,50058.3479391006,11119.8394174632,27052.0747438745,3.58800005912781,4.49300003051758,26,2.26511406898499,15.953869342804,32836.0358547775,32645.1602658716,34,141804.639640081,23621.0351927287,FALSE,FALSE,FALSE
"A0042107",115.567714114444,-3.59654143467978,"Tang & Werner 2023",2.78315013772668,"Indonesia",40040.0219865586,11115.6797464702,13780.2230545308,50567.3428566732,10720.8349464382,26495.5383110333,3.58700001239777,4.49566666285197,25.96875,2.29855287075043,16.4558773040771,32253.7345380299,32060.3218012664,42,141498.098968146,23594.2274982945,FALSE,FALSE,FALSE
"A0042108",115.564981799557,-3.57795991163822,"Tang & Werner 2023",0.383218302667618,"Indonesia",38051.5929273719,13209.9465390492,15692.5701484099,50137.0285613647,10414.195421166,27953.7124903365,3.55999994277954,4.46450018882751,25.9375,2.03364992141724,11.6699314117432,32938.7541160815,32894.0556941313,37,140686.878963483,22033.487460738,FALSE,FALSE,FALSE
"A0042109",115.552485560199,-3.579583603568,"Tang & Werner 2023",4.22886764673045,"Indonesia",37607.9406194322,12822.3692549343,15031.7315190752,51414.5785977871,8932.37784453082,26841.7274042348,3.5550000667572,4.4577499628067,26,2.03607153892517,11.9825916290283,31505.6764505872,31498.8670895704,40,139349.435360673,21047.349591011,FALSE,FALSE,FALSE
"A0042110",115.558586190807,-3.58220787948037,"Tang & Werner 2023",2.83588843728705,"Indonesia",38142.7629814565,12578.612864786,14939.0218650783,50894.1323358716,9625.12748136642,27080.5779900462,3.56233334541321,4.46550011634827,25.9583333333333,2.01993958155314,11.5835304260254,32039.7569578595,31992.1183977479,39,140076.397181423,21729.5686814198,FALSE,FALSE,FALSE
"A0042111",115.560092069388,-3.58165520797481,"Tang & Werner 2023",0.273260154814485,"Indonesia",38241.8161603262,12758.1364635391,15136.122262002,50800.8344956785,9848.48025446199,27289.7839751763,3.55999994277954,4.46500015258789,25.9375,2.03018820285797,11.7545547485352,32260.8761841192,32209.3403145789,39,140284.091830697,21900.9034197858,FALSE,FALSE,FALSE
"A0042112",115.457139849095,-3.65627755088628,"Tang & Werner 2023",6.82810357349401,"Indonesia",41701.0199976126,8911.06031336371,9121.07713573773,64481.8325372165,3113.76614461163,13972.9104288465,3.60800004005432,4.52199993133545,26,2.58536696434021,24.0202522277832,18377.4493314399,18062.3886563246,32.5,132000.626001545,20454.6533798922,FALSE,FALSE,FALSE
"A0042113",115.43742765821,-3.67870118835245,"Tang & Werner 2023",65.8539354438336,"Indonesia",41759.009020736,8122.69365304709,9285.81906940488,67118.0361879624,6035.82553358443,10497.0082220714,3.61500000953674,4.53133334053887,26.125,2.57842140727573,23.4073034922282,14899.1649287838,14362.2474817047,30,130425.459140623,21252.6368133718,TRUE,FALSE,FALSE
"A0042114",115.441837349096,-3.68167392090047,"Tang & Werner 2023",10.0395631494785,"Indonesia",42607.2355262764,7894.27496665404,8995.65412346129,67077.8081999382,6354.77099106536,10646.2070215946,3.62033335367839,4.53616666793823,26.1041666666667,2.5809588432312,23.4911117553711,15864.9662278052,15249.8627110923,29,131428.410117259,22024.3346440331,FALSE,FALSE,FALSE
"A0042115",115.443517190812,-3.68922926228566,"Tang & Werner 2023",37.6923687119783,"Indonesia",42890.6574241534,6776.59631482759,8218.77956146367,67057.2719421152,6796.11586617692,9774.42459709623,3.63266666730245,4.54959993362427,26.1041666666667,2.5947611729304,23.6884307861328,15675.4216595023,14976.5997400692,27.25,131596.354658392,22413.2230010781,FALSE,FALSE,FALSE
"A0042116",115.434003420197,-3.69448512907711,"Tang & Werner 2023",47.2299204033787,"Indonesia",42353.5484974922,6616.23873149335,9006.45659839465,68283.051751404,7236.98168234838,8873.15666521935,3.63599991798401,4.55240001678467,26.125,2.6172388621739,24.3869192940848,14074.0782247149,13358.5994657421,28,130333.86429786,22501.4809878962,TRUE,FALSE,FALSE
"A0042117",115.419840882573,-3.69943006869327,"Tang & Werner 2023",55.8647659791445,"Indonesia",41997.9650430443,6553.86111103177,10306.9847525511,69688.6523482104,6634.64246820571,7874.8524746621,3.62199997901917,4.53824996948242,26.0625,2.60342560495649,24.1400593348912,12609.2014400655,11794.657465787,27.5,129412.099834268,22680.355151363,FALSE,FALSE,FALSE
"A0042118",115.416401299609,-3.69518355510444,"Tang & Werner 2023",13.6353269007172,"Indonesia",41569.0344413207,7316.09860339118,10904.9934056106,70039.2680041922,7443.11635528627,8450.35020980374,3.61849999427795,4.53120002746582,26,2.63696002960205,25.0450158119202,12609.5602790643,11910.6384763514,31,129130.433484974,22253.4543777522,FALSE,FALSE,FALSE
"A0042119",115.41721256865,-3.69247862151979,"Tang & Werner 2023",6.79586925923651,"Indonesia",41577.4112566682,7687.07041633596,11273.5997723503,70134.0565163164,7644.33439048569,8806.72309965007,3.61800003051758,4.53050005435944,26,2.65644836425781,25.6263268788656,13026.0814979835,12361.7280516125,31,129331.048589551,22079.9517850138,FALSE,FALSE,FALSE
"A0042120",115.43329491096,-3.67218409874524,"Tang & Werner 2023",2.2051847731324,"Indonesia",41211.1196252025,9277.30737686619,10418.9172112719,67626.1188151098,6056.42634533266,11421.1649389365,3.6065000295639,4.52299992243449,26.0625,2.60298562049866,24.136100769043,15352.1671623031,14947.1008307255,30.5,130276.104057101,20683.1948280935,FALSE,FALSE,FALSE
"A0042121",115.431168660703,-3.67476231093947,"Tang & Werner 2023",3.57041757616628,"Indonesia",41244.2706657208,9107.21750185739,10456.371084305,67979.9526698523,6494.23503995185,11083.4518687778,3.60800004005432,4.52299976348877,26.0625,2.59828716516495,24.0071635246277,15063.6311842239,14629.1817148385,30.5,130107.901256204,20870.4395525597,FALSE,FALSE,FALSE
"A0042122",115.432599455617,-3.67515608231922,"Tang & Werner 2023",0.416453478314129,"Indonesia",41470.6556060657,9105.38205012991,10377.3005215057,67935.5977391153,6506.98860675385,11205.1104315542,3.60800004005432,4.52466662724813,26.0625,2.58460426330566,23.6282176971436,15283.8254889463,14848.5856012085,30,130348.082544387,21065.8327212468,FALSE,FALSE,FALSE
"A0042123",115.429941417563,-3.67667734759761,"Tang & Werner 2023",0.613133021316334,"Indonesia",41371.3170887519,9009.33372272172,10563.764302098,68265.6927686774,6823.37110393483,10967.7270742428,3.61199998855591,4.5239999294281,26.0625,2.58409881591797,23.5829238891602,14909.7774219849,14463.2341950431,30.5,130109.470172018,21086.19510926,FALSE,FALSE,FALSE
"A0042124",115.428159533329,-3.67757779689531,"Tang & Werner 2023",0.573828255953143,"Indonesia",41334.9427081506,8968.90743817607,10740.1428769413,68479.0082032686,7017.02863817195,10802.4497700862,3.61199998855591,4.52449989318848,26.0625,2.60584282875061,24.2931938171387,14727.2512655279,14271.0176547991,31,130003.789967346,21099.8871702919,FALSE,FALSE,FALSE
"A0042125",115.427200925185,-3.67852722701515,"Tang & Werner 2023",1.05666818692019,"Indonesia",41278.4394087708,8878.27093254129,10718.0528085437,68577.8210576166,7154.73817086929,10679.768403955,3.61199998855591,4.52550005912781,26.0625,2.6026417016983,24.1677408218384,14536.9892516011,14081.393840832,31,129865.014102262,21113.3793392091,FALSE,FALSE,FALSE
"A0042126",115.415447347008,-3.68237147000724,"Tang & Werner 2023",2.12317184640788,"Indonesia",40713.268886822,8850.70382967911,11810.0243427501,69948.3033930203,7096.50422759993,9907.6037007655,3.60400009155273,4.52249991893768,26.0625,2.60774672031403,24.4221687316895,13180.5517729083,12724.9187530107,33,128847.533668404,20980.938998563,FALSE,FALSE,FALSE
"A0042127",115.415352915605,-3.6775045998529,"Tang & Werner 2023",15.5051915552813,"Indonesia",40087.977265033,9293.53952061236,11658.6192498934,69304.2204020749,6471.59061020034,10285.4398588089,3.60400009155273,4.51599995295207,26.0625,2.59581136703491,24.2125186920166,12799.7575061379,12449.194042146,32,128220.331668097,20417.0237256466,FALSE,FALSE,FALSE
"A0042128",115.414646411382,-3.67474622505513,"Tang & Werner 2023",3.06844836802353,"Indonesia",39965.4556656763,9671.78273351851,12055.4394221754,69545.7133627221,6554.81404760966,10715.7251991936,3.60125005245209,4.51180000305176,26.0625,2.55770915746689,23.065788269043,13173.7174820515,12879.4578313824,32,128296.783462035,20173.0319578155,FALSE,FALSE,FALSE
"A0042129",115.41259566917,-3.67628223456835,"Tang & Werner 2023",2.12641918542447,"Indonesia",39983.9201611878,9592.94055971635,12350.9366334641,69963.8078201327,6532.57192697537,10497.4900675837,3.60400009155273,4.51250004768372,26.0625,2.48779010772705,21.2194372812907,13038.7655454669,12727.007587248,32,128278.908563529,20226.2626350381,FALSE,FALSE,FALSE
"A0042130",115.410607900884,-3.67688401764245,"Tang & Werner 2023",0.213046217572853,"Indonesia",39988.1682987696,9710.81728247756,12584.4165994646,70216.4992846801,6427.00976022793,10482.8215967147,3.60400009155273,4.51200008392334,26.0625,2.47729361057281,20.9831552505493,12873.2853922406,12552.6649486921,31,128174.473767787,20319.6550786099,FALSE,FALSE,FALSE
"A0042131",115.409690392953,-3.67666991784427,"Tang & Werner 2023",0.276731641118994,"Indonesia",39890.870565827,9773.43475485049,12688.1603865037,70312.2926785166,6314.3557096862,10505.4347932388,3.60400009155273,4.51150012016296,26.0625,2.47729361057281,20.9831552505493,12789.4119633443,12490.1617968549,31,128061.828464167,20254.7554359614,FALSE,FALSE,FALSE
"A0042132",115.408019670713,-3.67657347646272,"Tang & Werner 2023",1.92980649741118,"Indonesia",39719.5836862689,9821.68256208585,12798.3070549139,70397.2445627754,6084.06159693647,10450.323850301,3.60150003433228,4.51100015640259,26.0625,2.49114775657654,21.3852507273356,12538.5539415093,12245.7734728009,31,127831.544731599,20154.5687983137,FALSE,FALSE,FALSE
"A0042133",115.406842796326,-3.67751539174921,"Tang & Werner 2023",0.377900209851853,"Indonesia",39740.5309972377,9818.51623531013,12945.4952512626,70608.4855448862,6047.78329119427,10379.9856537161,3.59899997711182,4.51099991798401,26.0625,2.51861619949341,22.1331281661987,12438.3072314457,12140.3809904714,31,127798.408776263,20243.3412627331,FALSE,FALSE,FALSE
"A0042134",115.426615819297,-3.67099694498563,"Tang & Werner 2023",15.0245243948607,"Indonesia",40521.6547351032,9482.40684010676,11032.1020928373,67756.0620795814,5954.76486459156,10894.0227023892,3.60175001621246,4.51600003242493,26.0625,2.58392739295959,23.7006616592407,14077.931556648,13710.0148976824,31.75,129204.215640178,20034.077494717,FALSE,FALSE,FALSE
"A0042135",115.424425433024,-3.66971019772434,"Tang & Werner 2023",7.17745383218799,"Indonesia",40183.2020130079,9760.00706774373,11356.4342374689,68169.7230744651,6321.80700512165,11242.8195182359,3.60150003433228,4.51399993896484,26.0625,2.59890961647034,24.0928875605265,14291.3273884953,13969.0166507932,32,129051.991412801,19939.0355659485,FALSE,FALSE,FALSE
"A0042136",115.433691545049,-3.66799874472735,"Tang & Werner 2023",0.649217755279049,"Indonesia",40985.0519059473,9756.71813300347,10617.6279394917,67450.7948641201,5772.12071764666,11971.4262168332,3.6065000295639,4.51800012588501,26.0625,2.61783456802368,24.5202474594116,15606.0919062449,15270.1698825588,31,130161.803117608,20395.6943297754,FALSE,FALSE,FALSE
"A0042137",115.43389081759,-3.66651677738413,"Tang & Werner 2023",0.7354224815249,"Indonesia",40874.7432451494,9881.96315710198,10673.1366834127,67370.8051146554,5647.50726371541,12141.0648465457,3.60599994659424,4.51700019836426,26.0625,2.61410516500473,24.4121203422546,15671.2552230297,15360.0531745529,31,130125.854905468,20262.9176008843,FALSE,FALSE,FALSE
"A0042138",115.435078357979,-3.66365691315543,"Tang & Werner 2023",2.24631422279513,"Indonesia",40713.3016060209,10053.9823274504,10685.0106068138,67020.0437555082,5208.45812677885,12407.9159434515,3.6029999256134,4.51466655731201,26.0625,2.60384845733643,24.2794704437256,15840.4808931225,15559.8120862263,33,130089.443383816,19970.1002138424,FALSE,FALSE,FALSE
"A0042139",115.435985994337,-3.66055828546827,"Tang & Werner 2023",1.20303010977776,"Indonesia",40508.0980261384,10253.6027868184,10762.6255848345,66888.9256111491,5017.75136188629,12784.3446191555,3.6029999256134,4.51399993896484,26.0625,2.60461568832397,24.4694938659668,16127.2506789585,15888.2198149407,35,130052.43943867,19718.2367557661,FALSE,FALSE,FALSE
"A0042140",115.414490220451,-3.67027738176996,"Tang & Werner 2023",40.658248755077,"Indonesia",39342.1860307939,9946.29485069388,11877.9380660185,68381.8986089159,5733.44127592502,10593.6207158982,3.59439997673035,4.50666666030884,26.0625,2.51311212778091,21.8444237709045,12367.9333834766,12129.3731177283,32.3333333333333,127480.85390631,19254.2106942671,FALSE,FALSE,FALSE
"A0042141",115.404502926339,-3.67933784507668,"Tang & Werner 2023",1.8607280750172,"Indonesia",39685.3842553481,9672.0635778671,13106.260134667,70902.8213284297,5867.608896429,10027.9522992767,3.59899997711182,4.51266670227051,26.0625,2.51724656422933,22.2245820363363,12087.6013014043,11767.0330579168,29,127613.596803606,20298.6439364236,FALSE,FALSE,FALSE
"A0042142",115.403390656441,-3.67702144055402,"Tang & Werner 2023",3.39084832388012,"Indonesia",39416.3968155071,9966.9209534883,13252.1424031432,70775.0758546076,5622.80916896117,10267.7940379213,3.59899997711182,4.50699996948242,26.0625,2.54973173141479,23.4089775085449,11942.0692917985,11670.4928356491,29,127371.216617306,19992.3253965195,FALSE,FALSE,FALSE
"A0042143",115.401207396264,-3.68016745612043,"Tang & Werner 2023",2.22547209450018,"Indonesia",39481.8606286314,9775.39592804907,13471.1235378783,71237.2188403174,5615.55529278596,9922.36106966645,3.59899997711182,4.51100015640259,26.0625,2.52715414762497,22.7573738098145,11703.6555776494,11383.8477061962,27,127352.94945678,20222.2423597373,FALSE,FALSE,FALSE
"A0042144",115.400563747426,-3.67723754314441,"Tang & Werner 2023",0.411638583065856,"Indonesia",39256.4723118935,10161.1733533314,13647.7874190484,71231.7806878318,5424.37540071355,10347.7928783585,3.59899997711182,4.50800013542175,26.0625,2.52999258041382,22.8586025238037,11782.628905844,11543.5187013019,27,127171.866358698,19999.8530032497,FALSE,FALSE,FALSE
"A0042145",115.40765344169,-3.69377085956565,"Tang & Werner 2023",36.5292291237877,"Indonesia",40733.8533149061,7941.66253404426,11904.7340713783,70704.7602753008,6545.92862232648,8297.17288184847,3.61133329073588,4.52450001239777,26.0416666666667,2.6032809416453,24.3154169718424,11464.5298997373,10821.9709271624,26.6666666666667,128039.07511692,21756.9121039575,FALSE,FALSE,FALSE
"A0042146",115.385514470276,-3.70386674950667,"Tang & Werner 2023",90.0295873538092,"Indonesia",39938.5016603999,8536.59969462978,13745.360884298,72142.1210239146,5662.76383606069,6745.20038812969,3.60199999809265,4.51566659079658,26.125,2.51752097790058,22.7128504239596,8741.37771632863,7814.95130111588,21.6666666666667,126423.264291976,19910.2821562184,FALSE,FALSE,FALSE
"A0042147",115.387816972839,-3.71188780704047,"Tang & Werner 2023",29.6925126046163,"Indonesia",40861.1125941973,7613.31042722256,14046.6425264989,72670.9376811611,5863.85686462005,6338.35863225882,3.60599994659424,4.51950001716614,26.125,2.52864015102386,22.8022727966309,9273.98750033838,8302.48696474097,18,126951.7331051,20440.1307587607,FALSE,FALSE,FALSE
"A0042148",115.356688231048,-3.73179427698901,"Tang & Werner 2023",85.1452551680367,"Indonesia",40685.3312682346,8262.24809768936,16896.5969533706,70370.6806770749,6087.14872502488,5817.51446882989,3.59849997361501,4.51000003814697,26.1145833333333,2.58857067426046,23.9078610738118,6103.98248011372,4150.66289435847,29,124670.220303487,17816.6702794802,FALSE,FALSE,FALSE
"A0042149",115.435379437731,-3.64006349532346,"Tang & Werner 2023",230.090097383566,"Indonesia",38057.9044957268,10939.8266557731,11465.9671016385,64667.0514892833,2370.95573322813,13069.9295676563,3.57699998219808,4.48729033623972,26.0208333333333,2.4681901772817,21.3169277826945,15315.4856449226,15248.3249774913,41,128529.180247751,16751.8662003183,FALSE,FALSE,FALSE
"A0042150",115.642226882942,-3.51432682737452,"Tang & Werner 2023",9.81531427581736,"Indonesia",31230.6123950863,17122.0171993127,25566.9873035627,39539.1034715313,14407.131291293,38375.2095851389,3.57249999046326,4.47850012779236,25.8125,2.16188931465149,15.3117214838664,43620.321302703,43689.4538036028,43,146111.172281593,26381.4465792794,FALSE,FALSE,FALSE
"A0042151",115.641460115993,-3.5201200552016,"Tang & Werner 2023",0.567850080383131,"Indonesia",32096.7329190547,16760.2153017436,25210.8128456769,39992.4638368483,15195.7096460637,38365.4648245684,3.57249999046326,4.47750020027161,25.75,2.23631465435028,16.626784324646,43436.1407167126,43481.1906669896,46,146975.308975664,26589.9207180815,FALSE,FALSE,FALSE
"A0042152",115.609176796656,-3.51562172894364,"Tang & Werner 2023",21.2744809303505,"Indonesia",32028.1827740662,18997.4562576962,23677.165457921,43026.3308896431,13893.4409490356,36134.0653928907,3.57049995660782,4.47724997997284,25.6875,2.35184288024902,19.3234958648682,40322.1791073428,40502.6850323177,58,143480.501846835,22790.9422949645,FALSE,FALSE,FALSE
"A0042154",115.744528034559,-3.42752577657265,"Tang & Werner 2023",13.1449090014929,"Indonesia",22341.9299567066,22535.6778687499,27068.3096582152,26540.3268083862,15194.2099401512,25025.1588938025,3.58400011062622,4.4980001449585,25.875,2.30630338191986,19.4061422348022,58394.4785505867,58567.3861120897,17,135895.949203924,28550.7057687308,FALSE,FALSE,FALSE
"A0042155",115.765636301722,-3.43137099593143,"Tang & Werner 2023",0.383285325258055,"Indonesia",24000.0349503047,20483.9554098815,24942.2282051269,24477.7251015206,17874.2975105049,22997.3606208963,3.57800006866455,4.49399995803833,25.9375,2.32146763801575,18.9608688354492,60308.7399149307,60413.1949698266,22,136677.013437092,26495.9424154286,FALSE,FALSE,FALSE
"A0042167",115.74044424863,-3.46023197258662,"Tang & Werner 2023",53.6738999230494,"Indonesia",25506.0777694219,19890.9905030712,26832.8934692029,27337.3316845971,16341.1705779912,26017.924360102,3.61550003290176,4.53675001859665,25.9375,2.31055128574371,19.8573865890503,55825.5362316273,55859.0385648471,17,139270.851382213,27807.7529601056,FALSE,FALSE,FALSE
"A0042168",115.820300441752,-3.48941908077569,"Tang & Werner 2023",7.92473574788636,"Indonesia",32220.8514361826,14167.6009725106,18049.2884220385,20119.2368070013,16693.5305741258,19227.8925891269,3.61500000953674,4.54300022125244,26.1875,2.42646050453186,21.4653244018555,62690.7411133902,62458.2396147668,8.5,143135.324598263,18580.506899576,FALSE,FALSE,FALSE
"A0042169",115.824558217537,-3.48888356130061,"Tang & Werner 2023",0.491681816404264,"Indonesia",32638.1437534841,14288.5916556485,17732.1114543623,19754.5318342111,16566.9195680507,18861.4251598456,3.61500000953674,4.53900003433228,26.1875,2.40258347988129,21.0458745956421,63262.0691491915,63015.0779042137,11,143312.797904864,18320.1894515828,FALSE,FALSE,FALSE
"A0042179",115.06418004012,-3.3428418010665,"Tang & Werner 2023",0.662877282291487,"Indonesia",11108.4461569116,6684.70299906133,27232.205083436,32925.2387158682,2362.20088522032,22111.4336531514,3.67899990081787,4.61800003051758,26.125,3.23593926429749,44.5578212738037,48455.2556784205,50936.4183767468,56,80606.1227961893,4457.79558583737,FALSE,FALSE,FALSE
"A0042185",115.619738176654,-3.60015542179757,"Tang & Werner 2023",25.2468221502267,"Indonesia",41094.0454775883,10895.5406064327,16404.5100049094,45276.6340678001,13921.6293597669,30189.5356065476,3.64825004339218,4.57275009155273,26.078125,2.3852866490682,18.6603959401449,37195.9738380618,36830.9741184805,24,146767.001885742,27971.6799117977,FALSE,FALSE,FALSE
"A0042186",115.478349855017,-3.64677653922443,"Tang & Werner 2023",1.72757584071734,"Indonesia",42189.6738802042,8111.93888339698,8435.97203561463,61996.0561110684,2072.12129809396,16101.0098632141,3.59999990463257,4.51449990272522,26.125,2.41707670688629,19.1552448272705,21051.5656305999,20750.2514705614,22.5,133867.77521505,21037.2036612953,FALSE,FALSE,FALSE
"A0042187",115.48147099606,-3.66027259222018,"Tang & Werner 2023",34.2366190607228,"Indonesia",42809.149286344,6392.07919034715,6398.61119920377,62096.5162980632,2675.8373014736,14569.2292005078,3.60720000267029,4.51880006790161,26.125,2.54457468986511,22.2230892181396,20828.2542082603,20297.122497314,24.25,134201.578360279,21590.7855258575,FALSE,FALSE,FALSE
"A0042188",116.345617064256,-3.48310309220895,"Tang & Werner 2023",300.069637513788,"Indonesia",78273.4083306949,6166.19426925331,27048.7062739571,27059.0815096008,24715.9459171796,27062.1443869867,3.70650005340576,4.64566667874654,26.875,2.42133154013218,20.1678749475724,117804.233569876,117066.407481516,0,155684.992900942,0,FALSE,FALSE,FALSE
"A0042189",116.357257341296,-3.50136668216955,"Tang & Werner 2023",57.034671208174,"Indonesia",80492.2844971421,8490.03845406966,30107.7049388763,30016.5192239029,27841.1881669158,30434.6079871799,3.72275000810623,4.6554998755455,26.640625,2.43323012760707,19.9042344774519,119334.402627299,118572.459930876,0,159143.136062813,1719.93198268502,FALSE,FALSE,FALSE
"A0042236",103.800873808841,-3.84836946040897,"Tang & Werner 2023",2.71952098707479,"Indonesia",26957.4211199511,213.502283955526,12950.209876948,49554.0060130848,2610.5162241709,7232.44923822648,3.8970000743866,4.8769998550415,25.875,2.97914862632751,37.7521603902181,7366.54195578729,12546.0355105714,98.25,39583.7352136356,11342.3269344251,FALSE,FALSE,FALSE
"A0042237",103.814873987815,-3.82228074156401,"Tang & Werner 2023",4.30948350035256,"Indonesia",27829.585805471,1167.33327353965,10220.3531779756,52083.5206382902,2303.92729293922,4680.93831102956,3.88199996948242,4.86249995231628,26.0625,2.74380803108215,28.1309452056885,5311.37217803932,10298.605130823,98.5,41244.5881282464,14085.9965744735,FALSE,FALSE,FALSE
"A0042238",103.81517188455,-3.82539454039088,"Tang & Werner 2023",4.29819085423043,"Indonesia",27843.410995591,1156.81111446667,10461.2070077282,52015.6332100365,2409.56722983838,4901.58599623793,3.88450002670288,4.86324989795685,26,2.83407759666443,31.1164608001709,5477.86091655877,10495.1908384329,102,41224.6336198314,13950.6718864751,FALSE,FALSE,FALSE
"A0042239",103.817872866728,-3.81929636448231,"Tang & Werner 2023",6.49310733377592,"Indonesia",28057.4552105964,1409.71761971457,9921.16376222227,52451.7359310846,2377.63106576749,4451.76073496033,3.88199996948242,4.8600001335144,26,2.80667924880981,30.1728854179382,5248.91572758971,10133.1418051165,102.5,41542.8904527731,14473.59912859,FALSE,FALSE,FALSE
"A0042240",103.712874321075,-3.79363798285979,"Tang & Werner 2023",8.14753593506109,"Indonesia",16199.3317046147,6893.6719635581,11289.6150154741,43717.8841770132,6875.14759553539,7368.75005780767,3.90100002288818,4.88199996948242,25.5625,2.49968290328979,24.0577850341797,8124.08139592858,9045.59223998974,178,30534.7109014951,6561.08813686581,FALSE,FALSE,FALSE
"A0042241",103.738863941703,-3.75643586218774,"Tang & Werner 2023",6.89992966466052,"Indonesia",19307.365822411,6001.00496836163,6825.46210627717,48527.9791893374,2462.46934918853,4153.55428701881,3.87800002098083,4.86299991607666,26.125,2.92544317245483,35.5061454772949,5883.46911087194,4445.89809474687,95,34480.6170041416,10980.2357091463,FALSE,FALSE,FALSE
"A0042242",103.806006348315,-3.80172483237688,"Tang & Werner 2023",11.9571873833623,"Indonesia",26342.5041916055,0,7780.37428549904,52047.9813513698,875.196457430845,2158.61486899073,3.87550008296967,4.8585000038147,26.1875,2.8930641412735,34.146369934082,2709.8999572025,7671.77020415472,90,40329.129582653,14596.1605371113,FALSE,FALSE,FALSE
"A0042246",115.02225560921,-3.24275409624466,"Tang & Werner 2023",8.59919285434756,"Indonesia",14367.5992511097,2127.41248005232,25844.3547589911,34016.3440833737,11794.0071828682,24392.710335533,3.69133337338765,4.63100004196167,26.25,3.47340607643127,51.6326382954915,60282.9609840422,62766.350540505,47,74549.0628158161,16358.7752309849,FALSE,FALSE,FALSE
"A0042247",103.648372137873,-3.76409846623132,"Tang & Werner 2023",2.68320966627674,"Indonesia",9339.86686806339,133.101173239468,15094.9478329062,40305.3974976651,686.459876951379,8327.17122204318,3.92700004577637,4.91400003433228,26,2.69454765319824,32.8854230244954,15334.1069238683,14302.295346903,68,24862.7783694447,4899.59702970583,FALSE,FALSE,FALSE
"A0042248",103.65082092119,-3.76389291048748,"Tang & Werner 2023",2.32486550443424,"Indonesia",9613.39892668712,115.460094677576,15367.1675138014,40523.5579593429,642.686493742307,8598.40372828791,3.92500007152557,4.91300010681152,26.0625,2.70928901433945,33.2383613586426,15102.5660615548,14077.7619633212,68,25127.2634973365,4924.52436944286,FALSE,FALSE,FALSE
"A0042249",103.617751359559,-3.80724134351948,"Tang & Werner 2023",17.4820186150561,"Indonesia",5938.55947286845,4534.29742401085,12229.9876582715,34265.342660635,1538.1210911153,5790.77868483102,3.90974998474121,4.89099995295207,25.859375,2.67950868606567,38.7551307678223,18667.9377004807,18930.4134721663,94.3333333333333,19855.0542513838,3061.76803414714,FALSE,FALSE,FALSE
"A0042250",115.064819156507,-3.29941514690959,"Tang & Werner 2023",1.05049375894822,"Indonesia",14532.1916399523,4055.15441671771,29982.5759790222,34937.1645323778,6017.89667330196,24508.5406704466,3.68949997425079,4.62574994564056,26.21875,3.42746496200562,51.4631366729736,52517.7540731,55001.7913908458,51,80014.0570702736,9080.87215008775,FALSE,FALSE,FALSE
"A0042251",103.595840401856,-3.74903211338865,"Tang & Werner 2023",30.885161723009,"Indonesia",4763.47379761374,719.58763641915,8998.99608164823,37340.4978365734,2877.63106319533,2548.64456104632,3.92960000038147,4.91650009155273,25.775,2.64885053634644,34.3983570098877,20213.7551104394,18743.0622152301,106.4,20213.6627203516,8206.98744337536,FALSE,FALSE,FALSE
"A0042252",103.573613465096,-3.72788088916386,"Tang & Werner 2023",11.5926651643352,"Indonesia",6101.94476579791,2051.67046266648,7930.06423700535,37987.499258283,6286.72605291077,3467.23681505787,3.91600000858307,4.90100002288818,25.8125,2.59893095493317,35.1069736480713,24172.179360883,22220.2809498563,100.333333333333,20064.0694152416,12326.77878721,FALSE,FALSE,FALSE
"A0042253",103.562487247034,-3.73057972703687,"Tang & Werner 2023",53.9868316890111,"Indonesia",5626.8275201757,1015.3618218999,6256.84663726486,36739.2783219742,6407.78504239151,3056.67882638394,3.91874998807907,4.90199995040894,25.75,2.59758874348232,36.7876254490444,24886.2575992824,23012.5956123614,105.666666666667,18560.3045604267,12660.1616747935,TRUE,FALSE,FALSE
"A0042254",103.558307239232,-3.73651497828528,"Tang & Werner 2023",5.86416492170165,"Indonesia",5233.25657031607,548.381496701948,5939.46399560794,36290.6534763909,5978.59388996191,2766.33808936035,3.92300009727478,4.90500020980835,25.71875,2.6617130279541,37.7456932067871,25623.0857709875,23902.2286709182,113,18168.240081366,12940.0770633976,FALSE,FALSE,FALSE
"A0042255",103.56169531108,-3.74078900510744,"Tang & Werner 2023",7.67645686228875,"Indonesia",4692.17871555387,143.163035194126,6075.78063489245,36122.1385224085,5482.67573942869,2197.82152702871,3.9245001077652,4.90700006484985,25.65625,2.69418068726858,39.05038134257,25206.9667492836,23577.3851134558,113,18138.8375703139,12376.7538577144,FALSE,FALSE,FALSE
"A0042256",103.570723401689,-3.73788187060675,"Tang & Werner 2023",2.56097832140908,"Indonesia",5138.12160688166,1146.77282633895,7214.65458881371,37031.56730114,5650.47773761036,2508.46650105543,3.92300009727478,4.90633344650269,25.75,2.70921182632446,38.185733795166,24339.0852399136,22617.7009948048,109,19194.3662140811,11883.4688283006,FALSE,FALSE,FALSE
"A0042257",103.558292249844,-3.72346931926218,"Tang & Werner 2023",15.1775060746873,"Indonesia",6641.87511353282,1957.54622933905,6755.41494746414,37513.2725013151,7375.06380379673,4132.28351965992,3.91849994659424,4.90199995040894,25.75,2.72495305538177,42.4978904724121,25889.6462657197,23907.0328338615,101,19183.9854604968,13810.3502512851,FALSE,FALSE,FALSE
"A0042258",103.557626897678,-3.72647185456555,"Tang & Werner 2023",0.555649081738494,"Indonesia",6461.31239772886,1769.87501611292,6749.35616063149,37378.539064578,7176.14791123922,3981.08004233371,3.92199993133545,4.90299987792969,25.6875,2.80077588558197,44.0809631347656,26127.9712756595,24191.9990393524,107,19131.6474987294,13885.7088898826,FALSE,FALSE,FALSE
"A0042259",103.56107955024,-3.72703008339505,"Tang & Werner 2023",0.702766610573754,"Indonesia",6348.87424310598,1694.15430690305,6992.15540309044,37497.2692590589,7125.03448145199,3815.71085685279,3.91499996185303,4.90050005912781,25.8125,2.65463149547577,36.6918144226074,25745.4728898568,23810.7713667588,106,19320.2874988805,13564.0446327424,FALSE,FALSE,FALSE
"A0042260",103.547582500977,-3.72351984319153,"Tang & Werner 2023",18.0569932695986,"Indonesia",6669.36615855568,2122.81035698333,5888.0185769981,36855.7537883904,7309.26927672619,4504.82057105499,3.91966660817464,4.90249991416931,25.7291666666667,2.62874686717987,39.0473384857178,27024.6777192997,25042.7844760078,106,18365.1269402408,14685.7322647855,FALSE,FALSE,FALSE
"A0042261",103.552134438736,-3.7507882828503,"Tang & Werner 2023",13.3426192004467,"Indonesia",3749.46608941989,0,4386.58887264375,34487.3010840738,4393.86099099802,1688.83477039137,3.92466672261556,4.90750002861023,25.625,2.58407330513,35.2547238667806,25891.2734893554,24483.496215886,124,16411.9946863171,12487.6450195558,FALSE,FALSE,FALSE
"A0042262",103.552775863307,-3.75292743551745,"Tang & Werner 2023",1.26330502630812,"Indonesia",3575.67865660509,212.685147101475,4773.09668623667,34534.4012384251,4221.03134658929,1522.23856365381,3.92400002479553,4.90666675567627,25.6875,2.58776831626892,35.2593612670898,26102.4091377887,24733.2174812628,127,16602.4102124162,12558.1792084972,FALSE,FALSE,FALSE
"A0042263",103.522567121712,-3.74855036646059,"Tang & Werner 2023",23.9757386848484,"Indonesia",4436.55692348213,0,2060.19531921267,33146.4719094769,5245.11550783445,3294.34324534802,3.92199993133545,4.90174996852875,25.6875,2.49431443214417,36.4201331138611,28963.2727098451,27529.5833944898,119,14485.0102183954,13494.8048757385,FALSE,FALSE,FALSE
"A0042264",103.518890914723,-3.75213761219727,"Tang & Werner 2023",5.56559823803986,"Indonesia",4493.15825115835,3.45360319853001,1640.3875800122,32725.884084149,5350.18338659421,3163.34770613727,3.91599988937378,4.89900004863739,25.625,2.51851832866669,37.203483581543,29733.3341962078,28368.3091729758,123.5,14099.7988445939,13145.8631237308,FALSE,FALSE,FALSE
"A0042265",103.46965079168,-3.75491074969842,"Tang & Werner 2023",14.1387250784596,"Indonesia",8260.89789100241,36.4666559333017,4115.24660580303,30266.3859551178,8309.73913758581,6558.69355860903,3.90799999237061,4.88800001144409,25.5,2.27698524792989,35.3098297119141,35100.234298955,33804.3921266848,145,10990.3688883496,8545.9231949219,FALSE,FALSE,FALSE
"A0042266",103.476884177933,-3.75335181582592,"Tang & Werner 2023",1.59676947912097,"Indonesia",7833.76758217476,0,3509.57598426906,30828.7275030951,8110.20655582697,6127.07807444163,3.91199994087219,4.89099979400635,25.5625,2.21185386180878,30.0065898895264,34424.4475390055,33104.3388650889,144,11753.2414390204,9476.24682189126,FALSE,FALSE,FALSE
"A0042267",103.478922408964,-3.75360311616074,"Tang & Werner 2023",1.45079179229507,"Indonesia",7614.91420458302,29.4423045014179,3303.24666730955,30880.3236249943,7921.36366851794,5908.10123253064,3.91199994087219,4.89200019836426,25.5625,2.24269616603851,31.3211398124695,34247.5221250894,32934.9839764816,139,11881.3178609386,9672.00008046625,FALSE,FALSE,FALSE
"A0042268",103.442185562333,-3.77866214207793,"Tang & Werner 2023",19.5780640252508,"Indonesia",10207.8986861016,3326.15908952531,6986.76423450343,26820.5372957985,9309.01456715537,8322.73826346707,3.87849998474121,4.84899997711182,25.53125,1.99621000289917,23.1215507507324,37851.1786745291,36911.1342154853,138,7155.62161222411,4438.51642460636,FALSE,FALSE,FALSE
"A0042269",103.439089014747,-3.77685926396893,"Tang & Werner 2023",0.717015936596199,"Indonesia",10898.7544416809,3466.60322757645,7623.10761961728,27142.653851683,9966.27934502739,8989.52783583159,3.875,4.84649991989136,25.5625,1.8935612142086,20.2698593139648,38531.7551080255,37565.2503877338,137,7451.09588844803,4632.65991979938,FALSE,FALSE,FALSE
"A0042270",115.734563034694,-3.25787122198344,"Tang & Werner 2023",38.8616266798825,"Indonesia",6595.49147142776,26850.4286618956,37104.9349683542,32588.9915186379,10283.4445834839,29643.8321273362,3.60500001907349,4.53175008296967,25.625,2.25875182946523,18.9377403259277,68724.2082388217,69457.7918147205,45.2,116694.3722256,30687.9471484746,FALSE,FALSE,FALSE
"A0042271",115.712537709342,-3.29429917830268,"Tang & Werner 2023",5.89966817945574,"Indonesia",7508.60092061407,27756.9358729352,36610.686906266,32981.4836533626,14235.6584008667,30332.3310708273,3.61199998855591,4.53033336003621,25.53125,2.27664041519165,18.7637596130371,64766.8494013805,65467.6442828547,59,121168.255587524,32903.7476136831,FALSE,FALSE,FALSE
"A0042272",103.78112914668,-3.76940283190003,"Tang & Werner 2023",79.5006737253715,"Indonesia",23310.2565518383,2392.85607105741,3971.12233523619,50962.1955942909,264.368387615575,0,3.86999988555908,4.84779996871948,26.0625,3.13236808776855,43.1912189059787,1021.22621170424,2966.54592413077,101,37998.3966963455,14044.7197057995,TRUE,FALSE,FALSE
"A0042273",103.785467384703,-3.76343084207757,"Tang & Werner 2023",6.85803932157814,"Indonesia",24331.0678340437,2393.99025307282,3660.86671950212,52296.5407517016,1035.29610832958,0,3.85700011253357,4.84499979019165,26.25,2.89696383476257,34.6919174194336,1950.49600895274,2961.17666973722,80,39170.2971524598,15260.636536419,FALSE,FALSE,FALSE
"A0042274",103.787765581497,-3.76560531192509,"Tang & Werner 2023",0.280982019903461,"Indonesia",24681.551093956,2271.79789412421,3950.41845008942,52537.0578097277,1363.50912840601,0,3.85700011253357,4.84449982643127,26.25,2.86947870254517,33.6578636169434,1862.03760229237,3400.98844478999,80,39489.9813736918,15564.696912669,FALSE,FALSE,FALSE
"A0042275",103.817446113787,-3.76803431784885,"Tang & Werner 2023",17.647437599202,"Indonesia",27646.3669492088,591.31483354756,4144.88153880142,52838.3495195762,4080.97755518789,0,3.86700002352397,4.84833335876465,26.2916666666667,3.02413002649943,38.7327245076497,3596.98704395024,5255.89177286515,66,42376.5546349892,18227.0476502019,FALSE,FALSE,FALSE
"A0042276",115.137615836285,-3.1355833560226,"Tang & Werner 2023",4.31318310927757,"Indonesia",20417.8193454007,6839.53575238811,11718.6816119709,51822.9986739305,8006.16532623777,39184.120608659,3.66199994087219,4.58466657002767,25.6875,3.7077796459198,67.4923706054688,66277.9610164412,68691.8758808449,86,88116.9711678116,24244.6140965877,FALSE,FALSE,FALSE
"A0042277",115.140244280326,-3.13251991451935,"Tang & Werner 2023",3.68656172629668,"Indonesia",20506.8733740024,7124.80907244901,11449.6762887543,52366.2323166358,7665.49064213583,38831.5867046413,3.6599999666214,4.58566665649414,25.75,3.89336633682251,78.5317230224609,66542.7185444251,68951.6985335036,79.5,88478.0981633086,24609.9147511729,FALSE,FALSE,FALSE
"A0042278",115.142590647606,-3.13066761465791,"Tang & Werner 2023",2.78350880139626,"Indonesia",20558.7345428568,7370.9975324717,11325.6252215943,52653.6871266143,7449.43294988553,38588.383567257,3.65849995613098,4.58333333333333,25.71875,3.83652782440186,75.8673934936523,66700.7272949305,69106.7073674522,81,88741.578168882,24842.7577797698,FALSE,FALSE,FALSE
"A0042279",115.143104348255,-3.12750383836219,"Tang & Werner 2023",0.525947982042797,"Indonesia",20867.0895124784,7526.23537666102,11014.8329536086,53056.1974952566,7145.2916227164,38292.3686164858,3.65899991989136,4.58149981498718,25.625,3.6537230014801,63.598747253418,67057.3821225355,69462.3816322942,89,88977.2381787688,25220.6927185103,FALSE,FALSE,FALSE
"A0042280",115.154314373903,-3.13082905874936,"Tang & Werner 2023",4.74509201037708,"Indonesia",19793.7982989039,8685.53507219647,11571.8051092249,53627.3882197533,7313.26078069234,38151.0734707872,3.66000008583069,4.58325004577637,25.5625,3.98722529411316,86.0498886108398,66270.5093762002,68664.9450288853,95,90060.0117679399,24721.9999017427,FALSE,FALSE,FALSE
"A0042287",115.142561464161,-3.06164574846645,"Tang & Werner 2023",1.38659571726425,"Indonesia",27318.9259880838,3216.74030123312,3890.43948048809,58076.3240070837,1218.42996148531,31464.5233439268,3.65499997138977,4.58900010585785,26,3.19253981113434,45.0378913879395,74113.6854497256,76502.859170744,30,89686.2013903258,32481.0942033189,FALSE,FALSE,FALSE
"A0042288",115.145929613727,-3.06148232947161,"Tang & Werner 2023",2.34430519747224,"Indonesia",27194.751661023,3496.48728990307,4068.61149058378,58337.6944243033,834.153560209611,31281.1181236021,3.65499997138977,4.58699989318848,26,3.15048082669576,42.9291661580404,74057.1321562424,76443.2195785846,32,90023.7239669223,32496.8324293876,FALSE,FALSE,FALSE
"A0042289",115.135531848135,-3.06593778692668,"Tang & Werner 2023",5.0065903223347,"Indonesia",27192.6733283272,2897.03235032832,4076.01511067604,57137.3989375158,1980.19406312306,32189.8721224436,3.65699994564056,4.59000015258789,25.96875,3.42425084114075,56.0838317871094,73828.8728951618,76225.067381028,30,88758.911015596,32043.5223872447,FALSE,FALSE,FALSE
"A0042290",115.132643483925,-3.06452648043144,"Tang & Werner 2023",7.12854922948384,"Indonesia",27380.7113314033,2537.44649944368,3762.21104250243,56965.8524901952,2264.88082256852,32063.7750460713,3.66100001335144,4.59339990615845,25.9791666666667,3.24964094161987,47.7079544067383,73941.0691378869,76341.0435525485,27,88477.2175034807,32069.8054392566,FALSE,FALSE,FALSE
"A0042291",115.133779067148,-3.06563865542875,"Tang & Werner 2023",0.317996563721289,"Indonesia",27384.5488863904,2826.35928543195,4076.75648799025,57140.0212208685,2256.1295804412,32310.8475495991,3.65899991989136,4.59200000762939,26,3.3858745098114,54.2438488006592,73972.3670783929,76370.7219763272,30,88677.1017579449,32136.1811128394,FALSE,FALSE,FALSE
"A0042292",115.135846247404,-3.06363709948649,"Tang & Werner 2023",0.330611714612951,"Indonesia",27503.1803555054,2851.16448708836,3919.74984146014,57473.4466244705,1995.63464910196,32049.8587052587,3.65899991989136,4.59200000762939,26,3.13285231590271,43.0655670166016,74155.8344798112,76551.5971408006,30,88932.2817670188,32373.5929991431,FALSE,FALSE,FALSE
"A0042293",115.127344306381,-3.07215960653585,"Tang & Werner 2023",7.84999271971264,"Indonesia",26929.0501624584,2578.26028672274,4481.65649003259,55979.1732444465,2979.16673218389,33131.3399602368,3.66000008583069,4.59219999313355,25.9375,3.53232479095459,60.9738464355469,73304.7412891313,75710.8759502418,34,87800.8835681713,31310.7750679778,FALSE,FALSE,FALSE
"A0042294",115.125951162104,-3.07439253529445,"Tang & Werner 2023",0.561636553935987,"Indonesia",26933.8837796892,2806.14482749069,4914.67845502609,55799.0904954136,3349.96194195854,33546.7963116254,3.66000008583069,4.59200000762939,25.9375,3.41661036014557,53.8589496612549,73257.5153381212,75665.182195159,38,87662.0768462625,31231.4887570508,FALSE,FALSE,FALSE
"A0042295",115.126385419419,-3.07585044469928,"Tang & Werner 2023",1.2440839478288,"Indonesia",26743.8754846265,2944.48313594805,5052.09613740618,55668.419070013,3323.25059471746,33633.3535965424,3.65900003910065,4.59200000762939,25.9375,3.40348092714945,53.4880599975586,73053.6204336654,75461.5680761738,38,87651.4991589068,31024.9058617917,FALSE,FALSE,FALSE
"A0042296",115.154103790379,-3.05941071028738,"Tang & Werner 2023",0.791494240372442,"Indonesia",27100.8006365741,4139.10989151433,4427.30205564779,59172.3845491433,78.0984205483836,30772.3765621195,3.65400004386902,4.58500003814697,25.9375,3.10405367612839,39.6661968231201,74121.6967236857,76498.4481494841,36,90983.2883202463,32771.7693313911,FALSE,FALSE,FALSE
"A0042297",115.183761740383,-3.03769254488236,"Tang & Werner 2023",3.51915207567034,"Indonesia",28145.667927079,6375.49089389947,6210.40923530099,63051.602370538,3309.74898439975,27240.6568679703,3.6784999370575,4.61150002479553,25.75,3.35336345434189,55.3532953262329,75736.3030321635,78076.137194813,47.5,94475.8160980027,35113.1338676708,FALSE,FALSE,FALSE
"A0042298",115.18564487192,-3.03664021795286,"Tang & Werner 2023",1.67185414481034,"Indonesia",28274.7380168149,6539.50620895301,6411.03844222713,63421.7126633776,3679.1786349755,27206.2137265159,3.67799997329712,4.61349987983704,25.75,3.35676336288452,55.6593894958496,75907.4946567481,78243.4963347902,46.6666666666667,94757.5851137291,35361.7022462565,FALSE,FALSE,FALSE
"A0042299",115.182683644758,-3.03271832269082,"Tang & Werner 2023",2.44668254751788,"Indonesia",28689.3024107425,6039.96010133149,5976.469800756,63444.0072438713,3730.3424321992,26868.3509246912,3.68666664759318,4.62174999713898,25.75,3.28744339942932,51.7466812133789,76390.9783548257,78729.7923445502,48,94429.4164219217,35771.0688641444,FALSE,FALSE,FALSE
"A0042300",115.198614371997,-3.01747171398983,"Tang & Werner 2023",7.61805065444032,"Indonesia",26409.573154864,7049.80482567365,7827.33134210151,65821.9535869639,5119.4825704373,24606.5463618735,3.69400000572205,4.62949991226196,25.71875,3.28653049468994,52.0410652160645,77657.646108769,79974.2530052587,37,96451.8073434984,33611.2330421487,FALSE,FALSE,FALSE
"A0042301",115.19598194912,-3.02066119415638,"Tang & Werner 2023",1.19846581330644,"Indonesia",26953.3506086439,7075.86337581068,7559.26019772284,65468.8034073102,5460.13113864746,25147.1318950774,3.69199991226196,4.62799978256226,25.75,3.16873919963837,47.1000289916992,77499.3672317731,79820.5662355553,40,96173.0856620009,34177.5617191298,FALSE,FALSE,FALSE
"A0042302",115.195123928358,-3.02032411418657,"Tang & Werner 2023",0.695753267928266,"Indonesia",26951.1923783996,6986.8245563786,7495.67782135424,65455.8889059053,5475.62600184743,25143.3553403568,3.69199991226196,4.63033326466878,25.75,3.18716812133789,48.0565872192383,77560.1806427558,79881.8685344976,42,96112.859094588,34228.8808700422,FALSE,FALSE,FALSE
"A0042303",115.196923624585,-3.01722667183302,"Tang & Werner 2023",0.674997821989716,"Indonesia",26581.5031738594,6973.15433029034,7738.63800458772,65856.4913799155,5378.68466098732,24775.1752693117,3.69199991226196,4.63350009918213,25.75,3.29349625110626,52.5507278442383,77890.7645828497,80210.0227092531,37,96367.2138631011,33865.0329503267,FALSE,FALSE,FALSE
"A0042304",115.195123525495,-3.01708304837547,"Tang & Werner 2023",4.45053569808216,"Indonesia",26453.1566218492,6729.9338470522,7361.90332962767,65510.2535216142,5271.46392391331,24645.4773376343,3.69400000572205,4.63500022888184,25.71875,3.26782488822937,51.1730737686157,77816.5835940873,80139.5730077821,39.5,95989.081450776,33800.2685491129,FALSE,FALSE,FALSE
"A0042305",115.18207750158,-2.96601792072299,"Tang & Werner 2023",3.38997434641077,"Indonesia",21815.9401799444,2543.06564152518,9091.79457056601,68974.3062747296,6245.47507650944,19964.8108163953,3.67900002002716,4.6100001335144,25.78125,3.003826379776,39.6116371154785,83701.6066272807,86028.241500223,32,95808.7026687077,31724.1906574092,FALSE,FALSE,FALSE
"A0042306",115.178471225691,-2.96673857039101,"Tang & Werner 2023",6.56673036165196,"Indonesia",22075.0013080248,2134.95519341716,8720.21133651453,68603.5210741594,5900.11336974324,20220.8251641483,3.67900002002716,4.61399984359741,25.78125,3.06536364555359,41.4306907653809,83612.9319390028,85942.7510340156,31.3333333333333,95252.9793698813,32035.9246540113,FALSE,FALSE,FALSE
"A0042307",115.174326990221,-2.96771646540296,"Tang & Werner 2023",0.737406975483462,"Indonesia",22387.9597092394,2015.82686030201,8399.7524267635,68281.6247822876,5585.40910043536,20532.2306417454,3.68499994277954,4.6175000667572,25.8125,2.99269318580627,38.3610553741455,83701.1316695414,86037.2245476816,30.5,94964.1872519984,32573.7631134742,FALSE,FALSE,FALSE
"A0042308",115.165108255885,-2.96476545127034,"Tang & Werner 2023",1.61104464226356,"Indonesia",22583.4630250829,930.295304292294,8118.85288394106,67915.5336353478,5413.96584867703,20724.0569079958,3.68199992179871,4.62074995040894,25.875,3.04751527309418,40.081033706665,84183.756088146,86528.8335559719,23,94031.8864797842,33292.9447718918,FALSE,FALSE,FALSE
"A0042309",115.236842044637,-2.98033225325015,"Tang & Werner 2023",0.433795633989133,"Indonesia",21567.1493552341,8145.7017800784,13204.3102912029,71900.9390525286,4196.71354121675,19838.119268752,3.6470000743866,4.57550001144409,25.6875,2.8516366481781,36.226842880249,81439.9342765708,83700.5877897322,63,100729.107684208,27837.832688215,FALSE,FALSE,FALSE
"A0042310",115.235683512777,-2.98183229509371,"Tang & Werner 2023",1.34598678993084,"Indonesia",21704.0130897959,8164.52981255869,12936.9597725588,71618.9492386886,4074.08189861348,19973.3633070606,3.6470000743866,4.57499980926514,25.6875,2.86193497975667,36.4912554423014,81269.4751099454,83532.5437691356,63,100871.348725392,27963.8965963667,FALSE,FALSE,FALSE
"A0042311",115.126323529131,-3.0256265198755,"Tang & Werner 2023",30.4916921486307,"Indonesia",30237.1512143819,0,0,59641.5584447113,2291.30625290434,28377.4476475337,3.68674999475479,4.62859992980957,25.953125,3.14238542318344,41.2875366210938,78072.7963173028,80467.2498758946,21.6666666666667,88267.6904971063,36248.5769555044,FALSE,FALSE,FALSE
"A0042312",115.138541882813,-3.04918147085121,"Tang & Werner 2023",3.30867522784458,"Indonesia",28750.6661026972,1983.83977956099,2415.79661407397,58800.0765506398,2071.85472269602,30399.9593580133,3.66449999809265,4.59450006484985,25.90625,3.1313813328743,42.5741720199585,75553.5078038081,77943.6255544867,35,89375.8983164253,33868.8731031628,FALSE,FALSE,FALSE
"A0042313",115.181688317925,-3.02976292863318,"Tang & Werner 2023",2.73089413273022,"Indonesia",28325.5263872341,5886.15997134197,5934.01792033956,63607.0304681898,3917.65865436539,26501.8440209387,3.69099998474121,4.62750005722046,25.75,3.24900561571121,49.611536026001,76669.6034735221,79009.6469746498,48.5,94441.3655385209,35979.5780261816,FALSE,FALSE,FALSE
"A0042314",115.177527034751,-3.03034661943079,"Tang & Werner 2023",8.2321053773472,"Indonesia",28474.841989922,5403.09474634266,5360.40731969276,63115.8264166051,3505.97642688496,26648.955111309,3.69099998474121,4.62599992752075,25.75,3.29878783226013,51.9086837768555,76674.84212576,79020.8635706521,50,93850.6845941425,35888.1679064027,FALSE,FALSE,FALSE
"A0042315",115.256849527231,-2.85710751872755,"Tang & Werner 2023",6.86655782188893,"Indonesia",7512.08408833008,119.060678313107,9299.7477884725,73059.3437103674,12684.3793442912,5797.44987871484,3.67299997806549,4.60300016403198,25.6875,2.7087374329567,37.9648752212524,82269.688695427,76656.1150181668,57.5,87448.7869718945,19148.8006883951,FALSE,FALSE,FALSE
"A0042316",115.254410300467,-2.85538493917283,"Tang & Werner 2023",1.84325308353915,"Indonesia",7518.6515533034,530.490470346781,9315.89468215899,73089.6086524178,13092.7609765184,5786.39656548856,3.66899991035461,4.60433340072632,25.6875,2.68174719810486,36.3216762542725,82342.1520018778,76709.2965971949,52,87537.4760516442,19418.2707545277,FALSE,FALSE,FALSE
"A0042317",115.252400019192,-2.85525008159297,"Tang & Werner 2023",0.266446989387993,"Indonesia",7617.35157449396,786.238906345226,9422.22346908,73204.0704093423,13341.4630694711,5864.52347602678,3.66899991035461,4.60799996058146,25.6875,2.69013214111328,36.3655090332031,82489.5094727086,76844.7304745172,52,87693.7706837958,19655.2080334435,FALSE,FALSE,FALSE
"A0042318",115.260525291275,-2.85661519305729,"Tang & Werner 2023",1.73400097776783,"Indonesia",7545.8250679169,0,9309.13191421724,73022.1373799251,12574.9817357697,5829.508005648,3.65899991989136,4.59499979019165,25.625,2.76465117931366,41.5168361663818,82145.0381482246,76571.5563898395,63,87290.2697846234,18771.5310108557,FALSE,FALSE,FALSE
"A0042323",115.125657082384,-3.23875919858512,"Tang & Werner 2023",3.22535572644476,"Indonesia",12994.653088884,8509.66160359808,23164.8712495389,44052.933023034,15230.4378418724,33843.673315274,3.68900001049042,4.63299989700317,26.0625,3.16878437995911,39.772715250651,55803.2036110674,58254.5053278658,49,86302.5602169373,13097.492458559,FALSE,FALSE,FALSE
"A0042324",115.657825888137,-3.13385742132653,"Tang & Werner 2023",82.3550888814306,"Indonesia",8601.14428661556,35723.7106153749,51041.6319423308,47040.2284504847,17888.9876242259,43920.5127735771,3.5611666838328,4.47349996566772,25.3854166666667,1.90397355556488,12.7030407905579,74380.3400529192,75579.6348495673,104,102468.68143936,39086.6855843494,FALSE,FALSE,FALSE
"A0042348",115.600623255653,-2.10763198671309,"Tang & Werner 2023",3.15131023700269,"Indonesia",11451.3335256614,7135.61892835602,13319.1017081649,20822.6241570242,10110.9780313448,19999.2454494662,3.51125001907349,4.39900000890096,25.6875,1.76305484771729,12.1951370239258,9082.00789303997,15705.1970794551,70,0,51261.6262616026,FALSE,FALSE,FALSE
"A0042349",115.602769134024,-2.10407053765234,"Tang & Werner 2023",4.41519572229216,"Indonesia",11033.8278733668,6862.49238882754,13641.7245002746,21172.5676564981,10144.7040231502,20297.5507579623,3.5,4.39179992675781,25.75,1.75377941131592,12.2117938995361,9480.27970393936,16092.853306442,64.5,0,50958.6104013355,FALSE,FALSE,FALSE
"A0042350",115.600331814404,-2.10485525677401,"Tang & Werner 2023",2.10299952587311,"Indonesia",11193.3783495216,6851.51102883536,13442.1426589869,20986.1087018644,9938.85102099855,20089.1867280039,3.5110000371933,4.40049982070923,25.75,1.75260138511658,12.4472141265869,9411.49878793666,15936.3366729929,64.5,0,51237.3587741111,FALSE,FALSE,FALSE
"A0042351",115.605669954393,-2.10300527400415,"Tang & Werner 2023",0.897990372803196,"Indonesia",11089.2863015355,7049.35269995608,14118.2934116336,21652.6895225861,10464.2448309215,20764.6346035295,3.5,4.38050007820129,25.75,1.81005799770355,13.3366947174072,9852.79402888966,16557.9340181826,71,0,50694.4678189519,FALSE,FALSE,FALSE
"A0042352",115.608044774204,-2.10507827014084,"Tang & Werner 2023",1.29299373378813,"Indonesia",11360.2014086741,7358.82281748011,14268.9136351588,21753.8756936184,10781.0498428846,20953.9029728607,3.48399996757507,4.36899995803833,25.71875,1.74918437004089,10.8145399093628,9715.59295823481,16577.9120727071,78.5,0,50460.268463606,FALSE,FALSE,FALSE
"A0042353",115.603719519981,-2.06738403992977,"Tang & Werner 2023",7.63748347335431,"Indonesia",6951.11257165965,3330.38509462336,16023.4229639614,23832.3558774984,8164.38328876487,22154.0904379797,3.50250005722046,4.39200000762939,25.65625,1.79510688781738,16.6505632400513,13484.8342583969,19409.9732376264,74.5,0,50615.6597569178,FALSE,FALSE,FALSE
"A0042354",115.600558143713,-2.06512831705036,"Tang & Werner 2023",0.555593880667086,"Indonesia",6833.60739004265,3150.66040801647,16010.2501693966,23832.1340137516,7972.45137171264,22080.0887773848,3.50200009346008,4.39699983596802,25.625,1.79061913490295,17.0525283813477,13767.4093981338,19488.3396843014,78,0,51180.3429103591,FALSE,FALSE,FALSE
"A0042355",115.603925335066,-2.05128674023281,"Tang & Werner 2023",14.4503970033137,"Indonesia",5144.2195590604,1993.15194183589,16938.5881354097,24781.218581794,6730.33059886759,22833.7944406425,3.5,4.39024996757507,25.71875,1.81255084276199,17.0134992599487,15036.3041931626,20604.3908769036,71,0,50661.211190329,FALSE,FALSE,FALSE
"A0042356",115.60697533829,-2.04861083423951,"Tang & Werner 2023",0.923931914464046,"Indonesia",5303.24592739302,2294.67908140641,17765.8906651675,25608.6465565922,6984.84212227022,23644.6991420894,3.49799990653992,4.38199996948242,25.75,1.80118429660797,15.9754281044006,15730.4038030189,21412.7888314228,66,0,50423.969443858,FALSE,FALSE,FALSE
"A0042357",115.586891374089,-2.03400559736519,"Tang & Werner 2023",6.10219272004194,"Indonesia",3146.24535102637,150.609209819511,17353.5113135513,25172.7222515643,4187.94709471534,22711.3034286041,3.51899993419647,4.41400003433228,25.71875,1.75810471177101,14.4804389476776,16829.9955821021,21575.8779278517,58.75,936.558276445321,52611.6510244911,FALSE,FALSE,FALSE
"A0042358",115.589665757504,-2.03247322720757,"Tang & Werner 2023",1.07347217711285,"Indonesia",3100.56385535356,64.5033407137529,17804.4663480004,25626.3137299933,4379.94091748286,23168.1948518243,3.51799988746643,4.40666659673055,25.75,1.74139630794525,13.6851577758789,17155.2870020219,21995.6319068129,57,867.536492652732,52399.4863444558,FALSE,FALSE,FALSE
"A0042359",115.585622771892,-2.02309896265414,"Tang & Werner 2023",13.5143910288093,"Indonesia",1874.67027978148,807.821171809686,18176.1593967016,25965.2139308305,3166.37536210121,23343.067104048,3.51699995994568,4.41149997711182,25.75,1.7491175532341,14.1215691566467,17934.8706912603,22530.3095206382,51.5,1647.46814963753,52795.4274280742,FALSE,FALSE,FALSE
"A0042360",115.584219146107,-2.01975467368721,"Tang & Werner 2023",4.95210873035293,"Indonesia",1560.02263171478,1141.57153703835,18501.0675107736,26270.3847072669,2883.72794043809,23567.6135418993,3.52050006389618,4.41533327102661,25.75,1.7224512398243,13.7035977840424,18425.7919844099,22923.6180907659,51,1998.38483138811,53059.3846163911,FALSE,FALSE,FALSE
"A0042361",115.484760466141,-2.13704849355348,"Tang & Werner 2023",93.9063040422026,"Indonesia",7994.93503510133,1814.22250858156,2048.16121291608,8756.02371097521,5402.73604121705,6081.89950578712,3.66199994087219,4.59458339214325,25.75,1.52944981257121,8.65213371912638,10526.8919230781,7815.65437095916,35,9236.47718529993,63541.0392476935,TRUE,FALSE,FALSE
"A0042362",116.173926752203,-2.09929585402857,"Tang & Werner 2023",33.5385629061953,"Indonesia",65434.5027479772,22044.0508056011,21891.9147428513,24057.5482612635,5536.15088112314,18779.2274330917,3.64449995756149,4.57399997711182,25.8125,2.7743173122406,32.3981197357178,35296.603473194,36588.2933346192,34,44738.4156493873,7173.92027245305,FALSE,FALSE,FALSE
"A0042363",116.17590384054,-2.10296652691552,"Tang & Werner 2023",0.306894037205498,"Indonesia",66137.1071640109,22721.3178078147,22569.0731401766,24645.0935479344,5893.75409185424,19429.4608723414,3.64299988746643,4.57399988174438,25.75,2.76677489280701,31.7592258453369,36127.7488527392,37381.0477755146,34,45391.7672778889,7855.01084938577,FALSE,FALSE,FALSE
"A0042364",116.192002854287,-2.10974038028478,"Tang & Werner 2023",3.32830612697175,"Indonesia",67933.4415263332,23554.589025229,23401.9596211176,24747.5915890688,5021.45378132236,20054.7582419655,3.63499999046326,4.5607498884201,25.84375,2.84007465839386,32.5298476219177,37899.216841108,39213.4492626738,31,47141.2648455226,9648.58979083389,FALSE,FALSE,FALSE
"A0042365",116.188028876437,-2.10816803145824,"Tang & Werner 2023",1.00716333961432,"Indonesia",67514.4102642405,23393.3230325214,23240.7149026795,24761.7365138147,5270.99908757865,19936.1286001072,3.63849997520447,4.56550002098083,25.8125,2.81720042228699,32.1790618896484,37507.2313966892,38798.4339842128,31,46724.3770408929,9229.58975395336,FALSE,FALSE,FALSE
"A0042366",116.186940619593,-2.10853008610749,"Tang & Werner 2023",0.269424968427097,"Indonesia",67428.1699617565,23437.7205105201,23285.1183927701,24850.786294444,5403.95610818358,19990.0479354636,3.63849997520447,4.56699991226196,25.8125,2.84419751167297,32.9721813201904,37481.1736456391,38740.3725221873,31,46631.3388062068,9144.23051975551,FALSE,FALSE,FALSE
"A0042367",116.212937226033,-2.11219301612089,"Tang & Werner 2023",2.66994154312223,"Indonesia",70304.164583703,24223.5843127654,24071.6764063953,24468.9880846393,3934.04839293789,20473.8967037289,3.61999988555908,4.53925001621246,25.8125,2.94858872890472,34.575403213501,40002.0414171522,41514.6523435479,31,49496.8543230403,11075.2833423482,FALSE,FALSE,FALSE
"A0042368",116.178831503186,-2.13720179829099,"Tang & Werner 2023",0.648303812972104,"Indonesia",67139.4825467827,26549.2926625729,26397.0121301506,28154.67019647,2830.76163671589,23210.2538301176,3.64299988746643,4.57399988174438,25.9375,2.81218409538269,30.9850883483887,38768.4431695855,39315.466501301,14,46034.1742061251,8463.4255370734,FALSE,FALSE,FALSE
"A0042369",116.223710117528,-2.04132077132324,"Tang & Werner 2023",4.29047531066067,"Indonesia",70568.6062552333,17005.8538586233,16858.6235640963,16472.6117155106,1855.9574436669,12945.2051795287,3.60199999809265,4.51999998092651,26,2.69246143102646,27.6727452278137,37136.5636313793,40272.6846460774,18,50536.7606508939,13143.3157164688,FALSE,FALSE,FALSE
"A0042371",115.467151555929,-2.20520346242,"Tang & Werner 2023",17.9710385394774,"Indonesia",9921.68443268292,1324.86609134302,1306.02290298626,2491.51825522787,3572.95607489967,4813.0038748031,3.65850007534027,4.59000015258789,25.625,1.86065316200256,14.360226949056,11742.7919243645,3426.33926589852,48.5,15172.4698507471,65368.7914225132,FALSE,FALSE,FALSE
"A0042372",115.465416777547,-2.20099798065332,"Tang & Werner 2023",11.4913110678598,"Indonesia",9689.2876828716,1322.0703680053,1304.0088140875,2387.41424237633,3137.81418000458,4566.14446885978,3.65566674868266,4.58799982070923,25.6458333333333,1.84982909096612,14.145874871148,11948.2161130769,3996.24245950534,47.75,14795.7665747956,65711.4326290017,FALSE,FALSE,FALSE
"A0042373",115.451782559246,-2.16659819862052,"Tang & Werner 2023",37.8764781356761,"Indonesia",6668.17783021684,0,679.202475317881,4655.50768424276,909.841119932649,1907.40603042066,3.67440004348755,4.61533331871033,25.725,1.70725626945496,10.8095848083496,13031.5154715494,6665.07515188696,41.6666666666667,14008.0485123218,64640.0281596321,FALSE,FALSE,FALSE
"A0042376",116.110832149485,-1.55718113950288,"Tang & Werner 2023",1.88446750013089,"Indonesia",75716.0879422002,7462.962577453,23842.4663047359,38813.1694810185,14889.1212895781,37505.5613798824,3.56099998950958,4.46400022506714,25.09375,2.31895399093628,18.4582557678223,38115.428491106,41995.0521819648,155.5,51420.5900833899,16098.6492355976,FALSE,FALSE,FALSE
"A0042377",116.111766380444,-1.53556913072925,"Tang & Werner 2023",3.003479494861,"Indonesia",74111.6350764413,9211.85706466257,23436.0918584438,40917.1486842459,16908.3176321204,39763.495848235,3.57100009918213,4.46099996566772,24.5,2.54279093742371,27.2296245574951,39810.6963387246,43854.0129193148,218,52171.0967534718,17585.2099792113,FALSE,FALSE,FALSE
"A0042396",116.927994860412,-1.09226490287673,"Tang & Werner 2023",24.8286584537077,"Indonesia",760.844535081642,1834.74136599536,7723.75593234262,26660.2728734682,7319.95999060472,11909.8236445759,3.44933334986369,4.32100009918213,26.125,2.95673855145772,28.1932525634766,141485.53755839,144263.184420466,52.75,0,9267.4062007894,FALSE,FALSE,FALSE
"A0042397",116.930884780281,-1.09258026037732,"Tang & Werner 2023",2.89945771985372,"Indonesia",773.814990406076,2123.75901546429,8254.60729692953,26781.037171272,7639.27685322455,12378.5925244983,3.45300006866455,4.32175004482269,26.125,2.96904063224792,28.7586097717285,142058.417862483,144830.590092667,52,0,9350.64989899714,FALSE,FALSE,FALSE
"A0042398",114.668382374488,-1.15132130967569,"Tang & Werner 2023",20.8298171914427,"Indonesia",40728.2390689052,33088.7238572762,38026.9790898167,31511.6118722058,27071.3875429669,31535.4957893512,3.59866666793823,4.51633326212565,25.75,1.63650196790695,8.23148584365845,139228.359712852,149467.587032113,115,98012.6365262759,15820.0943693902,FALSE,FALSE,FALSE
"A0042399",117.079217040068,-1.02621347842848,"Tang & Werner 2023",27.5713643917668,"Indonesia",147.668378837838,1540.44503651031,7077.10657436121,8546.67775902117,4497.50126509214,21604.4053902574,3.61800003051758,4.55260000228882,26.59375,3.11701456705729,29.049259185791,159590.610995941,162252.727535139,8,222.110360208951,1117.15283824757,FALSE,FALSE,FALSE
"A0042400",116.744927857023,-1.0610555524934,"Tang & Werner 2023",6.57889765510538,"Indonesia",8380.4463152803,3459.6936375506,12491.9465519597,45180.534618543,3062.30743679296,16191.8046266187,3.51099991798401,4.4135000705719,26.125,2.44750738143921,21.5462112426758,127419.192924129,130784.830148634,10,16706.706806077,19014.4657908689,FALSE,FALSE,FALSE
"A0042401",116.73774429626,-1.10421993375809,"Tang & Werner 2023",4.45846752002452,"Indonesia",3598.5436343282,399.321725897628,8860.81134914656,47205.6588049703,2903.84956244733,13551.7471882422,3.51300001144409,4.41499996185303,26.125,2.9903461933136,36.6056175231934,123832.497343304,127062.766581435,7.5,16574.2157918464,22275.0297734179,FALSE,FALSE,FALSE
"A0042402",116.756746328094,-1.11370442639045,"Tang & Werner 2023",24.4121305794963,"Indonesia",4132.11156326528,1587.59692222534,6600.81427107244,45222.2331339449,4875.76908936288,11046.5214111021,3.5049999554952,4.40450000762939,26.2708333333333,2.93917401631673,34.3794809977214,124629.528856748,127783.455118241,10,14068.3948290244,21019.7307293644,FALSE,FALSE,FALSE
"A0042403",116.759045526158,-1.12215905637793,"Tang & Werner 2023",6.91933598221829,"Indonesia",4062.46124641972,2095.65043030817,5722.92263535803,45561.104189236,5660.40896647434,10340.337771889,3.50450003147125,4.40399980545044,26.34375,3.00101494789124,36.8026847839355,124492.024534569,127606.706208241,4,13878.502096762,21731.6762979421,FALSE,FALSE,FALSE
"A0042404",116.720368861404,-1.15260888487651,"Tang & Werner 2023",28.9273999726002,"Indonesia",0,771.071130971551,7633.67209873709,50647.986311691,1833.81240925776,12116.2232857913,3.53699994087219,4.44274985790253,26.25,2.46677541732788,18.0483112335205,118833.161592946,121943.859369271,17.5,17621.6584839986,26992.9019364796,FALSE,FALSE,FALSE
"A0042405",116.721126668666,-1.16205225072498,"Tang & Werner 2023",0.47554869106639,"Indonesia",1170.97183832794,1958.2233382983,7657.46561691873,51237.5798840383,1427.01134355829,11715.9903899208,3.54200005531311,4.4520001411438,26.3125,2.5120575428009,18.6100816726685,118554.914647394,121625.059630647,17,17673.8370149663,27932.576878301,FALSE,FALSE,FALSE
"A0042406",116.721353898972,-1.17024229191953,"Tang & Werner 2023",9.4073165248246,"Indonesia",1784.47435710203,2516.88598598258,7506.52427040729,51350.7140352502,1118.91940226249,11079.0082513482,3.54900002479553,4.45799994468689,26.3125,2.61431264877319,20.8393383026123,117847.425606411,120876.917353122,15.25,17466.9404480186,28272.4317013653,FALSE,FALSE,FALSE
"A0042407",116.721306590881,-1.17611694394021,"Tang & Werner 2023",2.70889488463602,"Indonesia",2626.57186516346,3204.14516176002,7672.17148429968,51808.2558610749,1420.04198449711,10837.2440549227,3.5514999628067,4.46400022506714,26.34375,2.61057430505753,20.9122920036316,117608.707386782,120620.276340165,16,17477.7784170226,28990.2505248722,FALSE,FALSE,FALSE
"A0042408",116.721664734812,-1.17855581367636,"Tang & Werner 2023",0.243768775852589,"Indonesia",3001.00375403918,3555.90935207638,7721.64632499008,51955.9816626612,1622.64123526653,10720.0517132974,3.55399990081787,4.46500015258789,26.375,2.5731748342514,20.0507001876831,117527.734227257,120532.315681047,16,17438.4135321141,29244.3166013149,FALSE,FALSE,FALSE
"A0042409",116.720621960494,-1.18297361806075,"Tang & Werner 2023",4.78214948537645,"Indonesia",3350.8554595269,3830.87900206867,7876.09339368905,52201.9515028408,1274.11189650315,10472.9465779812,3.55549991130829,4.4689998626709,26.375,2.71307158470154,23.2784900665283,117065.368452304,120052.860858655,16.5,17423.1328275852,29600.8968069886,FALSE,FALSE,FALSE
"A0042410",116.723173925989,-1.18125095634561,"Tang & Werner 2023",5.78278082140302,"Indonesia",3219.55437994551,3796.65429088318,7492.16930794795,51812.3026504019,1549.40148279061,10327.4055070733,3.55399990081787,4.47100019454956,26.375,2.74431252479553,23.9959182739258,117355.367643744,120344.341813245,17,17125.4292000299,29240.4102550689,FALSE,FALSE,FALSE
"A0042411",116.723620525834,-1.18501188217264,"Tang & Werner 2023",7.02225693288795,"Indonesia",3624.09608959043,4159.91104652207,7504.91380209206,51880.990234793,1329.72669331695,10061.2972563653,3.56299996376038,4.47333335876465,26.375,2.79648685455322,25.5252113342285,117044.390409084,120018.463642585,18,17017.6044331732,29435.0141760875,FALSE,FALSE,FALSE
"A0042412",116.722801416063,-1.18802411149059,"Tang & Werner 2023",1.61213255430432,"Indonesia",4024.77060302487,4522.97895065975,7806.73374272405,52236.3645179631,1381.13642921141,10136.0502864693,3.55699992179871,4.47199988365173,26.375,2.78873610496521,25.1792621612549,116990.54930137,119955.019789008,18,17224.0240671409,29886.7234291455,FALSE,FALSE,FALSE
"A0042413",116.727387543146,-1.18244211305821,"Tang & Werner 2023",2.79140516755093,"Indonesia",3461.64697570085,4148.79543001067,7097.98856331465,51447.6637521027,1432.2519856488,9924.90780722604,3.56700003147125,4.48049998283386,26.375,2.81430405378342,25.6414957046509,117656.423238226,120623.305587568,18,16718.3762067338,28999.1974358177,FALSE,FALSE,FALSE
"A0042414",116.732967760685,-1.18819876945385,"Tang & Werner 2023",11.6157911837365,"Indonesia",4172.55896795895,4934.60191131826,6598.92451886119,51073.5006427508,1873.10112935745,9033.5863262477,3.57400000095367,4.49150013923645,26.40625,2.71378540992737,22.4570579528809,117766.135824274,120694.910838605,17,15997.6424835305,28987.9400869553,FALSE,FALSE,FALSE
"A0042415",116.728518513742,-1.19112733285916,"Tang & Werner 2023",5.20321316925848,"Indonesia",4208.24768688787,4856.23132682654,7186.54238385343,51652.0498210686,1923.03626212728,9385.80328577669,3.56850004196167,4.48400020599365,26.40625,2.6983060836792,22.2431716918945,117181.470004234,120105.708791108,17.6666666666667,16559.2480537276,29472.8300163112,FALSE,FALSE,FALSE
"A0042416",116.744810236716,-1.18662245079544,"Tang & Werner 2023",149.296871429753,"Indonesia",4317.43070917438,4317.3182122292,4523.57799487535,48983.5675045827,1825.27490208642,7485.92268397979,3.58533334732056,4.51111117998759,26.4791666666667,2.99935916491917,30.1093433925084,118162.22273385,121088.448862554,12,13953.6362281669,27074.2654029116,TRUE,FALSE,FALSE
"A0042417",116.75757900238,-1.18315569874477,"Tang & Werner 2023",30.0275506896317,"Indonesia",5124.54104907475,3501.76977551305,3738.05653081596,48258.1160309659,2722.00992584442,6723.3317219961,3.58574998378754,4.51300001144409,26.59375,3.18555641174316,36.0603154500326,120034.894950103,122916.362046852,6.66666666666667,13099.0294472482,26722.0304720057,FALSE,FALSE,FALSE
"A0042418",116.752427964735,-1.23409976703378,"Tang & Werner 2023",62.4011300944045,"Indonesia",6817.60272300478,7735.30835902915,8132.13503248132,51634.5873333745,231.815285788894,5847.97809865656,3.61299991607666,4.53375005722046,26.625,3.06489271587796,30.785854127672,116372.795769033,119050.155639144,8,13825.444983988,31668.9392933171,TRUE,FALSE,FALSE
"A0042419",116.747549853377,-1.23720437545281,"Tang & Werner 2023",1.8602772080736,"Indonesia",7560.63349595108,8733.85530442862,9130.68314474509,52532.7624577635,1184.63843833651,6809.54400820209,3.60700011253357,4.53675007820129,26.5625,2.9581663608551,27.5267820358276,116232.046901908,118919.357434238,10,14785.2875171149,32667.5651018571,FALSE,FALSE,FALSE
"A0042420",116.739151320064,-1.23551332166786,"Tang & Werner 2023",10.1939832146267,"Indonesia",8313.01592042479,8847.3393142707,9234.83847831414,52991.6660697396,1120.37994068813,7557.60249443075,3.59299993515015,4.51999998092651,26.46875,2.89989733695984,26.2399234771729,115395.750241758,118110.117261971,15,15504.6887475166,32728.3219111317,FALSE,FALSE,FALSE
"A0042421",116.749898137554,-1.227023670404,"Tang & Werner 2023",21.4502051956751,"Indonesia",7722.58771760934,7366.81945799419,7763.3540664969,51344.2826085635,905.828267119169,5989.96466451839,3.59333332379659,4.51774990558624,26.625,2.94253349304199,27.5078341166178,116758.285622474,119484.13352502,8.5,13903.0063115625,31291.376212577,FALSE,FALSE,FALSE
"A0042422",116.743690397453,-1.22107621808771,"Tang & Werner 2023",19.5813493305722,"Indonesia",7886.33318957796,7342.38688083461,7714.79121530771,51721.9096625865,682.622846575227,6903.84617628183,3.57949995994568,4.50066661834717,26.59375,2.89068174362183,26.3100547790527,116578.279718364,119342.332345582,6,14718.0114752904,31175.8222553846,FALSE,FALSE,FALSE
"A0042423",116.736986257624,-1.22166974912562,"Tang & Werner 2023",42.6201055577002,"Indonesia",7582.30320804332,7681.57522883694,8031.99175747076,52200.6972059692,0,7545.49993670829,3.57699990272522,4.49533343315125,26.5625,2.80506644930158,24.3575278690883,115664.851657041,118428.99829818,9.5,15350.220599481,31410.3412021517,TRUE,FALSE,FALSE
"A0042424",116.721297667802,-1.21810129365969,"Tang & Werner 2023",13.4970147812345,"Indonesia",6960.39946208765,7451.45669369505,9408.32536814478,53832.3122192754,294.050154069482,9476.68912068243,3.56650006771088,4.47950005531311,26.4375,2.67425656318665,21.7113170623779,114826.325173031,117667.770773997,10.5,17270.2113836413,32438.0327457595,FALSE,FALSE,FALSE
"A0042425",116.699513258344,-1.28558828771883,"Tang & Werner 2023",233.552557978348,"Indonesia",11118.4092795549,4650.78263216636,5800.47504935475,59381.6107872835,4503.59332023019,11040.2071169556,3.60774999856949,4.51880000432332,26.265625,2.73453029509514,22.8089861715994,108187.325798507,110772.983425602,25.5,21043.4897812905,33208.1935162313,TRUE,FALSE,FALSE
"A0042426",116.661783187873,-1.20671972924162,"Tang & Werner 2023",4.04057365394645,"Indonesia",6268.3252560964,2271.96600805323,14821.1437737439,59235.6074682917,6.49884180739586,16209.0039972484,3.50699996948242,4.4060001373291,26.25,2.40837812423706,16.4708989461263,110174.747808818,113252.349968262,11.5,23883.0562662073,36084.6024393604,FALSE,FALSE,FALSE
"A0042427",116.648934847146,-1.24921658257406,"Tang & Werner 2023",3.79492589770508,"Indonesia",11111.6929286352,928.767198944805,10369.988476357,62543.4199164979,0,17422.3285325375,3.53633332252502,4.43674993515015,26.1875,2.53174543380737,19.019474029541,106233.109738141,109167.775174245,20,25698.6087262493,35561.0971262545,FALSE,FALSE,FALSE
"A0042428",116.645617420382,-1.22997965332015,"Tang & Werner 2023",0.754107319525054,"Indonesia",9276.09062019043,1269.94387839699,12554.3363982908,62040.9891216107,204.001057673909,18007.9986667004,3.52999997138977,4.43150019645691,26.1875,2.46443915367126,18.2338228225708,107332.571127997,110358.348779274,14,25879.1185477276,37603.1335867001,FALSE,FALSE,FALSE
"A0042429",116.64765015468,-1.23059552723526,"Tang & Werner 2023",0.623863600747627,"Indonesia",9313.42558365814,1421.08732225101,12457.5319564354,61886.3607834447,0,17792.7600231734,3.52999997138977,4.43150019645691,26.1875,2.37759208679199,16.095630645752,107455.349269116,110478.5391517,14,25669.7243668078,37635.5313228041,FALSE,FALSE,FALSE
"A0042430",116.793851283521,-1.16788120066254,"Tang & Werner 2023",9.37654038909676,"Indonesia",4570.71469502051,0,36.2004172471065,44109.2024753215,1760.79751616534,4719.8216377684,3.51899993419647,4.42799997329712,26.46875,2.72627985477448,24.7976856231689,124648.50841537,127490.391917131,25,9388.03898588603,23350.4719730457,FALSE,FALSE,FALSE
"A0042431",116.789767936142,-1.17104952935049,"Tang & Werner 2023",11.984405190581,"Indonesia",4663.19188280987,0,184.902126736034,44533.8894574193,1961.47575175696,5116.70227314428,3.52849996089935,4.43199992179871,26.5625,2.76323366165161,26.0641136169434,123968.269939082,126806.583347375,13.6666666666667,9794.7297726944,23711.0216539264,FALSE,FALSE,FALSE
"A0042432",116.78540856721,-0.990448456684231,"Tang & Werner 2023",32.610356227942,"Indonesia",17138.8002698532,11290.67538377,18994.8758624755,39589.3179432831,1214.22268230929,20922.8518216326,3.47124993801117,4.35925006866455,26.078125,2.30770792961121,17.5045402526855,135775.945309909,139249.321287787,10,13797.7005865489,12316.4358810619,FALSE,FALSE,FALSE
"A0042433",116.815168483753,-0.988148124696287,"Tang & Werner 2023",2.41761458619467,"Indonesia",17453.7775073584,12824.9503800365,18990.6530461905,36557.3624393008,4227.95293362314,20751.0598155527,3.44899988174438,4.31766653060913,25.8125,2.50504851341248,22.0642013549805,138658.162670579,142052.657493655,41.5,11006.9647288909,9263.08531665268,FALSE,FALSE,FALSE
"A0042434",116.809916566617,-0.990605771794577,"Tang & Werner 2023",4.07467132505503,"Indonesia",17787.2639844949,12314.4847512626,18957.3904335712,37090.5233834075,3732.47018005304,20530.1144435966,3.44749999046326,4.33699989318848,25.875,2.46437835693359,20.9388542175293,138008.177713915,141410.104130273,42,11601.5043436606,9824.70785920848,FALSE,FALSE,FALSE
"A0042435",116.851110846815,-1.0312212336193,"Tang & Werner 2023",16.746876342956,"Indonesia",11266.0596813204,8011.45426613753,12960.4365033635,32917.3002809192,7860.89371829155,15395.1238878153,3.41474997997284,4.27866665522258,25.78125,2.59784579277039,20.1339173316956,138548.306314625,141710.560454615,89,6306.18000833573,7162.831802825,FALSE,FALSE,FALSE
"A0042436",116.844551990615,-1.0248498995414,"Tang & Werner 2023",3.84519135181142,"Indonesia",12403.8815053241,9194.98775978407,14040.0995416333,33591.7860784258,7395.64588054299,16406.1082064103,3.41849994659424,4.2849999666214,25.65625,2.75469613075256,24.937770207723,138603.852008612,141811.17828998,93,7493.31501444811,7474.82264069497,FALSE,FALSE,FALSE
"A0042437",117.015133987462,-1.07028375791208,"Tang & Werner 2023",1.53594532101686,"Indonesia",1521.55220223169,1765.20595866785,16053.1644874203,17524.3162405486,3637.93323638013,14638.960012131,3.52300000190735,4.42299997806549,26.375,3.00276255607605,27.1913356781006,151310.67618248,153967.96117128,40,0,0,FALSE,FALSE,FALSE
"A0042438",117.011094305291,-1.07192032005347,"Tang & Werner 2023",1.22601875421526,"Indonesia",1110.68573202425,1423.017044088,16527.4835864072,17997.9015409886,4091.64612308615,14368.6732742561,3.52300000190735,4.41900014877319,26.375,2.96496375401815,26.1959711710612,150825.014191238,153484.335785541,40,0,302.682745054447,FALSE,FALSE,FALSE
"A0042439",115.371560008586,-1.98847462702221,"Tang & Werner 2023",65.3155586398981,"Indonesia",10805.9822668806,7088.86386588764,20306.3784102647,25609.2379971684,6049.59200234438,15822.1205414359,3.64883331457774,4.58229994773865,25.75,1.94676370918751,13.9338963031769,31180.2423473238,28252.6017534099,83,24108.7497223296,55238.9811886853,FALSE,FALSE,FALSE
"A0042440",115.354005736573,-1.99769433372772,"Tang & Werner 2023",64.8066946209503,"Indonesia",11396.6074916811,5215.78827095487,19955.5661325415,25104.4562931268,8440.74673626881,15102.364708048,3.65033336480459,4.58366674847073,25.75,1.88358620802561,13.2286321322123,31666.53976651,28144.1381915474,79,25346.669746829,53182.2627322091,FALSE,FALSE,FALSE
"A0042441",115.342536595468,-1.99733156354024,"Tang & Werner 2023",5.23449655193182,"Indonesia",12747.4907637975,4632.21553536987,21086.1050530286,26089.9291042211,10248.720482174,15914.1485552396,3.64849996566772,4.57974994182587,25.75,1.86487019062042,13.1383647918701,33179.0223745933,29412.2096936554,87,27063.6066602573,52581.9145169281,FALSE,FALSE,FALSE
"A0042442",115.341781473157,-1.99505158854693,"Tang & Werner 2023",4.09963458263456,"Indonesia",12961.3612294887,4812.73192416722,21326.178633701,26352.3610840866,10288.0388736249,16199.1408787609,3.64849996566772,4.58024990558624,25.75,1.82563948631287,12.2949075698853,33351.3336243254,29629.5358219107,87,27167.6035476251,52550.0385756392,FALSE,FALSE,FALSE
"A0042443",115.33202599673,-1.99558232056043,"Tang & Werner 2023",7.3216261588289,"Indonesia",13587.0446551825,3990.63954856013,21839.4161739902,26744.1619795243,10821.4834319933,16494.3107735299,3.6434999704361,4.57100009918213,25.75,1.65906405448914,8.83601093292236,34137.1608288156,30234.1741689538,83,28128.2293877187,51469.0673962265,FALSE,FALSE,FALSE
"A0042444",115.165485657835,-1.99089828115994,"Tang & Werner 2023",20.5725062621047,"Indonesia",29097.3688564085,8776.97120545892,33260.2851388497,38323.7695114658,10101.7569291055,29149.4685631101,3.650750041008,4.58800005912781,26.03125,1.64220130443573,9.59300994873047,49975.866597053,44114.8325651695,45,45953.3219701418,33408.8442176143,FALSE,FALSE,FALSE
"A0042445",102.745945530096,-2.34227725926636,"Tang & Werner 2023",34.92448131828,"Indonesia",59238.2284198563,261.753205039084,1160.71658013779,100602.776473666,1744.20481524465,3453.71097232958,3.67650000254313,4.61619997024536,26.2604166666667,2.54897159337997,25.19109582901,197132.433608344,192349.552548207,52.3333333333333,30482.6033999982,37205.5856472379,FALSE,FALSE,FALSE
"A0042446",102.742105654914,-2.34875413683685,"Tang & Werner 2023",20.5410778215005,"Indonesia",59367.1664423268,472.152952365809,1952.963180305,100749.832201625,1763.67402885011,4056.94336076858,3.67866667111715,4.62199997901917,26.2916666666667,2.56281638145447,25.523063659668,196806.127735099,192031.235190124,51.5,31035.5983802971,37961.5967284407,FALSE,FALSE,FALSE
"A0042447",102.736732773869,-2.35060164808958,"Tang & Werner 2023",8.2192039441869,"Indonesia",59098.0090192595,404.626378354974,2363.69581516364,101316.936858252,1575.14060509424,4237.96729548723,3.68350005149841,4.62599992752075,26.28125,2.60558986663818,27.3372993469238,197078.453912101,192310.57376236,51,31751.5068202894,38267.5110896285,FALSE,FALSE,FALSE
"A0042448",102.735538946431,-2.34664341701822,"Tang & Werner 2023",25.9907737439762,"Indonesia",58560.8409017823,0,1977.29999081486,101453.326149151,992.740817995465,3675.13746423881,3.68400001525879,4.62733332316081,26.3125,2.56372928619385,25.9992737770081,197391.360235778,192620.525839985,49.75,31713.207685935,37741.4404830469,FALSE,FALSE,FALSE
"A0042449",114.968712541559,-1.04931335377266,"Tang & Werner 2023",4.04990064221241,"Indonesia",16259.9627884117,2687.93031086523,22915.3255498994,4071.69094594198,3131.92187533293,11161.3363386777,3.62700009346008,4.55600023269653,25.875,1.93546214699745,15.7244040966034,120752.128891632,125281.168455911,60,74953.127512386,16986.574484391,FALSE,FALSE,FALSE
"A0042450",114.967127741987,-1.05567058289412,"Tang & Werner 2023",4.4364198337431,"Indonesia",16227.6530327019,3221.84343429228,23457.0232345432,4274.16849787277,3007.29232023621,11676.0179509282,3.62999999523163,4.56033325195312,25.84375,1.89599370956421,14.9192018508911,120369.589206305,126039.410340618,58,74641.6194018489,17224.5864308532,FALSE,FALSE,FALSE
"A0042451",114.963638040119,-1.05858093087098,"Tang & Werner 2023",1.75198344330927,"Indonesia",16646.8083544653,3787.52033749135,23621.422880769,4267.06905151996,2878.87911999879,11830.6113850425,3.63299989700317,4.56400012969971,25.875,1.91629672050476,15.2835925420125,120492.029309342,126507.930993881,57,74829.1601264832,17202.4213794188,FALSE,FALSE,FALSE
"A0042452",114.946814153942,-1.05674398267252,"Tang & Werner 2023",11.8993333137894,"Indonesia",18312.5695052991,5073.66583789666,22453.3973663269,2732.68918733822,1090.58204800795,10674.8470440941,3.63850009441376,4.57200002670288,25.90625,1.87414848804474,14.0186471939087,121680.003954944,126951.72599964,50.5,76149.682445836,15473.0458107021,FALSE,FALSE,FALSE
"A0042453",114.940935856501,-1.05865142112804,"Tang & Werner 2023",13.1712030625823,"Indonesia",18850.6680871648,5660.69744884829,22469.7276044546,2775.21251274966,1153.63983160823,10737.7791507661,3.63825005292892,4.57299995422363,25.9375,1.86995846033096,13.8399181365967,121982.784959944,127476.964254244,46.5,76512.7558192443,15088.1841748772,FALSE,FALSE,FALSE
"A0042454",114.944564260366,-1.06108614265911,"Tang & Werner 2023",0.448281696130643,"Indonesia",18710.295408669,5703.60784303406,23056.9039317104,3317.45661533739,1635.89893558468,11296.9157133323,3.64000010490417,4.57499980926514,25.9375,1.95696711540222,15.9111070632935,121828.404071952,127710.072323967,50,76356.2775984536,15852.1737755221,FALSE,FALSE,FALSE
"A0042455",114.940050598712,-1.04155534923762,"Tang & Werner 2023",7.67886472168994,"Indonesia",19508.9758527787,4765.00753590481,20676.1176529794,960.95595337652,84.0841019403267,8902.67246406608,3.63299997647603,4.56699991226196,25.9791666666667,1.85002970695496,13.8300700187683,121654.094937816,125863.040327857,42.5,77972.6779487425,13864.2654676481,FALSE,FALSE,FALSE
"A0042456",114.892150944316,-0.974988371704286,"Tang & Werner 2023",22.1946858352318,"Indonesia",27069.7076312388,6705.7250287229,11899.5631952677,3021.08908393252,4619.71593247096,557.913330511077,3.65200001001358,4.59050011634827,26.015625,1.89714543024699,14.3701848983765,116822.318125976,121709.736714881,43,86689.3814236222,5484.94821573092,FALSE,FALSE,FALSE
"A0042457",114.901511739442,-0.974530997893384,"Tang & Werner 2023",5.86554033218473,"Indonesia",26337.9604200432,5825.59549794718,12260.1893227772,3105.52293948338,5011.1209233296,1011.95916683579,3.64966670672099,4.58749997615814,26,1.81319779157639,12.7428750991821,116443.755787903,121252.588405707,43,86069.3950076443,6612.71916828881,FALSE,FALSE,FALSE
"A0042458",114.899705414113,-0.975616490298658,"Tang & Werner 2023",0.11490195879134,"Indonesia",26556.1858640129,6180.84566373468,12430.8553237074,3327.65772083412,4959.07086208064,1115.80184367171,3.65100002288818,4.58799982070923,26,1.82258725166321,12.9292287826538,116811.075729576,121632.552252898,43,86243.9534850018,6612.36990786617,FALSE,FALSE,FALSE
"A0042459",114.904196560017,-0.976948170006626,"Tang & Werner 2023",1.15041587862738,"Indonesia",26004.1827821727,5682.75858328917,12689.5934681474,3520.37633574744,4913.75380100669,1376.4444308479,3.64800000190735,4.58599996566772,26,1.82540845870972,13.3333625793457,116682.694214829,121458.961516272,43,85727.5450714496,7085.58909471837,FALSE,FALSE,FALSE
"A0042460",114.923298047749,-1.10894413493173,"Tang & Werner 2023",3.36456368875376,"Indonesia",20920.711447683,10721.8433272745,27283.9352130985,8405.12976970196,6768.78714474915,15918.3915188306,3.65349996089935,4.59066677093506,25.9375,1.89247512817383,14.4453716278076,119721.965993708,130929.961351386,42,75050.5742696741,17481.6112506531,FALSE,FALSE,FALSE
"A0042461",117.145004989303,-0.879722676913866,"Tang & Werner 2023",3.73888076834623,"Indonesia",5966.45549568492,4611.63362909217,11701.8689390037,10362.9045283536,5322.87589340445,33105.5666592122,3.48499989509583,4.37199997901917,26.1875,3.03855808575948,29.1971632639567,168500.499365155,164819.706014523,45,6253.36819800539,2533.21621289497,FALSE,FALSE,FALSE
"A0042462",117.148403473792,-0.877451495607977,"Tang & Werner 2023",5.41970417380349,"Indonesia",5902.65454268575,4410.3033906748,12005.5035674059,10599.0625480575,4976.30241835817,32790.5614582731,3.48499989509583,4.37300002574921,26.1875,3.048180103302,29.2337226867676,168126.655228291,164441.214942934,46.5,6724.85329409448,3058.05002503322,FALSE,FALSE,FALSE
"A0042463",117.160159774873,-0.869271513721572,"Tang & Werner 2023",2.03306686866611,"Indonesia",4962.09411145197,3825.45242606277,13176.5493189159,11630.7239761719,4119.08608449802,31840.344698591,3.50699996948242,4.39000002543132,26.25,3.07939267158508,30.4609375,167002.149418178,163304.158711927,42,8085.92116337919,3363.70740088653,FALSE,FALSE,FALSE
"A0042464",117.158186673629,-0.870925849191904,"Tang & Werner 2023",1.67976886172764,"Indonesia",5088.75054589859,3984.5460790235,12986.2558785861,11450.9262007282,4315.34299676634,32089.2584493607,3.49899995326996,4.3899998664856,26.25,2.98727011680603,28.0281715393066,167283.864771968,163587.794295264,42,7842.64215591314,3377.8039296583,FALSE,FALSE,FALSE
"A0042465",117.161196249958,-0.871617937967922,"Tang & Werner 2023",4.87333689615326,"Indonesia",4690.89796745902,3587.36802258338,12876.3131193257,11321.8997574042,4359.40702971917,32042.3475305148,3.50699996948242,4.39799976348877,26.25,3.03285980224609,29.2193026542664,167164.786025939,163463.838903585,42,8125.44184585608,3622.13208695236,FALSE,FALSE,FALSE
"A0042466",117.164774110174,-0.869827442008299,"Tang & Werner 2023",1.0852149495552,"Indonesia",4445.94402535223,3305.29737804778,13280.5745878611,11675.6241369068,4288.42141194168,31926.3756891587,3.50699996948242,4.40500005086263,26.25,2.95027017593384,26.9406003952026,167008.749494915,163305.259921739,40,8587.51188965249,3684.35714381907,FALSE,FALSE,FALSE
"A0042467",117.162029710255,-0.863300792837251,"Tang & Werner 2023",11.6687256188624,"Indonesia",4909.25637017181,3684.35265814195,13688.7193201128,12140.0517591464,3322.78917020237,31003.0402474211,3.49399995803833,4.38750004768372,26.3125,3.07224488258362,30.1970481872559,166148.315899799,162450.140628494,33,8255.70674704086,2821.34140157376,FALSE,FALSE,FALSE
"A0042468",117.165254906432,-0.863905644060251,"Tang & Werner 2023",1.56087227633836,"Indonesia",4704.1343988673,3468.08952468291,13871.6045474507,12285.7694932719,3617.61480217833,31210.4976836775,3.49399995803833,4.39199995994568,26.3125,3.03003346920013,29.7049694061279,166289.775989555,162586.948354638,33,8724.71039286529,3284.87963625449,FALSE,FALSE,FALSE
"A0042469",117.169102596838,-0.856030434189561,"Tang & Werner 2023",5.30174999544209,"Indonesia",4491.24412795344,3201.04531615787,14803.9849871286,13201.6207285541,2887.0532289391,30272.3880370959,3.49000000953674,4.38500022888184,26.375,2.87171220779419,25.1537489891052,165287.063545083,161581.340673981,25,7861.28073756823,2995.95991728515,FALSE,FALSE,FALSE
"A0042470",117.172131778434,-0.853467795478123,"Tang & Werner 2023",11.301789050733,"Indonesia",4182.11329487417,2824.19522569461,15129.9001626616,13494.7674311859,2661.55791333548,29936.9568736209,3.49000000953674,4.38450002670288,26.375,2.87777006626129,25.3665866851807,164906.80200618,161198.833871802,26.5,7469.13750218999,2830.74073378127,FALSE,FALSE,FALSE
"A0042471",117.179274318253,-0.880538260460289,"Tang & Werner 2023",3.14953426596895,"Indonesia",2509.31393360067,1433.15536877291,12552.1617661335,10790.1041784544,5791.25995582647,32981.5886633666,3.5550000667572,4.47100019454956,26.375,2.97711984316508,27.3503341674805,167685.178779334,163958.33623768,33,10065.9022190713,5621.95752890638,FALSE,FALSE,FALSE
"A0042473",117.207273862119,-0.856554862704551,"Tang & Werner 2023",2.17342105522925,"Indonesia",789.391799903542,625.613594509841,16328.1084670473,14455.962617013,4738.38162667008,30507.4216258923,3.55999994277954,4.48833322525024,26.3125,3.06752550601959,30.2353963851929,164453.956220222,160697.764941131,22,6829.30736353448,5996.35126404918,FALSE,FALSE,FALSE
"A0042474",117.13436471545,-0.844366321171939,"Tang & Werner 2023",5.32907610069688,"Indonesia",2988.052608154,7231.07359287574,15590.3351282789,14364.2917616453,2373.25988216832,29298.0167136333,3.43449997901917,4.31466674804688,26.4375,2.81151729822159,24.1320204734802,164929.321233559,161273.358409501,14,6097.10150996269,196.10732677918,FALSE,FALSE,FALSE
"A0042475",117.196242925163,-0.810131459973267,"Tang & Werner 2023",1.79498357398029,"Indonesia",3664.62799501854,1886.66193973808,20591.2358457,18875.188241046,786.848595155938,25248.2617096954,3.50399994850159,4.40000009536743,26.4375,2.92187118530273,26.2180509567261,159674.834457097,155948.01296606,8,2148.4869906139,3488.2809950025,FALSE,FALSE,FALSE
"A0042476",117.19633697818,-0.807130856134966,"Tang & Werner 2023",1.03609051964367,"Indonesia",3630.70592200354,1933.86442281244,20447.7282506221,19210.649578124,620.904684105177,24929.911331517,3.49699997901917,4.39800000190735,26.4375,2.94034926096598,26.8953151702881,159359.61945241,155633.63683846,8,1880.0551829432,3578.78608804806,FALSE,FALSE,FALSE
"A0042477",117.200409176268,-0.799753810073048,"Tang & Werner 2023",4.23199754123303,"Indonesia",3035.56119502413,1289.10355471645,19430.8354972821,20007.2265899368,475.118123071648,24112.3766195041,3.5009999871254,4.40000009536743,26.4375,2.99559569358826,28.5277900695801,158406.105300096,154675.510171196,6,858.698627124574,4238.5442100845,FALSE,FALSE,FALSE
"A0042478",117.199088751235,-0.804018919897738,"Tang & Werner 2023",3.15406417024613,"Indonesia",3267.54958489888,1593.2724357535,20000.3889895737,19606.4593964868,663.553113042494,24549.1026368889,3.50450003147125,4.40000009536743,26.4375,2.92153298854828,26.423638343811,158929.723017466,155202.217946458,6,1438.70865779707,4004.98649308227,FALSE,FALSE,FALSE
"A0042479",117.200986104402,-0.796006535973003,"Tang & Werner 2023",6.47894920528759,"Indonesia",2971.164424223,801.489612353747,18988.8524336882,20452.7277217745,23.3017640497724,23642.9894014944,3.49749994277954,4.39699983596802,26.4375,2.96654689311981,27.6910600662231,157925.873454719,154196.428800111,6.5,469.500414547669,4489.61349644942,FALSE,FALSE,FALSE
"A0042480",117.205073155106,-0.786289062165173,"Tang & Werner 2023",2.52663325499906,"Indonesia",2203.30998539282,28.8615575616069,17967.0765164675,21723.8436885673,335.841673088704,22718.2553831953,3.49499988555908,4.39349985122681,26.4375,3.00646503766378,29.0347461700439,156905.596213956,153175.002287485,9,0,5559.86237918058,FALSE,FALSE,FALSE
"A0042481",117.205961433728,-0.783872246346078,"Tang & Werner 2023",5.32661629054937,"Indonesia",1852.34937987675,204.743838101702,17524.9354828106,21902.6990668128,515.052943190428,22348.4584212362,3.49199998378754,4.39300012588501,26.40625,3.01243424415588,29.3187478383382,156467.014263256,152734.964269215,9,0,5722.56575177945,FALSE,FALSE,FALSE
"A0042482",117.20353211964,-0.785026469678845,"Tang & Werner 2023",3.17339469985471,"Indonesia",2219.48656113116,127.562685331106,17867.4196563383,21752.1571963284,390.083551329935,22540.1066976651,3.49499988555908,4.38866662979126,26.4375,2.99305510520935,28.9465160369873,156755.79595627,153026.727082902,9,0,5464.33726985039,FALSE,FALSE,FALSE
"A0042483",117.221459658105,-0.793681675708285,"Tang & Werner 2023",5.60948779888245,"Indonesia",593.170599250109,263.860189520207,17863.5291443662,21438.4758101248,53.0957596377801,23817.8689967262,3.53099989891052,4.43599987030029,26.5,3.04783368110657,29.0900726318359,157257.221324045,153500.28640596,6,0,6543.75157867969,FALSE,FALSE,FALSE
"A0042484",117.21802940693,-0.795031256948706,"Tang & Werner 2023",1.80560336811389,"Indonesia",1134.4414735465,138.428310644345,18180.6496419557,21200.9207984749,8.23510337076786,23871.9438489483,3.53099989891052,4.42966667811076,26.5,2.98831939697266,27.269832611084,157503.664193583,153751.967442906,6,0,6295.15839472877,FALSE,FALSE,FALSE
"A0042485",117.255091275374,-0.733784922533606,"Tang & Werner 2023",3.05823439128191,"Indonesia",1807.2390605301,2672.48280829677,10339.6934449645,29107.8158728858,3210.52518090181,18563.1256387507,3.50600004196167,4.4099999666214,26.40625,2.97742795944214,27.1750087738037,149957.199118257,146174.370887525,10,0,13411.8528062558,FALSE,FALSE,FALSE
"A0042486",117.238453175927,-0.716861429064276,"Tang & Werner 2023",11.7942846252114,"Indonesia",33.1477867844226,1074.85429774559,9280.31771081953,30054.6111418155,3014.00343831208,15888.1426295884,3.47650003433228,4.37249994277954,26.34375,3.03735506534576,29.7693176269531,148347.148002421,144594.252539721,17,0,12970.3339399616,FALSE,FALSE,FALSE
"A0042489",116.884343198234,-0.754806090010892,"Tang & Werner 2023",25.7540268323202,"Indonesia",24456.7627081767,16542.1183359864,33408.0763146216,37770.1800733678,15159.7117057352,32498.3542317168,3.48166664441427,4.3730001449585,25.6666666666667,2.62342421213786,23.7430820465088,161820.086033846,161782.128609693,73.3333333333333,2157.94295941341,2625.8087676421,FALSE,FALSE,FALSE
"A0042490",116.878879801412,-0.760995354936713,"Tang & Werner 2023",4.43256959817568,"Indonesia",24620.0431935437,17191.2863812312,34450.6163546417,37978.6536198729,14564.2169933113,33549.4497821826,3.48699998855591,4.37799978256226,25.5,2.8401183684667,30.1779260635376,161055.791121645,162816.756465896,86.5,3068.72247084491,2250.50788452551,FALSE,FALSE,FALSE
"A0042491",116.929106268533,-0.664659736129832,"Tang & Werner 2023",0.0235416972847019,"Indonesia",24401.6881112036,17012.6076365498,23531.3991690926,42134.2936238033,13675.212947475,22301.1139827669,3.4760000705719,4.3730001449585,25.8125,2.89705371856689,32.2112607955933,154166.042096825,150946.927092272,32,0,6198.7456739446,FALSE,FALSE,FALSE
"A0042492",116.954783357896,-0.649570065814657,"Tang & Werner 2023",7.71899389488008,"Indonesia",20930.5604766791,14113.6946855054,20041.2273826932,41849.4154014654,10324.3998002135,18852.292116247,3.47599995136261,4.37099981307983,25.875,2.82465004920959,28.6544761657715,151240.951599855,147988.752001571,35.3333333333333,0,4569.79064419338,FALSE,FALSE,FALSE
"A0042493",117.139411126674,-0.694303725018927,"Tang & Werner 2023",3.48487249914363,"Indonesia",4188.71048709805,5732.14363297981,13488.3376146968,31014.4032393155,7224.88919673995,12902.3925271674,3.42499995231628,4.30433320999146,26,3.02940527598063,31.4453468322754,148800.132875008,145202.150335267,39.5,10099.7759602413,9909.20581511116,FALSE,FALSE,FALSE
"A0042494",117.177230043025,-0.710730889291419,"Tang & Werner 2023",6.56245114587227,"Indonesia",27.1418339198914,5365.30125179026,13585.5384592171,29263.3829074605,4702.26274394641,14016.3809897043,3.42600011825562,4.30499982833862,26.25,3.09243845939636,31.6100559234619,149300.753460524,145635.913502329,17,5552.11393021348,9227.18200293088,FALSE,FALSE,FALSE
"A0042495",117.094376741693,-0.701125817803879,"Tang & Werner 2023",8.03339160988441,"Indonesia",8672.07677316533,665.447167760588,16826.1933249093,30805.5182153036,10222.2408821879,15672.6996585231,3.42000007629395,4.29699993133545,25.8125,3.41083645820618,44.7193069458008,150968.951219234,147440.737874298,63.5,9426.09640302149,8115.26844899686,FALSE,FALSE,FALSE
"A0042496",117.097694915804,-0.673502299790751,"Tang & Werner 2023",3.6654295866817,"Indonesia",9050.12030175115,1427.25349858184,13795.3467132345,33759.5896684635,9524.43054577359,12961.0069884605,3.42799997329712,4.31199979782104,25.9375,3.1088125705719,33.5575737953186,148003.558003175,144488.17841695,43,12469.6383234874,8891.20597819467,FALSE,FALSE,FALSE
"A0042497",117.220892359335,-0.750920376441197,"Tang & Werner 2023",1.09676735041268,"Indonesia",520.984207994443,303.088981478632,13693.2667131633,26015.4838507305,956.834393165081,19169.7955157982,3.50099992752075,4.39900016784668,26.3125,2.91462445259094,25.9558362960815,152693.455767612,148952.138652655,34,0,9187.45034010151,FALSE,FALSE,FALSE
"A0042498",116.021358870374,-0.56958936627938,"Tang & Werner 2023",39.6972750148613,"Indonesia",43123.6920565315,45388.4382602249,45386.188717825,48958.9024119345,13831.6024810297,104947.642925669,3.63899993896484,4.57999992370605,26,2.37969794273376,21.744140625,96703.4900879829,87803.2886747855,37,30569.2330085143,34504.9808127569,FALSE,FALSE,FALSE
"A0042499",116.001441406351,-0.573345497377373,"Tang & Werner 2023",16.4247841007632,"Indonesia",42169.7446463535,44634.9731286175,44695.9765726545,48225.4407988894,16048.730364714,107276.973289807,3.64399993419647,4.58233340581258,26,2.40071880817413,22.248384475708,95401.9063097015,86651.791143889,44,31055.4300454983,33276.7848965621,FALSE,FALSE,FALSE
"A0042500",117.112767771901,-0.588175711570472,"Tang & Werner 2023",15.6215351887361,"Indonesia",1995.35374516011,1044.10440794767,4279.12172805562,26482.0446569995,2498.88613123548,3253.59224280366,3.45900011062622,4.34200000762939,25.875,3.09455513954163,32.9359836578369,138349.28446733,134855.523567531,35.25,15503.0198605966,12890.6794949747,FALSE,FALSE,FALSE
"A0042501",117.104434285721,-0.595525997407931,"Tang & Werner 2023",2.2290266896821,"Indonesia",3330.02164657556,171.157426707894,5101.75641172833,27737.6269761678,3639.21868114065,4433.8306426539,3.44899988174438,4.33300018310547,25.9375,3.1417293548584,34.6394963264465,139491.541626708,136008.219342315,30.5,15479.0175962367,11848.6201853612,FALSE,FALSE,FALSE
"A0042502",117.10530500256,-0.591794516625463,"Tang & Werner 2023",3.31336125063263,"Indonesia",3073.34607190437,401.586666590717,4622.6150792768,27304.2734078016,3182.11210715291,3981.73414743407,3.45199990272522,4.34199991226196,26,3.20906233787537,37.0404243469238,139022.217327079,135540.50376773,32,15785.1850811471,12152.2616704628,FALSE,FALSE,FALSE
"A0042503",117.107672552569,-0.593140606708069,"Tang & Werner 2023",1.42174249055198,"Indonesia",2965.99494542393,606.708900833293,4927.36741348322,27437.3623914672,3383.26545174755,4165.65109793486,3.4504998922348,4.34499979019165,25.9375,3.10728669166565,33.2945137023926,139249.558530567,135761.555563901,32,15978.8511924415,12346.374126061,FALSE,FALSE,FALSE
"A0042504",117.105284178761,-0.589169389306484,"Tang & Werner 2023",1.57895122168989,"Indonesia",3001.79926657971,440.418940464261,4493.5060928191,27196.3678455955,3066.25884144507,3867.83633047008,3.45499992370605,4.34800004959106,26.0625,2.98000514507294,29.5519742965698,138898.726096214,135417.846581112,32,15955.0051568072,12319.4370747546,FALSE,FALSE,FALSE
"A0042505",117.106515812061,-0.58972477446651,"Tang & Werner 2023",0.255298405847581,"Indonesia",2980.88244762832,634.659076503077,4567.5430937938,27214.1621963236,3097.00670514232,3895.19298326308,3.45499992370605,4.34349989891052,26.0625,2.9511866569519,28.5327577590942,138943.109581353,135460.465074371,32,16106.5852681033,12471.5269599793,FALSE,FALSE,FALSE
"A0042507",115.926957026401,-0.54483351708628,"Tang & Werner 2023",109.474107415804,"Indonesia",34436.1234720222,37222.5691537852,37734.2324755465,41077.396133645,15886.3544544345,114990.861053286,3.65700006484985,4.59884614210862,26.0625,2.31892290115356,20.2865482330322,86594.1975855384,78179.645164933,37.75,37059.9973638257,24910.1931264374,FALSE,FALSE,FALSE
"A0042508",117.045020175473,-0.50894315410797,"Tang & Werner 2023",32.8217160757596,"Indonesia",4340.81488101442,7057.11737416448,7317.2063079394,25376.75093434,1394.50914425068,3578.28853851199,3.47199988365173,4.37740001678467,26,2.7495875954628,27.0461483001709,132648.485254309,129346.416350569,23.3333333333333,17334.4637919391,15159.5831216043,FALSE,FALSE,FALSE
"A0042509",117.048199740958,-0.502118002644546,"Tang & Werner 2023",20.6923227648171,"Indonesia",3773.64950533307,6525.24596282111,6816.81367700948,24754.5494364668,1613.17599854362,3630.71052313237,3.47533329327901,4.37166674931844,25.8958333333333,3.04628360271454,35.6899642944336,131861.603440254,128562.321665619,27,18352.7623623481,16201.6767228769,FALSE,FALSE,FALSE
"A0042510",117.215121058093,-0.491845072681422,"Tang & Werner 2023",4.8071625726085,"Indonesia",5370.23973536392,1798.20067814007,3396.93236326327,12037.9365592325,296.211386272914,2623.53552251138,3.46549999713898,4.36600017547607,26.09375,2.87552316983541,27.418763478597,124802.233204145,121177.837875143,25,11540.5706111772,28417.5564586093,FALSE,FALSE,FALSE
"A0042511",117.211999045178,-0.488067941336998,"Tang & Werner 2023",19.6715601607525,"Indonesia",4729.74755797386,2223.45516807003,3631.94188672579,11546.3485279195,167.686116646064,1981.55639454433,3.46900010108948,4.36666663487752,26.0625,2.89221775531769,27.9909410476685,124316.29778453,120698.380366548,26,11956.2328198935,28192.5363002081,FALSE,FALSE,FALSE
"A0042512",117.215340496798,-0.485881079282045,"Tang & Werner 2023",3.70798690907737,"Indonesia",5120.72315436944,2159.65603900041,4060.82262023667,11393.7036608302,618.332209886503,2413.0798971817,3.46900010108948,4.37200005849202,26.0625,2.98883509635925,31.1348514556885,124161.999840965,120540.905996449,26,11889.7310389489,28904.74250934,FALSE,FALSE,FALSE
"A0042513",117.219587562222,-0.484727493659285,"Tang & Werner 2023",24.1733271864047,"Indonesia",5382.67712696805,1632.68357927561,4040.38869321979,10835.8063692684,321.225501750109,2718.89367410256,3.47099995613098,4.37199997901917,25.9375,2.9897540807724,30.8751335144043,123590.003033044,119961.790879348,34.3333333333333,11329.5931859725,29064.4116817497,FALSE,FALSE,FALSE
"A0042514",117.222571831307,-0.485678230958077,"Tang & Werner 2023",2.29606635713324,"Indonesia",5838.11994900929,1580.45456764073,4264.54721255829,11260.8415552588,517.316449347825,3176.51096432241,3.47099995613098,4.3677499294281,25.9375,2.98516941070557,30.8512229919434,123993.978117748,120359.736884354,37,11223.1380337427,29601.0850901844,FALSE,FALSE,FALSE
"A0042515",117.222627575414,-0.484118262789501,"Tang & Werner 2023",1.11731848964647,"Indonesia",5805.71297923196,1771.25032722052,4464.57307859616,11123.1047837971,694.269516280091,3179.49197758455,3.47099995613098,4.36749982833862,25.9375,2.94485664367676,29.5201168060303,123856.604993388,120222.561170869,37,11376.0738151628,29711.6924590045,FALSE,FALSE,FALSE
"A0042516",117.210223342622,-0.476508864825007,"Tang & Werner 2023",3.8099392235892,"Indonesia",4216.38733816527,3330.40533855574,5083.72690891987,10458.8599242738,942.881973130879,1699.08193319361,3.46300005912781,4.35939998626709,26.03125,2.8277542591095,26.2011966705322,123213.867118601,119607.009087855,31,12984.3346288122,28979.3261724733,FALSE,FALSE,FALSE
"A0042517",117.1989778201,-0.46864613243056,"Tang & Werner 2023",23.4781903685621,"Indonesia",2548.39375141531,4418.45351194504,5840.77562727385,10040.4909843087,791.492517079877,245.502654695849,3.44649994373322,4.338250041008,25.921875,2.98013726870219,30.1076272328695,122563.835045608,118988.93958604,36,14252.7991931593,28444.6977686499,FALSE,FALSE,FALSE
"A0042518",117.105548861543,-0.636653010886843,"Tang & Werner 2023",2.71512558452555,"Indonesia",6211.85667717706,116.217640375764,9738.9784918847,31709.8457469376,6533.61372520703,8828.19614753939,3.43799996376038,4.3215000629425,25.8125,3.03307604789734,31.0194182395935,143881.077474565,140371.827807108,52,14080.0832274281,10499.5900052046,FALSE,FALSE,FALSE
"A0042519",117.098318495668,-0.625919861277208,"Tang & Werner 2023",2.58427010025893,"Indonesia",6155.34076237407,935.786655473966,8597.84683797422,31056.9542708748,5103.25487374645,7902.77654865588,3.44199991226196,4.32800006866455,25.75,3.16484093666077,35.1562843322754,142996.798492031,139505.43399643,58,13626.6728194368,10104.866415315,FALSE,FALSE,FALSE
"A0042520",117.085591890073,-0.618919115653522,"Tang & Werner 2023",3.19458239075448,"Indonesia",6574.39589381472,2161.77092361778,8101.54418547141,31152.3096224645,3628.98758480745,7820.75665588545,3.44199991226196,4.3289999961853,25.9375,3.12802187601725,35.2891858418783,142718.483701148,139255.260108968,43,12489.3663373815,8908.72822048326,FALSE,FALSE,FALSE
"A0042521",114.990205042248,-1.05250061744918,"Tang & Werner 2023",3.99924519006811,"Indonesia",13891.40008122,926.750311939794,24508.5980266674,6440.56611872754,5549.33196787316,12918.8297687501,3.62100005149841,4.54874992370605,25.875,1.9444066286087,15.7906122207642,118879.030404673,124631.698296113,55,72926.4943316977,19226.4611621345,FALSE,FALSE,FALSE
"A0042522",114.988259418912,-1.05189696761627,"Tang & Werner 2023",5.16926043387971,"Indonesia",14101.6458162149,1047.78097294445,24344.0066023726,6192.04120330872,5306.68351358869,12742.8623184978,3.62100005149841,4.54899978637695,25.875,1.95626151561737,16.1557312011719,119085.187959463,124641.773090351,55,73145.7624892405,18999.5422458383,FALSE,FALSE,FALSE
"A0042523",116.928681138112,-1.00061029731823,"Tang & Werner 2023",3.76039349854062,"Indonesia",5229.4385060492,3562.87262450169,17106.3896394044,23993.9965122415,13269.1022138457,20941.6029502881,3.40649998188019,4.28000020980835,26.15625,2.5360541343689,17.9578876495361,147723.109916258,150802.584941436,50,2075.33143514242,1177.95380943049,FALSE,FALSE,FALSE
"A0042524",116.925964352436,-0.99783785002403,"Tang & Werner 2023",5.97877712721626,"Indonesia",5567.97409244498,4005.73615913161,17233.1294316452,24316.9985096916,12865.9209465178,21034.929857618,3.40349996089935,4.27600002288818,25.96875,2.57538366317749,18.832878112793,147652.716720696,150738.123516272,60,2014.78094587219,760.61907847698,FALSE,FALSE,FALSE
"A0042525",115.118456274835,-1.04654628863664,"Tang & Werner 2023",6.61834256600631,"Indonesia",4399.42005001819,5155.30535949926,34096.1070615172,20230.9574697452,19696.827967908,24319.8084209999,3.62100005149841,4.5479998588562,25.625,1.94986665248871,15.5535507202148,110164.887786383,118968.040196268,83,63300.9200158594,31971.9554890171,FALSE,FALSE,FALSE
"A0042526",116.989490848575,-1.00329451579865,"Tang & Werner 2023",3.10847763495638,"Indonesia",4.34007843141158,2395.81316424459,16120.039460217,17390.0260030187,7398.52349711781,21471.401807922,3.44400000572205,4.32574999332428,26.5,2.79057272275289,23.8403383890788,152965.594180539,155887.964391126,17,0,340.359214685998,FALSE,FALSE,FALSE
"A0042527",115.699574672347,-3.30391602560645,"Tang & Werner 2023",2.81578731928498,"Indonesia",8065.47593400703,28800.0345463924,37238.6697541089,33849.0222488112,12747.2513519523,31274.7671104308,3.60399997234344,4.51900005340576,25.4375,2.34235342343648,19.5722319285075,63318.5979671684,64039.5067046512,62,122551.844415178,34341.9381943437,FALSE,FALSE,FALSE
"A0042536",117.103832064577,-0.374058360747064,"Tang & Werner 2023",4.85454533482276,"Indonesia",914.07943711005,3467.41465479095,7620.14669701011,14906.0298026264,4701.01226112216,7430.48313580224,3.47549998760223,4.38000011444092,26.03125,2.83780163526535,28.922474861145,116549.192686036,113250.115751312,10,24967.8469912078,31776.0363001091,FALSE,FALSE,FALSE
"A0042537",117.026828310002,-0.361661639383118,"Tang & Werner 2023",7.60418793665375,"Indonesia",7008.86177332674,1688.39920082759,11550.4339471275,23573.1352887118,72.767093680171,4593.01108580712,3.52500009536743,4.44600009918213,26,2.88488060235977,32.8116984367371,118925.02369908,115822.825001771,17.5,32563.2919612236,31270.2207393329,FALSE,FALSE,FALSE
"A0042538",117.281230691234,-0.374451950617939,"Tang & Werner 2023",3.01258848280173,"Indonesia",15187.9882532225,1006.09802071996,6463.46838810372,1733.03189813789,5136.23530966618,12581.3586574648,3.46850001811981,4.36100006103516,25.8125,3.18428373336792,34.9726686477661,110315.004814258,106624.631292435,53,5471.1061814487,42560.5752835136,FALSE,FALSE,FALSE
"A0042539",116.523306855187,-0.440604841067533,"Tang & Werner 2023",81.5841698654273,"Indonesia",38463.8163031656,19971.4046248326,19877.0599278035,21587.2220615612,15083.3003368395,47961.9485699876,3.52900004386902,4.44050002098083,26.1875,2.50189159133218,24.1250152587891,138782.4617197,127999.274662061,25,14909.9183117251,36263.4095791992,FALSE,FALSE,FALSE
"A0042540",116.856900210134,-0.412750482605051,"Tang & Werner 2023",11.912231365513,"Indonesia",14560.2172848516,3653.30674234043,14105.7757095609,33396.2837072747,4217.85099870521,11183.4734865372,3.52149999141693,4.43400001525879,25.875,2.70903706550598,29.951075553894,133141.022912078,130355.11304012,36.5,26971.450102899,30577.6668147979,FALSE,FALSE,FALSE
"A0042541",116.858072873032,-0.415148580612784,"Tang & Werner 2023",4.67137148192355,"Indonesia",14591.3821676835,3660.48411952739,13973.3512624988,33632.9879644403,4094.08248396606,11182.644310423,3.52149999141693,4.43350005149841,25.875,2.6987292766571,29.538200378418,133584.613253431,130793.147887281,36,26853.5436870874,30386.0142532698,FALSE,FALSE,FALSE
"A0042542",116.865885783534,-0.416350313397002,"Tang & Werner 2023",33.3533453726587,"Indonesia",13490.0025256155,3248.26161754982,12874.464996438,34276.4952062321,3367.36355382327,10068.7532253945,3.51699995994568,4.4283332824707,25.921875,2.72276620864868,30.6929950714111,132754.09094013,129948.716321022,31,26068.9011816538,29427.4228990877,FALSE,FALSE,FALSE
"A0042543",116.874711061687,-0.414174774691146,"Tang & Werner 2023",21.5699876993873,"Indonesia",12592.4683733934,3832.32546277508,12073.8690439228,35061.1166712903,3074.19410879936,9185.56399886124,3.51450002193451,4.42499995231628,25.953125,2.73725517590841,30.7347221374512,132224.499725538,129402.745913639,26,26258.8240954557,29226.2179269641,FALSE,FALSE,FALSE
"A0042544",116.871369634818,-0.408564902846112,"Tang & Werner 2023",7.03157771989799,"Indonesia",13102.8402478458,4614.33956013628,12803.6270269287,34411.0756136291,3557.40097734538,9754.82881712073,3.51800000667572,4.42999982833862,25.96875,2.64976251125336,27.9336042404175,132186.170916024,129373.12538427,27,27168.3096408927,30156.1152968091,FALSE,FALSE,FALSE
"A0042546",117.037471376004,-0.376655061809598,"Tang & Werner 2023",2.569622786593,"Indonesia",5256.67198377889,454.290396065027,10866.6643092567,22309.4961955096,0,5217.8664028898,3.51500010490417,4.42866675059001,25.9375,2.78093981742859,27.6111726760864,119957.866028057,116810.000099719,19,31328.2856569542,29876.363198339,FALSE,FALSE,FALSE
"A0042547",117.037054570272,-0.379337306179402,"Tang & Werner 2023",2.04348354997254,"Indonesia",4917.37963641433,59.5725965989523,10529.9436059749,22356.876908344,307.76608657855,5163.58872991997,3.51500010490417,4.42466656366984,25.9375,2.9236040910085,32.3017374674479,120257.81492633,117107.97043176,26,30935.4668167315,29481.5666034224,FALSE,FALSE,FALSE
"A0042548",117.039917823485,-0.379915629989106,"Tang & Werner 2023",1.01993645762714,"Indonesia",4840.76772124183,152.341408519483,10785.9228998869,22055.0643926284,281.548179431004,5507.1038338538,3.51500010490417,4.42674994468689,25.9375,2.92297577857971,32.0774154663086,120243.503755918,117085.263101103,33,31069.6678721714,29578.8425098031,FALSE,FALSE,FALSE
"A0042549",117.119026930326,-0.420315457379077,"Tang & Werner 2023",6.70182444103237,"Indonesia",1843.2218024826,0,5161.5223570693,13773.5482214915,4012.86759026827,2982.14908644076,3.43499994277954,4.31850004196167,25.625,2.9504736661911,29.4178848266602,120561.575989723,117183.319442739,69,23773.9725859965,27492.8110676771,FALSE,FALSE,FALSE
"A0042550",117.03656150794,-0.403912494935041,"Tang & Werner 2023",2.40913199940421,"Indonesia",2709.41271593275,2376.75932524451,8583.34296401509,22521.8963408985,2822.85633318071,4988.20109596103,3.51099991798401,4.41200017929077,25.5625,3.05425733327866,36.0134086608887,122777.143048505,119599.339349007,69,28376.916156193,26861.7449385,FALSE,FALSE,FALSE
"A0042551",117.268885148282,-0.386594326744833,"Tang & Werner 2023",6.81323246444775,"Indonesia",13270.3555338643,1298.86247447516,8131.82094207549,1321.1488749659,6907.12069861428,10665.7327513671,3.46900010108948,4.36199998855591,25.9375,2.93617588281631,27.7091717720032,111974.744014176,108304.410724608,49.5,6807.66053647,40650.9081124502,FALSE,FALSE,FALSE
"A0042552",116.976712815957,-0.322829326055687,"Tang & Werner 2023",10.0169974344847,"Indonesia",10174.7713452895,5553.25747630726,14518.5746008587,29713.8990918888,0,6476.27623593047,3.52499997615814,4.43900012969971,25.9375,2.64778017997742,26.0180625915527,117833.074145244,114904.854344309,27,30790.5023172359,34093.3404244575,FALSE,FALSE,FALSE
"A0042553",117.133547456601,-0.315193661629758,"Tang & Werner 2023",22.893654888427,"Indonesia",2759.20488163745,6618.84955087744,10162.7641400077,13597.641510385,2569.14046857351,11258.9281234713,3.46749997138977,4.36100006103516,25.8125,2.88205544153849,29.1677487691243,108672.816299246,105364.293942031,60,21863.0369628565,38482.2658364673,FALSE,FALSE,FALSE
"A0042554",117.131918509135,-0.322655650422536,"Tang & Werner 2023",0.79857234330911,"Indonesia",2632.69790017832,6674.95733895095,9985.69512046521,13545.0036423961,3454.3121642629,11071.4120914798,3.47099995613098,4.36349987983704,25.8125,2.79999494552612,26.2880039215088,110167.991537443,106855.509833617,66,22067.3939331399,38252.9971612994,FALSE,FALSE,FALSE
"A0042555",117.129524941432,-0.326041298545595,"Tang & Werner 2023",2.29782773799177,"Indonesia",2156.40519106489,6740.89487987145,9754.24167785273,13540.5211285667,3640.85106408798,10821.2352209249,3.46600008010864,4.36700010299683,25.75,3.09577250480652,35.7763824462891,110607.232116394,107295.20097531,61.25,22191.9923919865,37813.9478489393,FALSE,FALSE,FALSE
"A0042556",117.126748359703,-0.325420572550528,"Tang & Werner 2023",3.53242650209402,"Indonesia",1920.04987923773,7006.80663949927,9832.60374962642,13779.3076949401,3340.63325590052,10873.7057106858,3.46850001811981,4.36700010299683,25.78125,3.19414877891541,39.0413665771484,110629.96134435,107329.397741887,50,22476.0305015608,37740.1109195817,FALSE,FALSE,FALSE
"A0042557",117.135610091789,-0.318802218743864,"Tang & Werner 2023",7.78690299612587,"Indonesia",3010.66895838138,6363.24712094046,10031.1923113643,13311.6815551167,3270.74015640534,11143.7062997213,3.46399998664856,4.33900022506714,25.75,2.83322179317474,27.2299613952637,109326.37386777,106009.819216409,66,21670.5789287367,38549.2890201508,FALSE,FALSE,FALSE
"A0042558",116.806905996168,-0.217794631391644,"Tang & Werner 2023",4.6069779977689,"Indonesia",6794.86002052847,17077.7746196578,24036.6762375479,22795.057532411,11779.9161661031,26950.8616779069,3.55800008773804,4.48249995708466,26.1875,2.6512770652771,27.9407234191895,119614.955305572,117304.244330359,6.5,9087.66271304465,12070.2148466356,FALSE,FALSE,FALSE
"A0042559",117.375407406994,-0.125415089930475,"Tang & Werner 2023",3.47629808147496,"Indonesia",32157.8265245411,954.784749973131,22890.7777882876,7057.96492498038,8830.70159123958,26622.2606496605,3.54033327102661,4.44833326339722,26.1875,2.92880034446716,27.3965263366699,81042.2587042559,77270.4547951654,34,21425.6948511504,32841.0916045704,FALSE,FALSE,FALSE
"A0042560",117.377797424868,-0.111859261742845,"Tang & Werner 2023",0.706778671319374,"Indonesia",33233.8205626994,547.39249020439,24453.3007619088,6289.22002782629,8054.76991447857,25176.0963280117,3.54099988937378,4.44749999046326,26.1875,2.85953831672668,24.4886035919189,79551.2893745359,75781.9870471735,36,22973.4753173369,31400.6390115152,FALSE,FALSE,FALSE
"A0042561",117.3881903877,-0.083639135725436,"Tang & Werner 2023",3.14146297465926,"Indonesia",35775.5903063527,790.250399797226,27588.3750646904,4831.17104137541,6385.12566378457,21812.3827548227,3.55400002002716,4.46199989318848,26.0625,3.03897293408712,29.7245006561279,76231.4079311054,72449.3328846765,52,24058.1542608096,28039.1879656474,FALSE,FALSE,FALSE
"A0042562",117.212253745163,-0.0458480312661898,"Tang & Werner 2023",7.87282589469327,"Indonesia",24030.5293886622,17796.9363617649,30983.1000784224,24768.4550847544,21914.9055121544,31674.9016899809,3.50500011444092,4.41300010681152,25.6875,2.89142489433289,25.9601898193359,78318.3552704784,75157.2063011939,94,25294.0565267012,31791.4253598025,FALSE,FALSE,FALSE
"A0042582",117.295835717277,0.153929639853275,"Tang & Werner 2023",25.1679153341046,"Indonesia",47000.3874475302,12981.2682677891,15050.4350472577,19575.7687315139,813.397739754369,16372.007904265,3.54099988937378,4.43580007553101,25.0625,3.29211401939392,38.1818180084229,54254.0551455279,51172.8234977402,169,1233.29448768444,7703.61470878577,FALSE,FALSE,FALSE
"A0042583",117.231700889852,0.198263084037811,"Tang & Werner 2023",8.82261925962416,"Indonesia",47976.1018300965,21487.3328197385,22651.1508873623,27888.7988412923,8208.70041345195,24413.670981718,3.52066667874654,4.42799997329712,25.6458333333333,2.89820927381516,27.136157989502,53888.5229576487,51331.7935191451,94.5,0,5719.73824490565,FALSE,FALSE,FALSE
"A0042584",117.269968594558,0.201442946026766,"Tang & Werner 2023",31.5689914606912,"Indonesia",50052.2100751247,17666.5196307927,18473.5191378169,23915.0811041693,6213.55113246311,20342.5627996159,3.5275000333786,4.43075013160706,25.3125,2.98719042539597,30.2430200576782,51050.1071203214,48273.4016925127,175.5,0,3718.14387012202,FALSE,FALSE,FALSE
"A0042585",117.26009466881,0.201195196384799,"Tang & Werner 2023",16.804505372963,"Indonesia",49636.9688589364,18682.5516237343,19599.657605105,24983.198298252,6659.71335782673,21437.0937209345,3.52224999666214,4.4229998588562,25.4375,3.13740626970927,35.5382442474365,51697.1562133547,48988.0147912543,138.5,0,4205.97140682877,FALSE,FALSE,FALSE
"A0042586",117.28787199654,0.12662303553078,"Tang & Werner 2023",37.6587448422205,"Indonesia",43701.6500984364,11926.5682506735,16414.7817600416,20122.7895010905,399.492263015841,17026.8608007784,3.52800011634827,4.43066668510437,25.6875,2.89308492342631,26.0139923095703,56845.7583404737,53766.3142154556,121,3806.98462143902,10279.9834130109,FALSE,FALSE,FALSE
"A0042587",117.292223963822,0.12382004141825,"Tang & Werner 2023",13.2226695102961,"Indonesia",44149.6534560948,11503.1055787475,16151.0754707915,19698.3745364608,1198.47809970118,16612.9661852906,3.53650003671646,4.43900012969971,25.515625,2.84857773780823,25.6100559234619,57394.8461615915,54264.2973767415,121,4472.2164475555,10910.0533303589,FALSE,FALSE,FALSE
"A0042588",117.00388307425,-0.337933879765053,"Tang & Werner 2023",0.407025547103266,"Indonesia",8718.27015010525,3790.42414369079,13367.6768422377,26537.0759023818,1632.53873471039,5174.06472993227,3.53900003433228,4.45599985122681,25.9375,2.8710310459137,33.3112163543701,117987.70468911,114970.325590745,27,34295.5038897978,34075.4933391008,FALSE,FALSE,FALSE
"A0042589",117.003306151637,-0.335505236979955,"Tang & Werner 2023",5.19374070663298,"Indonesia",8814.0202585655,3908.28548973224,13458.1962839925,26578.5417044377,1771.22414151028,5257.26545573032,3.53900003433228,4.45699977874756,25.9375,2.7304847240448,28.2747135162354,117633.870195392,114621.31736215,27,33979.4442279874,34189.0434714095,FALSE,FALSE,FALSE
"A0042590",117.29010279777,-0.332066622010764,"Tang & Werner 2023",1.51923575984623,"Indonesia",19214.9552921084,0,1731.04437737003,4983.99840670184,548.854372342736,16412.8656752328,3.46799993515015,4.36299991607666,25.9375,3.06402337551117,30.9573106765747,105583.800496905,101897.96475277,59,4767.76074107085,46702.773883954,FALSE,FALSE,FALSE
"A0042591",117.281857712666,-0.334991876536363,"Tang & Werner 2023",1.71888220111731,"Indonesia",18369.3020321935,778.950718709281,2324.52182929514,4115.08688749445,1485.64594469256,15462.8849059391,3.46399998664856,4.35975003242493,26,2.88645553588867,26.282169342041,106135.717070414,102464.853690912,47,5445.77941378781,45850.0999030071,FALSE,FALSE,FALSE
"A0042592",117.277313096063,-0.331524602854876,"Tang & Werner 2023",1.23551263150243,"Indonesia",18266.9759022854,1233.85079320562,2258.27649841092,4105.60439946378,1856.82291822703,15288.0844241374,3.46600008010864,4.36249995231628,26,2.91791427135468,27.4233121871948,105817.356805254,102159.504793772,39,6104.18854705956,45786.3637081413,FALSE,FALSE,FALSE
"A0042593",117.256746790187,-0.349032651844195,"Tang & Werner 2023",2.51267191414567,"Indonesia",15298.3642414612,2402.86353320206,5286.05751794025,1534.36958091481,4686.81902638079,12321.3664392624,3.46600008010864,4.36499977111816,26.125,2.86223113536835,27.1179518699646,108333.907787963,104709.669260862,23,7873.3150174594,42847.2567573468,FALSE,FALSE,FALSE
"A0042594",117.248740121497,-0.358579697063907,"Tang & Werner 2023",1.83541211155802,"Indonesia",13920.3831716003,3303.74629993869,6645.1691325075,1028.70110661804,5975.24818213809,10948.2797804463,3.46950006484985,4.36899995803833,26.125,2.86050669352214,27.366143544515,109608.921034537,105994.755345617,18,8782.47291740345,41456.8530770851,FALSE,FALSE,FALSE
"A0042595",117.247479010258,-0.360151898126792,"Tang & Werner 2023",10.5858811283772,"Indonesia",13603.9426465224,3257.58660944883,6774.3452870202,867.048827296269,6135.74175940675,10635.8474290815,3.46950006484985,4.36899995803833,26.125,2.82986640930176,26.6164207458496,109637.604415483,106027.644573079,17,8784.84289702476,41119.4569120815,FALSE,FALSE,FALSE
"A0042596",117.246404771824,-0.364344876628878,"Tang & Werner 2023",10.0739658562735,"Indonesia",13135.5859219131,3741.03726034731,7101.57864512801,958.158517708158,6371.54503466341,10176.980536952,3.47000002861023,4.36899995803833,26.125,2.83689105510712,26.7053318023682,110093.928577403,106481.672080762,16,8932.45754695901,40602.6537945342,FALSE,FALSE,FALSE
"A0042597",117.219803757885,-0.388281337037583,"Tang & Werner 2023",3.52308458720631,"Indonesia",9332.13637944194,4637.87550184725,6128.65449606137,2088.4749650145,3047.11147137123,6396.16346939417,3.47000002861023,4.37033319473267,26.125,2.83375644683838,27.10622215271,113629.725879093,110058.418274407,14,12324.5597315113,36825.3203515957,FALSE,FALSE,FALSE
"A0042598",117.208883162948,-0.384652351614765,"Tang & Werner 2023",5.878579728336,"Indonesia",8605.82464191085,3316.26929794644,5135.96116967781,3042.32221776563,2427.29779328082,5619.45692897172,3.46633338928223,4.36499977111816,26.0416666666667,2.96285168329875,30.6522274017334,113547.48277415,110004.476614345,22,13344.2703978493,36354.2363920537,FALSE,FALSE,FALSE
"A0042599",117.207811026202,-0.387743346851486,"Tang & Werner 2023",3.55291881206342,"Indonesia",8281.75010884826,3339.84048324708,4890.5975257879,3417.34517299106,2057.5741138262,5302.19540578077,3.4650000333786,4.36275005340576,26.03125,2.79521059989929,25.4741668701172,113937.329273936,110393.746630936,24,13691.7730888486,35992.5525152331,FALSE,FALSE,FALSE
"A0042600",117.031188207905,-0.338882358913622,"Tang & Werner 2023",9.85538391517531,"Indonesia",8259.82737443384,4088.58592368776,13947.3764233577,23448.2406777949,0,6458.71146795719,3.54300010204315,4.46400006612142,25.875,2.89845585823059,34.5115203857422,116364.614984821,113282.001528194,34,32985.2032364543,33766.9386285666,FALSE,FALSE,FALSE
"A0042601",117.047212023529,-0.327268557983638,"Tang & Werner 2023",1.48519133976718,"Indonesia",6408.51114060767,4637.44747514091,15736.3862883001,22054.5612202659,843.69323215426,8803.07434680623,3.54900002479553,4.46724987030029,25.8125,2.89963662624359,31.9304447174072,114563.074089657,111456.322674128,28.5,31313.7632632583,35446.6730294302,FALSE,FALSE,FALSE
"A0042602",117.655542744077,0.59545818346961,"Tang & Werner 2023",0.407001976395951,"Indonesia",110541.238983104,1438.73424793776,9504.39028590324,3499.36156005711,5530.45513091053,14509.665451292,3.87899994850159,4.89499998092651,26.25,2.96427190303802,29.7233009338379,15096.5393269139,14777.8229101984,18,17682.6638385003,16623.8650931268,FALSE,FALSE,FALSE
"A0042603",117.656158858647,0.580597130561464,"Tang & Werner 2023",5.57307851254068,"Indonesia",109162.31604394,2511.46531644624,8521.76454356678,1875.68478075715,6759.29073965916,13917.2534533081,3.89400005340576,4.91400003433228,26.25,3.15254825353622,36.8998699188232,15139.4252250636,14349.6180364043,10,16028.9124710832,15299.6282951858,FALSE,FALSE,FALSE
"A0042604",117.624115427447,0.551614970152949,"Tang & Werner 2023",21.0462888283369,"Indonesia",104143.028385178,1326.56067525605,3601.14398249799,1473.78634266446,6256.72107898764,8907.50001186742,3.85133330027262,4.85374999046326,26.0625,2.838480869929,24.7452036539714,12107.1283146409,10238.5981750305,47,11740.6446770083,10228.2568925996,FALSE,FALSE,FALSE
"A0042605",117.586394512159,0.604356007609048,"Tang & Werner 2023",63.1238345785528,"Indonesia",106178.736045724,3395.34031946886,6357.74382925507,7382.45897587641,6851.91086845197,8064.24577607109,3.6710000038147,4.6060000260671,25.625,2.6429963350296,20.8200678825378,7009.8381488335,7735.25601924875,111,14003.2894469049,10714.3433806543,TRUE,FALSE,FALSE
"A0042606",117.590415335075,0.601454429452249,"Tang & Werner 2023",0.406638536244332,"Indonesia",106940.194323648,3490.61742964163,6794.03177085838,7326.84080884807,7442.73526216281,8906.81466152726,3.6710000038147,4.62900018692017,25.625,2.59968709945679,19.9816875457764,7962.96701726348,8646.6747142868,101,14833.7039760279,11523.1810262702,FALSE,FALSE,FALSE
"A0042607",117.590305291087,0.602757548752638,"Tang & Werner 2023",0.414604948679909,"Indonesia",107048.813130108,3626.69165428829,6938.36720694819,7431.7425697742,7570.31816297249,8997.02999046974,3.6710000038147,4.62400007247925,25.625,2.59968709945679,19.9816875457764,7972.54828286994,8717.37668413064,101,14929.1792732843,11621.0757219836,FALSE,FALSE,FALSE
"A0042608",117.590299546164,0.603620716844338,"Tang & Werner 2023",0.59347907185653,"Indonesia",107131.261246021,3695.27092764828,7028.81098351176,7476.89384453881,7667.61240461328,9066.37501076838,3.6710000038147,4.61849999427795,25.625,2.55677151679993,18.7800779342651,7972.77594817129,8772.36515256735,101,15001.6025874427,11696.0732169606,FALSE,FALSE,FALSE
"A0042609",117.567069004119,0.593834278802583,"Tang & Werner 2023",19.0466593989205,"Indonesia",104499.812339744,4552.14290963759,6257.78075874265,8794.52872185587,5860.76718751775,6330.17484323494,3.65199995040894,4.5864999294281,25.40625,2.76083477338155,24.5585664113363,4875.32604227891,5788.41090771322,108.5,12176.2932298502,9037.67107126621,FALSE,FALSE,FALSE
"A0042610",117.558212607228,0.594006215508404,"Tang & Werner 2023",8.42851141670304,"Indonesia",104101.195514751,5550.27241739997,6639.46164824826,9856.49300687929,5838.01522493083,5960.79768554002,3.6424999833107,4.57399988174438,25.4375,2.8805890083313,29.7316436767578,4158.08510769556,5346.26253875771,123.5,11737.6205635529,8672.64011812949,FALSE,FALSE,FALSE
"A0042615",117.311572560441,1.94089523443291,"Tang & Werner 2023",51.3215486227886,"Indonesia",86334.4993324804,26434.2573828892,26856.0546104501,24569.7830990883,15246.300018814,27346.4069032235,3.64849996566772,4.59785720280239,25.6875,2.39456954598427,26.4033308029175,7406.0496891164,7214.22232844845,74,17670.1234138229,47724.8406748803,FALSE,FALSE,FALSE
"A0042616",117.307352052817,1.94729846507248,"Tang & Werner 2023",12.9356274515276,"Indonesia",86355.4003964007,26607.1471712938,27016.8232749791,24644.9495367603,15056.2510877923,27447.731637093,3.65149998664856,4.60200023651123,25.625,2.56334376335144,30.836576461792,8826.37352199226,7473.30136145608,72,18628.145018307,48445.7304472892,FALSE,FALSE,FALSE
"A0042617",117.458097582196,2.05202982086839,"Tang & Werner 2023",1.07155567955873,"Indonesia",69361.1998423547,7242.7459494932,8184.99591512806,9698.13783586253,4673.58703837934,8560.21531819692,3.63599991798401,4.5699999332428,25.71875,1.99809455871582,14.0440511703491,20237.0623209134,10194.3367118513,55,12386.8435208485,33459.1981193371,FALSE,FALSE,FALSE
"A0042618",117.457224322961,2.05309779649858,"Tang & Werner 2023",1.67827400357037,"Indonesia",69280.3048501208,7175.97401463178,8096.38988997317,9534.67647409684,4509.66509587798,8490.04171500552,3.63599991798401,4.56933323542277,25.625,2.09186178445816,16.3550343513489,20290.0362010496,10212.7210759908,55,12475.4268682181,33579.7125484272,FALSE,FALSE,FALSE
"A0042633",117.438506910636,2.14178072552453,"Tang & Werner 2023",16.6167832596138,"Indonesia",60675.0260530058,4496.59633411279,4373.45856062571,296.750544108163,1982.53624508688,1462.36027980484,3.67299997806549,4.62900018692017,25.78125,2.34201395511627,21.3563718795776,28872.5845515398,17185.7513636516,28.5,22387.8855583201,38063.3097616498,FALSE,FALSE,FALSE
"A0042634",117.439947928471,2.13778685364582,"Tang & Werner 2023",1.1152588363875,"Indonesia",61181.6284710515,4413.76871827058,4297.10982765159,869.380284926502,2424.99774518923,1868.35115579505,3.67700004577637,4.6287499666214,25.75,2.19413650035858,17.5938835144043,28611.5423286496,16947.3131887843,32,22108.9508079207,37998.3418701639,FALSE,FALSE,FALSE
"A0042635",117.373566941886,2.10462379258991,"Tang & Werner 2023",4.07403835451992,"Indonesia",67453.0820245273,11588.3517681459,11572.4934533979,6774.6098619386,672.679189437927,9701.03163518683,3.69099998474121,4.64099979400635,25.6875,2.54951333999634,29.0379009246826,24040.5749163818,12111.801939647,62.5,21547.4475142859,43904.7220359701,FALSE,FALSE,FALSE
"A0042636",117.375710115614,2.11221574095456,"Tang & Werner 2023",23.6404465147458,"Indonesia",66382.705406792,11129.7915864708,11063.6038010698,5992.04149236702,0,8796.02250705042,3.68050003051758,4.64233334859212,25.875,2.38693475723267,24.2412157058716,24632.5638785757,12699.9651258021,34,22054.1374156505,43812.5944589056,FALSE,FALSE,FALSE
"A0042637",117.34457031161,2.24854538656116,"Tang & Werner 2023",130.133959820023,"Indonesia",54711.0666448556,16780.9055586967,19225.9714657523,12967.7306688626,10094.0314404443,13221.6696825623,3.6285001039505,4.56899997923109,25.65625,1.97207187811534,12.8363174438477,39660.7988648659,27828.0768356763,46,36508.7328414689,51957.0701519569,FALSE,FALSE,FALSE
"A0042638",117.338631078007,2.24085741354803,"Tang & Werner 2023",3.54522619619537,"Indonesia",56083.2006891143,18107.6989362419,19911.3766784769,13629.249193907,10392.5392263984,13957.0503855739,3.62900006771088,4.56633329391479,25.5625,2.16555619239807,16.731517791748,39513.1751592396,27749.5481608805,51,36727.0138829512,52890.9385852567,FALSE,FALSE,FALSE
"A0042639",117.336658363953,2.24182972564045,"Tang & Werner 2023",0.292670787042104,"Indonesia",56159.036982373,18439.9999663647,20241.467349116,13958.7800767624,10682.302572233,14292.503552166,3.62900006771088,4.56300020217896,25.5625,2.08883690834045,15.2412676811218,39739.4393630384,27989.5911615278,54,37005.9469997484,53235.7749004164,FALSE,FALSE,FALSE
"A0042640",117.335862093871,2.23550344936494,"Tang & Werner 2023",11.2399698859874,"Indonesia",56340.1699403468,18324.1543488122,19668.9096576004,13388.6876459525,9814.63170063353,13763.932404081,3.62533338864644,4.56599998474121,25.5833333333333,2.07719337940216,14.8373517990112,38607.6022235054,26891.638726175,52,36059.0246726018,52808.7455596944,FALSE,FALSE,FALSE
"A0042641",117.339357582024,2.23672861330578,"Tang & Werner 2023",0.534580694106356,"Indonesia",56581.8636169325,18073.0638391806,19623.9647010654,13340.9773064492,10016.6248998475,13691.3280787249,3.62700009346008,4.56500005722046,25.5625,2.12178456783295,16.1129202842712,39118.2375239671,27352.1691743682,51,36338.6532498812,52683.7477858167,FALSE,FALSE,FALSE
"A0042642",117.339321359309,2.23814670678614,"Tang & Werner 2023",0.336510039796805,"Indonesia",56412.0765239471,18105.7044328541,19764.8978856438,13481.8883991449,10192.5840838994,13823.629348463,3.62700009346008,4.56599998474121,25.5625,2.09883558750153,15.4496822357178,39281.9241516626,27521.5727210326,51,36521.1949759974,52793.9683528797,FALSE,FALSE,FALSE
"A0042643",117.359658466298,2.25305609234136,"Tang & Werner 2023",7.60250838393157,"Indonesia",53799.8043757781,15966.4263948074,19085.4793924202,12891.0131524698,10490.0313391495,13048.3976747433,3.62450003623962,4.56199979782104,25.59375,2.28932867050171,18.4944688796997,40496.9419231075,28593.1387605425,56,36882.0279188677,51482.7796958659,FALSE,FALSE,FALSE
"A0042644",117.353806942459,2.25637936614569,"Tang & Werner 2023",2.22166207447317,"Indonesia",53906.4941928943,16712.9751405947,19907.5019545796,13702.1461126668,11207.0941426175,13875.4269736026,3.625,4.56699991226196,25.6875,2.0625467300415,14.0392620563507,41051.9537784473,29179.7597489402,47,37622.1674074015,52312.0121423823,FALSE,FALSE,FALSE
"A0042645",117.58470508725,2.27026046746985,"Tang & Werner 2023",69.3169185405728,"Indonesia",41225.1881740623,8153.35529625381,19669.7236913579,20086.5423742547,7404.53426656338,13909.5183130196,3.56649994850159,4.48655552334256,25.59375,1.81136853992939,9.36425817012787,47961.5930902204,37474.7528757099,54,33768.625649839,33478.9937304848,FALSE,FALSE,FALSE
"A0042646",117.577004471792,2.2788100162629,"Tang & Werner 2023",17.2931269359926,"Indonesia",40635.588404772,7882.8498559579,19915.471258666,20177.4190408826,8457.64979208052,14116.8688299277,3.56449997425079,4.48633337020874,25.6875,1.80075985193253,9.11550998687744,48378.6736448877,37714.887704795,48.5,34881.1145480142,35008.7274192332,FALSE,FALSE,FALSE
"A0042647",117.383283754274,2.27186617749274,"Tang & Werner 2023",86.4408387397596,"Indonesia",50269.0872912998,12680.8655143264,18849.7404615316,12956.3714062302,11659.113361337,12791.0476167048,3.59700000286102,4.5147500038147,25.375,1.96601094305515,12.8624392747879,42100.0967705764,30116.1716203219,93.5,37621.4092525111,49917.9461501796,FALSE,FALSE,FALSE
"A0042648",117.385637161325,2.25933103851527,"Tang & Werner 2023",14.1939680711892,"Indonesia",51572.0806860151,13115.6949425574,17784.3479603978,11854.7700829104,10589.9446504185,11720.4714478533,3.60199999809265,4.52800011634827,25.125,1.97776532173157,12.1722459793091,41054.4720744083,29063.9379664307,109,36506.9046665738,49391.473736507,FALSE,FALSE,FALSE
"A0043064",117.846603227368,3.4811656476691,"Tang & Werner 2023",3.17541833132296,"Indonesia",88718.1072671534,81848.285272366,87476.2767026357,74192.4159868859,38024.0967265937,74493.6656971998,3.89300000667572,4.87450003623962,26.625,2.60226459503174,23.8442714691162,184541.532799572,172883.272323694,0,47780.7838747936,113657.758954583,FALSE,FALSE,FALSE
"A0043081",117.174361902088,3.65666889043334,"Tang & Werner 2023",18.2999017428566,"Indonesia",69996.7592802883,27057.1725059517,30576.7041331105,61147.4968195085,8233.01585863743,73648.4698836061,3.86599999666214,4.89133342107137,26.4375,1.97532731294632,10.4174537658691,197711.460484585,185888.203774814,22.75,45108.1572662086,117739.970931014,FALSE,FALSE,FALSE
"A0043082",117.181298365735,3.66066202718081,"Tang & Werner 2023",4.35629483280331,"Indonesia",70972.722882898,28165.9659043837,31575.2688188604,62130.534258897,9288.62318794598,73177.6283656689,3.84100008010864,4.84899997711182,26.4375,1.9152038693428,9.40987944602966,198330.382959452,186496.061754847,26,44627.9612538389,118766.086055252,FALSE,FALSE,FALSE
"A0043083",117.198374123623,3.64319801738894,"Tang & Werner 2023",6.57731740921925,"Indonesia",72538.2847392937,28266.8125184425,33046.6496594097,63662.4292633493,10273.7612129098,73216.2189419063,3.86849999427795,4.89200019836426,26.5625,2.18581395149231,14.1379650115967,196223.794365609,184372.656792455,21.5,44585.7309626616,119983.895362902,FALSE,FALSE,FALSE
"A0043084",117.198278408773,3.68450500470979,"Tang & Werner 2023",10.8697092227938,"Indonesia",72938.9853769114,31177.1639021669,33733.0833922041,64146.0745047595,12081.9453495012,69746.5360503889,3.76549994945526,4.74349999427795,26.375,1.78155642747879,8.11613059043884,200777.755555306,188923.317290485,24.6666666666667,41207.4460725401,119474.519544419,FALSE,FALSE,FALSE
"A0043171",117.201913479435,3.56450708723782,"Tang & Werner 2023",38.5541116463316,"Indonesia",72596.6761306997,23560.0542679534,33502.392457874,63676.5968437892,7450.3588287459,79270.5381934396,3.86039996147156,4.87416664759318,26.7125,2.20203628540039,15.7914081573486,186888.686888465,175045.388487516,9,50753.3600741943,118266.499965477,FALSE,FALSE,FALSE
"A0043895",117.036967452039,-0.454796512850141,"Tang & Werner 2023",5.35487048654159,"Indonesia",1540.29853381746,6187.47337804212,6349.19361851641,23690.9563759482,2277.33823266009,3966.54661528263,3.49399995803833,4.3989999294281,25.875,2.73125704129537,26.2397683461507,127764.762362438,124532.320065934,35,22828.5844722163,21157.3132646067,FALSE,FALSE,FALSE
"A0043896",117.038908461983,-0.455613016835219,"Tang & Werner 2023",1.47730738507867,"Indonesia",1742.68873168608,6154.22583516379,6612.12237732327,23614.5507985076,2525.09119490165,4230.74759407762,3.49399995803833,4.39799976348877,25.875,2.72183656692505,25.7466354370117,127861.794031841,124624.165269783,35,22935.5788487376,21211.4848545716,FALSE,FALSE,FALSE
"A0043897",116.877763501914,-0.453982091680302,"Tang & Werner 2023",4.91921279347665,"Indonesia",13042.8326124561,0,10940.7813233012,37865.2069549857,0,9307.72662692287,3.50300002098083,4.40500020980835,25.875,2.65153622627258,28.4683470726013,136149.419016864,133260.224988097,39.5,22165.1043762989,25585.9978945934,FALSE,FALSE,FALSE
"A0043898",116.880842017204,-0.460698558201277,"Tang & Werner 2023",43.8152704108537,"Indonesia",12625.9392663011,49.6552280413746,10307.8740751343,38315.7403218553,0,8946.60822785895,3.49900007247925,4.40600006920951,25.9375,2.62632234891256,27.2692079544067,136281.159651842,133374.576642626,36,21023.6524265,24492.9839595421,FALSE,FALSE,FALSE
"A0043899",117.122024255847,-0.457188508095565,"Tang & Werner 2023",6.79852501758812,"Indonesia",486.816511963967,1294.93791227908,4844.30003794228,15239.1813770118,759.116559750467,965.851935420707,3.3989999294281,4.27099990844727,25.90625,2.87323808670044,27.6650695800781,124325.59113111,120913.197507367,44.25,21942.0879231712,24238.7498299815,FALSE,FALSE,FALSE
"A0043900",117.117182826702,-0.474869361702798,"Tang & Werner 2023",16.5984656994205,"Indonesia",0,64.2966092625948,2208.46506572054,16228.5870101155,1049.43630186366,0,3.40224999189377,4.28199990590413,25.890625,2.89517331123352,28.338134765625,125749.943305558,122326.789169527,35,21105.9821126558,21599.2097702433,FALSE,FALSE,FALSE
"A0043904",117.244620516019,-0.446321811420835,"Tang & Werner 2023",2.75929037477434,"Indonesia",7870.01315985048,289.964916618431,9151.16263546673,6659.81081866209,2097.86574997654,5229.631462397,3.45199990272522,4.34299993515015,25.875,3.17427110671997,36.476936340332,119085.773905287,115429.656052274,56,9885.82163377994,34185.5821206363,FALSE,FALSE,FALSE
"A0043905",117.24526257821,-0.455490689037119,"Tang & Werner 2023",3.91983901669404,"Indonesia",7771.25376744737,309.421666972357,8194.67694239108,7641.28884405814,1207.2409722668,5226.14172006828,3.45099997520447,4.34200000762939,25.9375,2.87979316711426,27.25266456604,120026.364149487,116364.846334615,46,9697.22909018233,33560.4204308052,FALSE,FALSE,FALSE
"A0043906",117.206713617166,-0.434218381818643,"Tang & Werner 2023",31.5990515139858,"Indonesia",4363.7408496807,3489.82453954297,4802.7719968642,6266.04098714393,2260.32584260673,1788.45073622887,3.44799995422363,4.33775007724762,25.9375,3.02653940518697,32.5456701914469,118477.359361985,114910.958586617,33,13944.6435737053,31774.4017093476,FALSE,FALSE,FALSE
"A0043907",117.193622591352,-0.426514109315168,"Tang & Werner 2023",17.9505441188867,"Indonesia",4028.19270374819,3208.64115176681,3380.46905548991,6726.72407778666,1354.11170333776,2179.70713969563,3.44599994023641,4.34099992116292,25.9791666666667,2.92067432403564,30.5136737823486,118348.051330697,114808.054922792,33,15649.9986895695,31392.9481060979,FALSE,FALSE,FALSE
"A0043908",117.189469008201,-0.430938958298388,"Tang & Werner 2023",5.57652394225743,"Indonesia",3630.02217296664,3335.4148534857,3474.21427852314,7531.79193476633,2029.65438009931,1956.16426974567,3.44099998474121,4.33300018310547,25.9375,2.84217691421509,27.1920528411865,119086.419718723,115550.632695355,30,16163.8219948273,30984.3985878433,FALSE,FALSE,FALSE
"A0043909",117.1930265789,-0.41944693578615,"Tang & Werner 2023",7.25932113495793,"Indonesia",4936.76914540219,2899.21747456381,3089.12501118169,6378.4528172783,751.158574251503,2278.07393019748,3.45149993896484,4.34899997711182,25.9375,2.94734954833984,30.2925243377686,117787.499357157,114250.902999168,27,15690.4219039665,32186.3113576061,FALSE,FALSE,FALSE
"A0043910",117.162635753448,-0.394081918223682,"Tang & Werner 2023",38.7840149182799,"Indonesia",4394.31208308928,917.188002591404,850.168065220269,8105.98979881427,3376.58526667858,2003.57832467242,3.44899988174438,4.34479999542236,26,2.9932520866394,31.0380390167236,115857.653415386,112401.978306794,24.3333333333333,18387.4892220531,32112.8803303768,FALSE,FALSE,FALSE
"A0043911",117.01375018718,-0.440049050614715,"Tang & Werner 2023",44.9967239093421,"Indonesia",329.751769595647,3855.35685757474,3754.17246978159,25263.763633385,432.433482553321,1038.42587421327,3.50600004196167,4.41466665267944,25.9166666666667,2.96785298983256,36.0313517252604,127187.180095704,124016.475548444,19.25,23629.8310529833,22435.3314468113,TRUE,FALSE,FALSE
"A0043912",116.865840641441,-0.423499281566181,"Tang & Werner 2023",5.17361254094594,"Indonesia",13776.5454008905,2826.65283353251,12867.197349418,34861.8076537411,2960.65769084014,10297.3669169734,3.5153333346049,4.42600011825562,25.9583333333333,2.62964451313019,27.3815765380859,133784.408443407,130966.344925584,30,25678.885380905,29092.2139748963,FALSE,FALSE,FALSE
"A0043914",117.039242027265,-0.421326113628038,"Tang & Werner 2023",0.425307013044544,"Indonesia",1547.81502611034,3891.64132063026,7705.23513903895,22538.2529213247,3776.38170683682,4834.95829403179,3.49799990653992,4.40399980545044,25.8125,2.92232418060303,32.0208396911621,124460.723286336,121256.06003814,55,26647.2461750137,25054.6996857627,FALSE,FALSE,FALSE
"A0043915",117.042302724246,-0.423019401807645,"Tang & Werner 2023",0.405303323173298,"Indonesia",1193.40192005265,3725.0790096253,7915.69777755505,22248.3011187086,3980.7507432218,5067.07845746264,3.49600005149841,4.39933331807454,25.8125,2.9101734161377,30.8999309539795,124463.740417783,121252.732853695,42,26555.1774483048,24908.6327763727,FALSE,FALSE,FALSE
"A0043925",116.913745463011,-0.38655622465552,"Tang & Werner 2023",1.85834220192627,"Indonesia",9063.28224980333,4334.07230435534,10442.87433169,36060.808996713,217.756596665117,6098.91528321627,3.51600003242493,4.42600011825562,25.875,2.87110847234726,34.3892335891724,127684.867988325,124811.792757188,35.5,28967.5551716405,30497.8116319863,FALSE,FALSE,FALSE
"A0043926",116.920808672882,-0.384126641648243,"Tang & Werner 2023",9.63329357906823,"Indonesia",8304.38501153645,3623.56712603191,10012.179157376,35125.7348545206,0,5474.17011846595,3.51400005817413,4.42149996757507,25.90625,2.752317070961,30.4650926589966,126962.490764405,124072.224223887,34.5,29095.9000610234,30378.1194684805,FALSE,FALSE,FALSE
"A0043927",116.922055012665,-0.379328036771381,"Tang & Werner 2023",7.16770276647859,"Indonesia",8449.85586180172,3786.0917921983,10356.7913407975,35066.6252943066,0,5728.24836634326,3.51500010490417,4.42500019073486,25.9375,2.6898148059845,28.2239551544189,126436.880850523,123556.422297538,32.3333333333333,29644.2624735408,30858.4199688191,FALSE,FALSE,FALSE
"A0068550",106.749772690372,-6.65666025803034,"OpenStreetMap",2.82143611439841,"Indonesia",6565.8062856407,8269.03849272463,7005.55432945331,11537.6773030985,176.060893921633,48.6964681226504,3.5563333829244,4.36299991607666,23.1458333333333,1.53975796699524,18.6159801483154,457882.822639371,462275.758679718,572,6734.36489962026,0,FALSE,FALSE,FALSE
"A0068551",106.755803893554,-6.63954683424738,"OpenStreetMap",1.40418266446369,"Indonesia",4746.15909648084,6741.99570796408,5738.04988936271,9718.61765818258,1180.67790404842,0,3.60000002384186,4.46199989318848,23.9375,1.48115989565849,16.8724811077118,457059.400545195,461442.230027989,447.666666666667,8739.50826600525,1850.99435048455,FALSE,FALSE,FALSE
"A0069990",106.768931385705,-6.75287263652134,"OpenStreetMap",0.127904150408827,"Indonesia",3598.90586430707,1078.30639569108,10634.680847898,22562.9697447786,1254.72153410249,415.296659995184,3.68700003623962,4.57600021362305,23.3125,2.77336144447327,31.4380626678467,466988.442589408,471419.527490355,628,3449.04812143752,1601.92889966072,FALSE,FALSE,FALSE
"A0070019",106.770546793935,-6.75241485404296,"OpenStreetMap",0.368083056549475,"Indonesia",3390.30678538712,944.800206532776,10785.4412979267,22504.7006349894,1259.07941771185,362.838497058606,3.68700003623962,4.57349991798401,23.3125,2.76238226890564,30.823055267334,467050.39739721,471480.526865857,628,3566.73654750284,1657.40748208348,FALSE,FALSE,FALSE
"A0070020",106.769350147795,-6.75213297554258,"OpenStreetMap",0.12351282365175,"Indonesia",3552.86059893542,1106.05301372592,10681.8100889586,22479.9983436428,1323.18503027924,477.520897570459,3.68700003623962,4.57499980926514,23.3125,2.76238226890564,30.823055267334,466968.5680018,471399.062968859,628,3467.09923021669,1576.0165345281,FALSE,FALSE,FALSE
"A0070021",106.768241672625,-6.75171084593166,"OpenStreetMap",0.577869841943465,"Indonesia",3631.54298173967,1142.83868222039,10524.6998372358,22350.6849685119,1336.00231793833,495.14593388868,3.68700003623962,4.57499980926514,23.3125,2.85136377811432,34.428050994873,466786.605812657,471217.080018035,628,3291.44978939736,1394.0088669375,FALSE,FALSE,FALSE
"A0070044",106.764544766044,-6.74724549906665,"OpenStreetMap",0.154814521743711,"Indonesia",3976.98880511623,1849.18830630836,10071.2401442381,21917.8285243361,2019.1673700398,1203.98310202104,3.69799995422363,4.56899976730347,22.5,3.09332489967346,44.1836967468262,466183.724964592,470614.252063078,767,2751.40834099581,791.925240811596,FALSE,FALSE,FALSE
"A0070045",106.77278414822,-6.75464177595093,"OpenStreetMap",0.442691715087591,"Indonesia",3134.03288706649,599.925202695166,11064.1458233451,22760.9323940565,1001.21769334368,41.7608112695034,3.68700003623962,4.57299995422363,23.3125,2.80905318260193,32.1171417236328,467404.027400996,471834.094685378,628,3900.02562645685,2011.1409863923,FALSE,FALSE,FALSE
"A0070046",106.779685622958,-6.7204744788145,"OpenStreetMap",8.13880118405988,"Indonesia",2258.14620209703,2185.22012929837,9987.78599806978,18910.2139934647,4793.36880344441,2201.73366066817,3.70499992370605,4.58520002365112,22.875,3.77047634124756,75.7592239379883,464987.554709685,469399.824635526,703,4139.24026788906,424.607808763344,FALSE,FALSE,FALSE
"A0070050",106.723489498857,-6.71065249473457,"OpenStreetMap",1.35213671231733,"Indonesia",8811.60136448853,6434.01302599327,6374.31888604912,18255.639698075,6939.69045526941,6662.07443365883,3.1470000743866,3.78900003433228,17.5,2.78511321544647,78.2153453826904,460078.195326281,464510.868973452,1825,813.410292858574,0,FALSE,FALSE,FALSE
"A0070242",106.760564505426,-6.62654733785528,"OpenStreetMap",1.87825012725988,"Indonesia",3181.66789265562,5323.2133668557,4866.36093589341,8093.95152076736,2408.05082281033,0,3.64249992370605,4.50080003738403,24.5625,1.39348804950714,12.7107992172241,456245.878620687,460619.902373226,365.5,10006.7294642652,3130.01679501939,FALSE,FALSE,FALSE
"A0070399",106.758132285374,-6.56364543347909,"OpenStreetMap",1.05043284705581,"Indonesia",494.327823649064,966.775418171173,615.13063558319,1472.06902944288,17.3335602367514,0,3.72200000286102,4.6269998550415,25.25,1.44641852378845,12.1345853805542,451491.827035752,455837.445248419,190,16838.8533840102,10498.0851222636,FALSE,FALSE,FALSE
"A0070499",100.474437103607,-0.972620666458942,"OpenStreetMap",143.017684214788,"Indonesia",7386.13781716734,1993.22291023428,1910.96998161575,15448.6048327402,2346.95131464025,0,3.55449998378754,4.39080009460449,24.5,1.35243623821359,16.0347417091068,40841.2963142707,49681.740445765,338.5,23197.536353196,665.895156004376,TRUE,FALSE,FALSE
"A0070570",117.581517525502,3.3361614944814,"OpenStreetMap",24.5769793976887,"Indonesia",61987.0646257824,48185.7408574431,58921.3906912161,58821.1111571563,18967.8716170698,57318.3029623247,3.65233341852824,4.57080001831055,26.6041666666667,2.27239537239075,14.0297501881917,162372.008982271,150416.86514529,0,60984.9382491485,108600.047240097,FALSE,FALSE,FALSE
"A0070576",106.753122493452,-6.64647808710875,"OpenStreetMap",2.73771457088375,"Indonesia",5441.78385574426,7260.25932937739,6235.5867801739,10372.4203917567,320.701891585722,33.330332718757,3.58550000190735,4.43599987030029,23.5625,1.48440837860107,17.0090427398682,457290.14270612,461677.416366342,538,7833.28712482197,956.480030749619,FALSE,FALSE,FALSE
"A0070577",106.749329889127,-6.67032722348351,"OpenStreetMap",24.0236755702981,"Indonesia",7333.17695989267,8121.52078778116,7667.76717090776,12294.1758164272,739.071325258977,576.767292181946,3.52520003318787,4.3166667620341,22.2625,1.58992600440979,15.9843095143636,458144.470140221,462541.931901726,906.5,4419.61715484283,0,FALSE,FALSE,FALSE
"A0072270",115.233634534114,-3.21225232989088,"OpenStreetMap",113.420001699802,"Indonesia",7818.7499690338,17327.5538261843,23061.0811040136,55003.9635967089,15972.4668805774,44505.4365947561,3.66349995136261,4.59279998143514,25.84375,2.97371052106222,34.9242402394613,55408.2844859857,57727.3642138776,55,97334.561974949,16570.5442609414,FALSE,FALSE,FALSE
"A0073132",117.119258215813,-0.533004564227627,"OpenStreetMap",3.13909379462569,"Indonesia",1361.22166318575,654.149365142914,1816.21822052909,21213.0001857321,319.186791925896,0,3.43099999427795,4.31499993801117,26.03125,3.02369523048401,32.446949005127,132463.910011818,128994.231111053,15,17227.4371647065,17335.6219502465,FALSE,FALSE,FALSE
"A0073377",117.194178346895,-0.469226132271153,"OpenStreetMap",1.69940493803139,"Indonesia",2240.80715251478,5175.28863497565,6368.34532164959,10610.9150771619,349.713263732249,0,3.44700002670288,4.33099985122681,25.9375,2.93805176019669,28.8663516044617,123112.428820206,119540.090738895,35,14916.2644586831,28302.8526932683,FALSE,FALSE,FALSE
"A0073379",117.184706045607,-0.463260009697002,"OpenStreetMap",1.74465072384318,"Indonesia",1071.87191786106,6252.35388419417,6367.51053790938,10631.5577472764,741.618664793155,0,3.43300008773804,4.31599998474121,26.0625,2.80873441696167,25.8308162689209,122761.998373853,119214.319210675,28,16120.6925903454,28050.4040206124,FALSE,FALSE,FALSE
"A0074811",117.199815649822,-0.450318601268553,"OpenStreetMap",7.50507324025276,"Indonesia",2923.63131737259,4457.82172656857,5832.50064051648,8404.58355574619,1179.44395177995,209.2289787202,3.4365000128746,4.32099997997284,25.984375,3.1465060710907,37.0687789916992,120800.021420978,117230.649863033,39,14771.1434765164,30162.4009097083,FALSE,FALSE,FALSE
"A0078248",116.69058222124,-0.39659265169809,"OpenStreetMap",165.715109501127,"Indonesia",26698.0652413839,4930.23465799317,16277.9438038525,17779.1091508924,2875.21074846528,28768.2923976969,3.50600004196167,4.41568419807836,26,2.76013608205886,31.2275950113932,142744.471019284,140358.478191455,56.6666666666667,25590.5562204255,26127.8056759392,FALSE,FALSE,FALSE
"A0079276",102.507995496662,-1.26098702360433,"OpenStreetMap",60.7033765516437,"Indonesia",43124.2646746862,18285.1023901134,48231.3229650598,46963.1591688161,3281.60658314003,48470.0513191105,3.50799989700317,4.40549999475479,25.875,2.21573868393898,16.1767024993896,207245.873805397,206679.565981678,77,0,11649.9017119996,FALSE,FALSE,FALSE
"A0079803",117.580783901607,3.327838292387,"OpenStreetMap",1.25681805673266,"Indonesia",61322.2066534875,48045.2826770366,58284.2325665679,58190.8071408077,19764.7724888811,56700.4270814026,3.66000008583069,4.59249997138977,26.75,2.24990618228912,13.4676547050476,161685.983423867,149731.644626087,0,62182.5869919433,108036.552160951,FALSE,FALSE,FALSE
"A0079923",102.768675079172,-1.42960006623079,"OpenStreetMap",1.4693408795116,"Indonesia",51811.4108937268,12222.6947705028,46799.0280569831,65564.7339960431,1667.8824831405,70773.105502875,3.50600004196167,4.39000010490417,25.5,2.9371035695076,33.0993576049805,241124.430639688,240870.9878177,99,11983.5927401104,14771.6622535839,FALSE,FALSE,FALSE
"A0079924",102.770075653631,-1.42829120363364,"OpenStreetMap",1.32088489622108,"Indonesia",51670.5032906397,12403.7027982794,46556.6560392471,65709.2112347593,1484.83790551253,70914.5777129846,3.50600004196167,4.3914999961853,25.5,3.38148260116577,48.7571258544922,241238.030089679,240981.097893722,99,11819.1582927144,14893.1332844087,FALSE,FALSE,FALSE
"A0081162",117.129227072759,-0.542942885364444,"OpenStreetMap",0.226665807324626,"Indonesia",1721.52500745997,358.913953453557,2354.93499823944,21479.0438564454,1599.33524477347,0,3.44600009918213,4.33699989318848,26,3.00845277309418,31.5950565338135,133185.454620918,129691.495243981,26,15871.2649775333,17535.0232928543,FALSE,FALSE,FALSE
"A0081163",117.130385172208,-0.54241271774149,"OpenStreetMap",3.64812778055708,"Indonesia",1558.90754650329,317.793462915614,2434.65197830477,21283.143891798,1486.58937448269,0,3.44300007820129,4.33700001239777,26.03125,2.96050906181335,30.1857604980469,132992.073270611,129497.479308411,31,15672.8920986959,17571.1899686486,FALSE,FALSE,FALSE
"A0081164",117.131773508673,-0.542201097452989,"OpenStreetMap",0.320161208554214,"Indonesia",1568.77635999888,536.726550395864,2636.31552862483,21251.9657782663,1665.81767191281,96.279339526877,3.44600009918213,4.33899998664856,26,2.93227672576904,29.4210662841797,133015.428341829,129517.43945744,36,15650.3660334543,17797.3170823452,FALSE,FALSE,FALSE
"A0081165",117.132399755128,-0.541126959238274,"OpenStreetMap",0.248795523377882,"Indonesia",1550.97224076377,503.653056423669,2733.52158672708,21128.7582032291,1606.54462370119,67.5651177780344,3.44000005722046,4.33899998664856,26.0625,2.85980701446533,27.0788497924805,132901.101109394,129402.269103738,36,15633.8290590996,17931.6324126111,FALSE,FALSE,FALSE
"A0081166",117.145556541932,-0.542253294193621,"OpenStreetMap",3.52944990551414,"Indonesia",87.5549492443378,1788.12430976007,4056.95155510766,20345.6912126283,2734.52677106403,791.258817997843,3.46800005435944,4.3547500371933,25.75,3.28970992565155,41.5538482666016,132476.771338205,128951.958957003,40,14208.3216962825,18919.2250471813,FALSE,FALSE,FALSE
"A0082538",102.537795251293,-3.79003033183354,"OpenStreetMap",1.56602250158846,"Indonesia",10534.933565606,10373.7042890124,19725.5113422731,22603.3992271772,5645.01473763282,21598.9631756208,3.64800000190735,4.52275002002716,23.625,2.2532799243927,36.890682220459,138486.053002102,137400.48769331,432.5,13151.9136221899,195.834930607076,FALSE,FALSE,FALSE
"A0082791",115.72934646643,-3.42683151624232,"OpenStreetMap",2.76364821452775,"Indonesia",22151.5739714706,24293.6724405408,28820.5135753494,28301.9846576687,13819.0338312302,26772.2303731953,3.59100008010864,4.50600004196167,25.875,2.24040704965591,18.1722006797791,57088.9462308344,57307.3356572736,16,136128.489548762,30278.5343005622,FALSE,FALSE,FALSE
"A0083071",114.96673152567,-0.837451049330806,"OpenStreetMap",277.398506213216,"Indonesia",30552.4026434616,5415.77018396124,10480.2991917335,13307.5595557924,21328.3697406639,12503.4144898754,3.65599989891052,4.5966000011989,26,1.8222361140781,13.4075280825297,99021.8734607027,103981.625066426,49.5,90432.024998126,17778.4116065163,FALSE,FALSE,FALSE
"A0087505",115.225984665596,-3.85864536683386,"OpenStreetMap",19.6063009914267,"Indonesia",44950.6221433752,128.397286497192,35855.4325651643,66825.2226707706,2283.7577751373,16739.1077237015,3.6552500128746,4.58200001716614,26.328125,2.8992379506429,30.3195025126139,17963.8845012839,16679.4195726419,8.33333333333333,119577.856317978,15320.3851752563,FALSE,FALSE,FALSE
"A0087506",115.21984257069,-3.85510335199407,"OpenStreetMap",7.94851631255554,"Indonesia",44262.3276472122,863.394461079924,36583.9026794406,66136.7101497837,2992.43951041757,17526.4045357696,3.63599991798401,4.55200004577637,26.25,2.9413685798645,31.8775215148926,18170.3076976564,17018.1525134059,9,118933.169708578,15516.6594685827,FALSE,FALSE,FALSE
"A0090061",115.837632342634,-3.21974590664155,"OpenStreetMap",38.036407160596,"Indonesia",17482.7629077136,20032.683062965,29928.1972776645,26446.2072939235,0,23164.5773477051,3.57800006866455,4.49180011749268,25.5,2.31542390584946,22.067316532135,80455.2970032344,81025.815710922,75,113092.564884096,19816.1360258568,FALSE,FALSE,FALSE
"A0189839",115.267572224443,-3.85243638958737,"Maus et al. (2022);Tang & Werner 2023",8.89398104634493,"Indonesia",46391.3703392847,0,31678.2943575463,69971.3259891494,2999.99623248008,12523.8830956868,3.66699993610382,4.57600021362305,26.34375,2.72890114784241,23.6895408630371,15949.9790522909,14211.353127871,19,123426.445187393,19503.699559762,FALSE,FALSE,FALSE
"A0189840",115.308531064385,-3.8225318322939,"Maus et al. (2022);Tang & Werner 2023",7.83772758733283,"Indonesia",45972.9615048427,1800.60636322504,26165.508146802,71519.9920166769,1691.46705292489,7043.65429661703,3.64400005340576,4.56949996948242,26.21875,3.03488039970398,33.6758079528809,12268.40672529,10074.7683385191,31.75,125408.170669311,20277.967177503,FALSE,FALSE,FALSE
"A0189852",115.648900611707,-3.68209952469699,"Maus et al. (2022);Tang & Werner 2023",36.4913458238155,"Indonesia",49624.7322352628,1987.61754691075,14200.2383798612,47367.9856262118,4383.12846131478,28174.3131202818,3.70100005467733,4.63450002670288,26.4166666666667,2.66432366371155,23.4811431884766,38497.6019984966,37501.05663908,20.25,152769.138342854,36375.3268254479,FALSE,FALSE,FALSE
"A0189853",115.623083208721,-3.69665379591485,"Maus et al. (2022);Tang & Werner 2023",45.7401527078295,"Indonesia",51398.1015915289,19.64553815741,11127.6053012606,50763.9232738691,4781.22320803665,24976.1960612121,3.72099995613098,4.65966661771138,26.375,2.90050288041433,29.0401207605998,35579.6351600736,34503.227843581,24.75,150540.158083245,35461.4774222886,FALSE,FALSE,FALSE
"A0189854",115.624341535987,-3.70802028752465,"Maus et al. (2022);Tang & Werner 2023",214.690060036992,"Indonesia",52255.6437311095,0,10809.8245798329,50693.2799727134,3434.67939411625,24230.4134497981,3.74374997615814,4.68553331693013,26.453125,2.89780570910527,28.6354212394127,35298.6992292333,34185.777309801,23,150543.586024159,35883.494752084,FALSE,FALSE,FALSE
"A0189855",115.635249561512,-3.69032530476647,"Maus et al. (2022);Tang & Werner 2023",114.956293751059,"Indonesia",50182.8785919568,600.388003037256,12080.0987102408,48536.5701512966,4121.74881039749,26019.9210634393,3.71199989318848,4.65162497758865,26.3125,2.79080239931742,26.9726403554281,36440.9965929229,35412.3406557582,28,151141.928637537,35734.6025661327,FALSE,FALSE,FALSE
"A0189856",115.618318891926,-3.6917342472931,"Maus et al. (2022);Tang & Werner 2023",11.368644333788,"Indonesia",51227.9810536417,881.978507613339,10864.1295566164,50984.2259880412,5755.4151199524,24852.0755828894,3.7077499628067,4.64599990844727,26.375,2.76263308525085,25.2023506164551,35226.3370140805,34193.840553599,26,150034.084984392,34936.1248178929,FALSE,FALSE,FALSE
"A0189857",115.192534609082,-3.71652048241655,"Maus et al. (2022);Tang & Werner 2023;OpenStreetMap",1002.4154519784,"Indonesia",26667.327803902,14997.2848547085,33392.1902646402,51489.4374329932,15341.9165275481,18760.1589775307,3.47625001271566,4.37117187306285,26.125,1.98272088766098,15.1167653523959,9038.97344151069,10451.9207584607,47,105575.870826895,3158.81970920987,FALSE,FALSE,FALSE
"A0189858",115.377100647743,-3.76995004039519,"Maus et al. (2022);Tang & Werner 2023;OpenStreetMap",10343.1524486799,"Indonesia",41632.7543103504,0,3634.51469045756,62182.0563142768,0,0,3.64425210792477,4.5595836446237,26.1596638655462,2.80071952936804,27.6074979093062,5839.67027603542,3355.69766448349,30.6607142857143,118848.041882795,15844.8452746432,TRUE,FALSE,FALSE
"A0189859",115.395540600698,-3.75347418812727,"Maus et al. (2022);Tang & Werner 2023",78.6688988044799,"Indonesia",44848.7028936768,3668.55505408635,13563.0848056694,74812.7471321209,1109.55122341292,1448.52247673392,3.64499998092651,4.56227272207087,26.1875,2.81614470481873,28.4618284702301,11091.5244972917,9227.11624289979,25,129644.363150692,22836.3263572054,FALSE,FALSE,FALSE
"A0189860",115.284184568141,-3.76329414040493,"Maus et al. (2022);Tang & Werner 2023",4.67759472965045,"Indonesia",39157.9803651614,8947.67372696418,26470.2756775085,65627.8095825536,6773.72857585294,9951.74445062906,3.58300006389618,4.49200010299683,26.125,2.47548985481262,21.6919364929199,5977.41608258833,4565.63059764669,25,119756.614879624,13571.0928952483,FALSE,FALSE,FALSE
"A0189862",116.36296739815,-3.58379159949939,"Maus et al. (2022);Tang & Werner 2023",165.851836254678,"Indonesia",84566.532255195,15121.7555854125,37352.5724332288,37022.8408273066,35270.7045648829,38389.7299551233,3.7739999294281,4.7318571635655,26.90625,2.7280574278398,27.7805788733742,118089.629174335,117139.013603397,0,167186.203166451,220.980786113572,FALSE,FALSE,FALSE
"A0189863",115.601642648112,-3.648137781803,"Maus et al. (2022);Tang & Werner 2023",5.11308031920115,"Indonesia",46719.7447135829,5748.04508000587,11331.7932085491,49854.8632964917,10525.3211815682,25522.1658927178,3.64299988746643,4.55499982833862,26.125,2.39939665794373,17.422477722168,34094.5037038021,33403.1742567569,39,146798.958452984,30273.7768788902,FALSE,FALSE,FALSE
"A0189864",115.35404725162,-3.654516390595,"Maus et al. (2022);Tang & Werner 2023",136.046510859491,"Indonesia",33517.4848200749,14685.8955621003,18623.8802446466,66583.2548920455,0,13319.361872307,3.54299998283386,4.44894120272468,26,2.29699867650082,18.2836050234343,7431.03470119965,8513.88862182715,40.5,120758.613878429,14788.6085317014,FALSE,FALSE,FALSE
"A0189865",115.633985257686,-3.56812035146337,"Maus et al. (2022);Tang & Werner 2023;OpenStreetMap",2479.9005526656,"Indonesia",33227.4191469284,9354.97210728183,17035.696180866,39527.3628802984,13066.558645332,30886.1447238321,3.59592858382634,4.50638290598423,25.90625,2.29386887419114,17.029066893668,37394.1326879986,37194.0255393806,37.7916666666667,145359.552369486,25274.9809514697,FALSE,FALSE,FALSE
"A0189866",115.56394123898,-3.60908796013979,"Maus et al. (2022);Tang & Werner 2023",124.253297179833,"Indonesia",40243.0465886826,8505.7905872008,11151.9382286301,50673.0597612685,9860.50876669389,24071.5188628272,3.60800004005432,4.51335292703965,25.875,2.43498939626357,20.0554709715002,30515.4286383762,30168.495220352,46,141184.977340677,23684.9611775901,FALSE,FALSE,FALSE
"A0189867",115.383421431337,-3.61823505462277,"Maus et al. (2022);Tang & Werner 2023;OpenStreetMap",1073.88605827361,"Indonesia",31347.4437272264,14974.1252771854,17171.4884073413,67066.8085315384,0,14160.1944340114,3.51510000228882,4.41583331771519,25.95625,2.27377464666086,16.9645787126878,10242.3823298007,11159.3919918782,48.8181818181818,121622.531867068,11081.0741529897,FALSE,FALSE,FALSE
"A0189868",115.622262717644,-3.67213973522345,"Maus et al. (2022);Tang & Werner 2023",9.89650627935943,"Indonesia",49013.7705118358,2999.64836771204,11881.7878553141,49337.9930262094,6905.08513389549,26095.4547600224,3.68199992179871,4.60799980163574,26.25,2.74531316757202,25.4520597457886,35820.0086390709,34923.0529311316,30,149678.116097061,33634.8666866498,FALSE,FALSE,FALSE
"A0189869",115.623808461898,-3.66852970805203,"Maus et al. (2022);Tang & Werner 2023",16.7619270260804,"Indonesia",48462.9297730304,3260.28540096387,12233.6760315937,48959.0924552973,7001.76231080925,26456.0708050479,3.67733327547709,4.60150003433228,26.25,2.63093280792236,22.4878705342611,36123.16475398,35240.2950621107,29,149754.521057947,33408.5872419335,FALSE,FALSE,FALSE
"A0189872",115.228316903829,-3.68415092412932,"Maus et al. (2022);Tang & Werner 2023",16.9389144716411,"Indonesia",28225.012268141,18921.441502681,31959.6305000966,55614.3575659674,13576.2576504953,19625.2886284458,3.47200000286102,4.36399984359741,26.09375,2.12119626998901,15.6289587020874,8014.28689095835,10062.1279378007,46,109903.690165304,3033.54329274867,FALSE,FALSE,FALSE
"A0189873",115.235109049701,-3.68326756503024,"Maus et al. (2022);Tang & Werner 2023",4.90811564733997,"Indonesia",28786.483456503,18894.9716633861,31422.2397057444,56340.9294219955,13030.3665441798,19252.9899787752,3.47499998410543,4.36600017547607,26.0833333333333,2.07883548736572,14.5909986495972,7522.21770141254,9626.00386534776,47,110634.751248044,3781.84910376518,FALSE,FALSE,FALSE
"A0189874",115.252476248071,-3.68234994133163,"Maus et al. (2022);Tang & Werner 2023",5.19241757642356,"Indonesia",29944.8065776765,18522.2279154253,29490.0000818171,57980.8639202287,11133.1785513975,17874.3679495751,3.48000001907349,4.36874997615814,26,1.93637230992317,11.1604933738708,5829.19124828595,8101.18297587031,69.5,112284.9270636,5570.24821231133,FALSE,FALSE,FALSE
"A0189875",115.238349529747,-3.68153948501769,"Maus et al. (2022);Tang & Werner 2023",20.6371415755945,"Indonesia",28605.7002675389,18848.8939431811,30592.8643533377,56263.6925384402,12177.7127557073,18738.4738872464,3.47450006008148,4.3639999628067,26.03125,2.05696225166321,14.0361223220825,6832.7243221268,9026.26236397664,52.25,110561.386293098,3746.9201345723,FALSE,FALSE,FALSE
"A0189876",115.217870670994,-3.68242828751573,"Maus et al. (2022);Tang & Werner 2023",9.68646897693132,"Indonesia",27408.0036999729,19367.447965791,33216.3837123886,54500.230274896,14800.8801047635,20687.0316050358,3.46299997965495,4.35620002746582,26.125,2.00637865066528,13.6552052497864,9217.64186801033,11211.9805168458,51,108779.868803608,1937.42831694271,FALSE,FALSE,FALSE
"A0189877",115.282846257407,-3.67237524937732,"Maus et al. (2022);Tang & Werner 2023",139.571724242869,"Indonesia",30822.3034119024,18041.0377610361,25006.1014935338,59466.3773274158,6004.96266304718,15698.275176947,3.5013333161672,4.38857896704423,25.9583333333333,2.12885763770656,14.4926928470009,4046.41958755815,6501.20637617979,66.5,113771.54192804,7259.11219575991,FALSE,FALSE,FALSE
"A0189881",115.756395130518,-3.44562822055539,"Maus et al. (2022);Tang & Werner 2023",12.8957947660693,"Indonesia",24729.0522948962,21002.577963566,25523.4407541056,25557.0427610046,17251.1624693927,24156.5247706233,3.60700011253357,4.52733325958252,25.9375,2.29011511802673,18.755087852478,58380.3095501239,58441.7120315959,16,137930.389786764,26732.8273900685,FALSE,FALSE,FALSE
"A0189882",115.667488136419,-3.43519441771193,"Maus et al. (2022);Tang & Werner 2023",214.363556911216,"Indonesia",21603.0080946281,23695.1148995663,33648.9239380076,33624.866766339,7786.60000256469,32081.400372211,3.58466672897339,4.49603330294291,25.8125,2.15096526145935,16.834358329773,49477.6685863508,49869.4653704891,20.5,136464.17226444,26860.4839226374,FALSE,FALSE,FALSE
"A0189883",115.76001916696,-3.43117357757215,"Maus et al. (2022);Tang & Werner 2023",42.3808549154944,"Indonesia",23375.0914289561,20619.5028173823,25078.3106621605,24615.301130933,16795.8819408675,23129.1542247512,3.58600008487701,4.49714285986764,25.9375,2.28297815322876,18.4021541595459,59368.6333834861,59489.90789097,18.25,136336.212310968,26574.8060793399,FALSE,FALSE,FALSE
"A0189884",115.76838646775,-3.43082438261332,"Maus et al. (2022);Tang & Werner 2023",3.65538153053077,"Indonesia",23970.9931820753,20075.6885908531,24538.2199831337,24070.7034806325,18047.6015533057,22587.422836435,3.57800006866455,4.49300003051758,25.875,2.38268136978149,20.4731731414795,60515.3743348228,60612.97608623,22,136577.831111948,26113.3933211975,FALSE,FALSE,FALSE
"A0189886",115.72569143622,-3.46737287380194,"Maus et al. (2022);Tang & Werner 2023",321.306589592519,"Indonesia",25617.2899536726,18604.4498184252,27465.842004413,28217.7450472339,14448.4007214193,26927.1012477842,3.61266668637594,4.5327999830246,25.8958333333333,2.32057405099636,19.934745974657,53111.5317786078,53200.4284335068,16.25,139878.939095611,28288.4912646415,FALSE,FALSE,FALSE
"A0189887",115.778228391467,-3.4573030836853,"Maus et al. (2022);Tang & Werner 2023",24.1328968156164,"Indonesia",26949.7557029342,18999.2340202814,22817.9091587602,23238.1615144045,20006.6745614817,21957.2643259555,3.61299991607666,4.53533331553141,26,2.40697964032491,21.0563945770264,59838.0242329642,59805.0972398806,18.5,139248.466648496,24012.3488457542,FALSE,FALSE,FALSE
"A0189891",103.642926672923,-3.87402513452505,"Maus et al. (2022);Tang & Werner 2023",9.58454402271173,"Indonesia",12939.3621103204,12328.0503997484,18420.1755758752,32267.1494330098,9113.94277715604,12733.4792851714,3.85166676839193,4.79199981689453,24.9583333333333,2.74074077606201,39.1614685058594,18596.7570083818,20885.7974377789,238.75,21880.2305767197,574.439240939779,FALSE,FALSE,FALSE
"A0189892",103.637140969863,-3.87206482849555,"Maus et al. (2022);Tang & Werner 2023",38.2544914472417,"Indonesia",12259.3126082153,11841.0917027617,17723.3763381865,31512.5582362381,8597.61568929128,12044.3119405011,3.85700011253357,4.79949998855591,25,2.81955938339233,44.2830337524414,18800.3160977847,20928.7638590657,203,21018.1496932698,755.033622503362,FALSE,FALSE,FALSE
"A0189897",103.655515695988,-3.86737267866149,"Maus et al. (2022);Tang & Werner 2023",29.7313748836228,"Indonesia",13272.1835821886,11293.2512561002,19110.7738390258,33690.7420349312,8208.74921053773,13138.7973514901,3.85400009155273,4.81374990940094,25.3125,3.01562738418579,48.0394528706869,16872.8950255964,19177.2438042496,162,23268.0004272092,1030.96682443604,FALSE,FALSE,FALSE
"A0189898",103.647487885081,-3.86920369024083,"Maus et al. (2022);Tang & Werner 2023",35.7982564740314,"Indonesia",12649.6983252034,11309.7821732103,18397.168425853,32748.6658702501,8126.46857596542,12507.7120185089,3.85400009155273,4.80849989255269,25.25,2.916956782341,46.9141941070557,17820.1906713081,20002.7528446692,180,22220.5470095054,895.060666634716,FALSE,FALSE,FALSE
"A0189899",115.036410131352,-3.3550402590543,"Maus et al. (2022);Tang & Werner 2023",7.45739837774851,"Indonesia",9865.57229822364,5191.08567280437,23753.2164808378,29456.4222616998,222.551555869236,18625.4813978861,3.68700003623962,4.61649990081787,25.875,3.91200757026672,81.9079437255859,48921.091644143,51388.8960252925,91,77715.4858010541,4977.11870254325,FALSE,FALSE,FALSE
"A0189901",115.021796441025,-3.34579921286347,"Maus et al. (2022);Tang & Werner 2023",72.7462694631931,"Indonesia",7706.98897678696,3154.43352586827,22271.4006975886,27637.3586272582,1174.18722390195,16940.9460996928,3.69199991226196,4.6215000629425,25.9375,3.70505220549447,66.0113002232143,50529.3446678027,52991.6324459432,70,75452.8429666137,6715.42166980984,FALSE,FALSE,FALSE
"A0189902",115.053728589331,-3.34924895077076,"Maus et al. (2022);Tang & Werner 2023",34.6398830205912,"Indonesia",10957.0356872759,5730.8211336747,25594.9425466356,31266.7656428155,705.166614543165,20454.9014898874,3.68100007375081,4.60959997177124,25.875,3.65740857124329,65.8900016784668,48110.1093545351,50587.8420727143,73,79161.9542909794,3981.49096232728,FALSE,FALSE,FALSE
"A0189903",115.066264267705,-3.34498508795014,"Maus et al. (2022);Tang & Werner 2023",29.7046130935343,"Indonesia",10556.2251390981,6737.50416188395,26736.3431087295,32494.1735571373,1974.71956631249,21655.4361960825,3.67750000953674,4.61449992656708,26.15625,3.61471009254456,65.1725476582845,47936.2899323334,50418.1729438173,52,80412.9421967466,3990.37630628596,FALSE,FALSE,FALSE
"A0189904",115.046795308577,-3.34526807224314,"Maus et al. (2022);Tang & Werner 2023",4.70623110553751,"Indonesia",11022.0244785245,5179.1280440014,25285.2373406804,30868.2010551926,481.847005690014,20090.1644780973,3.69000005722046,4.62150001525879,25.75,3.61131000518799,58.6844367980957,49222.3322979441,51698.2406713739,92,78608.1833405877,5060.75941738922,FALSE,FALSE,FALSE
"A0189905",115.690825515557,-3.32888069220408,"Maus et al. (2022);Tang & Werner 2023;OpenStreetMap",2165.94631980017,"Indonesia",5235.98129036527,26764.4825915654,32815.0802094324,30916.5622362916,6802.85762261245,28841.8378310403,3.59328000068665,4.51035316460195,25.595,2.19577348318967,16.0551817113703,57288.4564691005,57742.8851722951,47.6666666666667,119064.356513042,29990.8173105902,FALSE,FALSE,FALSE
"A0189906",115.060657486199,-3.34152325483691,"Maus et al. (2022);Tang & Werner 2023",11.2919676942036,"Indonesia",11223.1649892651,6064.05291668896,26668.7178786159,32313.9375697623,1761.21652507841,21516.3952343246,3.68149995803833,4.6159999370575,26.015625,3.28125524520874,47.2421798706055,48559.3563101929,51040.2962715929,65.5,79933.3668232409,4542.14994828048,FALSE,FALSE,FALSE
"A0189915",115.661746362127,-3.56486325482,"Maus et al. (2022);Tang & Werner 2023",39.5075479675417,"Indonesia",36112.0507440531,10698.665489067,22136.4184236263,39336.1613020439,16453.2120150608,36081.228950055,3.57050001621246,4.47559995651245,26.03125,2.15236705541611,13.885600566864,43038.1957139037,42732.8380456297,26,150418.644626156,30179.490631753,FALSE,FALSE,FALSE
"A0189916",115.665460127987,-3.56186562301693,"Maus et al. (2022);Tang & Werner 2023",20.0616944583565,"Indonesia",35934.517469841,10902.7810559324,22814.9435115573,38913.0138458184,16899.2885808659,36732.4730322016,3.56966670354207,4.47549986839294,26.0208333333333,2.15875899791718,13.7180225849152,43569.7304478636,43291.2168658074,29.75,150823.084882294,30468.2431341996,FALSE,FALSE,FALSE
"A0189917",115.42916644043,-3.59267308879505,"Maus et al. (2022);Tang & Werner 2023",541.247515571603,"Indonesia",32665.639477081,15038.6423377392,15353.2226652529,63229.1888691976,0,18270.5479966537,3.50262495875359,4.39791428021022,25.9609375,2.24527421338218,16.714099407196,17620.2723486397,18303.276282096,46.5,125081.512126855,11135.7239508312,FALSE,FALSE,FALSE
"A0189918",116.341589089462,-3.51813858453308,"Maus et al. (2022);Tang & Werner 2023;OpenStreetMap",839.936074143325,"Indonesia",78896.435447428,7195.91716863636,29188.7800542477,29011.3356536532,26989.9844213128,29848.1910077238,3.683899974823,4.61480557477033,26.84375,2.45672736384652,20.8417636177757,116034.684242478,115223.912068656,0,158635.053090974,0,FALSE,FALSE,FALSE
"A0189928",103.785539541461,-3.82226359372766,"Maus et al. (2022);Tang & Werner 2023",20.6014163566495,"Indonesia",24501.6624753733,1691.05091712131,9964.52530243936,49009.893439338,1628.84603660171,4305.3869059262,3.88000011444092,4.86449980735779,26.125,2.83614718914032,32.4591693878174,4158.93358241858,9269.33807053888,86,37875.4936109025,11366.7748829444,FALSE,FALSE,FALSE
"A0189929",103.747093385583,-3.81811497431058,"Maus et al. (2022);Tang & Werner 2023",47.8444159468159,"Indonesia",19829.3523704062,5809.74499147643,10680.4151794383,45259.5818961653,5198.44710519819,5623.50442177265,3.88299989700317,4.86800003051758,25.875,2.89506340026855,34.3707146644592,5408.201358389,9127.16649944133,127,33380.860514878,9005.18046363801,FALSE,FALSE,FALSE
"A0189931",115.044853764552,-3.3264893602602,"Maus et al. (2022);Tang & Werner 2023;OpenStreetMap",189.739000348716,"Indonesia",9413.75229386535,3247.86642553962,24260.6084952526,29536.9111981139,1287.59435247377,18904.5470244964,3.69000005722046,4.6239130600639,26.1875,3.56325566768646,57.8929053086501,50593.5346605505,53074.6297772905,54,76661.316058536,6551.66713001537,FALSE,FALSE,FALSE
"A0189932",103.739514034556,-3.81033087716621,"Maus et al. (2022);Tang & Werner 2023",74.1624260090532,"Indonesia",19118.065322697,6676.73523071755,10004.8855666301,44971.131141301,5197.71191359256,5131.7534581736,3.89599990844727,4.87000007629395,25.6875,2.94304132461548,35.6428043365479,5281.54623731623,8234.751144298,145.4,32825.4897038967,8749.97452313765,FALSE,FALSE,FALSE
"A0189934",103.812368589558,-3.80915696560054,"Maus et al. (2022);Tang & Werner 2023;OpenStreetMap",194.781297389577,"Indonesia",26615.7563636814,0,8025.77821609798,51685.949089447,738.198145999284,2500.02230806165,3.87800002098083,4.85843482224838,26.125,2.89264841263111,33.8956275353065,3203.28618460431,8094.70716670815,87.5,40348.3418526876,13900.3299430313,TRUE,FALSE,FALSE
"A0189939",103.817250470535,-3.72596749955681,"Maus et al. (2022);Tang & Werner 2023",29.1717040973593,"Indonesia",28240.0302718486,1066.8953066608,1822.44887145893,48258.6472327068,21.381779329196,1493.50166556026,3.85233330726624,4.83033323287964,26.2708333333333,3.1567036151886,43.1150108337402,6687.94527429715,4390.9887845852,78.6666666666667,43596.5204087697,20078.9319913424,FALSE,FALSE,FALSE
"A0189940",115.119752071429,-3.24148772494592,"Maus et al. (2022);Tang & Werner 2023",27.639008570395,"Indonesia",13004.7429795744,7662.85812182495,23289.3264199734,43131.4866743125,14427.126854412,32952.833817203,3.68975001573563,4.63199996948242,25.9375,3.11858427524567,37.2001724243164,55485.1577599373,57938.908349844,62,85370.590846381,12740.1204030842,FALSE,FALSE,FALSE
"A0189943",103.633393308991,-3.72184975862485,"Maus et al. (2022);Tang & Werner 2023",17.5502750195287,"Indonesia",9782.226433981,3558.31420359508,14024.449060619,42254.498869288,4360.12317862985,7741.25527167107,3.91700005531311,4.90149998664856,25.9375,2.54332041740417,27.6843185424805,18083.1269114886,15691.5438298274,81.5,25402.0057464656,9640.01548388092,FALSE,FALSE,FALSE
"A0189944",103.740551807863,-3.71456927651443,"Maus et al. (2022);Tang & Werner 2023",163.277289245564,"Indonesia",19850.7572687369,3875.24574346162,5648.0201259361,48456.6099419338,0,4144.97954493125,3.87299990653992,4.8579047975086,26.21875,3.13389917612076,43.753106880188,8519.12577390133,3922.26015893205,65.5,35496.6999442376,13188.2735186828,TRUE,FALSE,FALSE
"A0189945",115.037817417025,-3.23044303277999,"Maus et al. (2022);Tang & Werner 2023",18.1658068034802,"Indonesia",16422.183994974,833.50475013651,23764.7040489594,36184.9437393351,12796.5122499286,26532.010069779,3.69449996948242,4.64366658528646,26.3125,3.39388585090637,49.105339050293,60382.926572645,62866.7158421643,34.75,76318.8878542598,16855.2680226026,FALSE,FALSE,FALSE
"A0189946",103.630302678268,-3.77007586030101,"Maus et al. (2022);Tang & Werner 2023",404.96243175127,"Indonesia",5188.85699078945,0,10905.0775698141,37019.1444893786,418.17006760804,4160.51606652835,3.92266670862834,4.90748073504521,25.875,2.75173215866089,36.5061140441895,15577.6784268404,14974.5669573382,90.6666666666667,20884.351073624,3261.44733995856,FALSE,FALSE,FALSE
"A0189947",103.830538982468,-3.759910217468,"Maus et al. (2022);Tang & Werner 2023",61.7237832318771,"Indonesia",28956.8064547614,1767.46916493774,4271.91709805068,51834.5758430977,2996.87918645202,1387.75557851651,3.8659999370575,4.84571429661342,26.25,3.10800610269819,40.3099714006696,5043.96107236777,6000.3105725735,83.5,43767.7456653196,19656.780458597,TRUE,FALSE,FALSE
"A0189948",103.644891487838,-3.76469631009997,"Maus et al. (2022);Tang & Werner 2023",4.62152248862799,"Indonesia",8916.97848487936,150.534181680586,14658.0579138316,40007.1725093859,811.276299648384,7890.11734854115,3.92700004577637,4.91266663869222,26,2.77363252639771,36.3923988342285,15731.7713008506,14724.489084318,76.5,24466.8612230451,4840.12910524107,FALSE,FALSE,FALSE
"A0189949",103.714761501422,-3.78496117696738,"Maus et al. (2022);Tang & Werner 2023",58.3225243770773,"Indonesia",16166.2455880045,6032.14142199453,10458.8460594553,44139.0495943355,5783.03740058535,6739.93645036905,3.90700006484985,4.88487505912781,25.875,2.7601284299578,30.2328483036586,7634.71903888611,8159.73292627906,125.5,30810.2422143295,6865.95848245772,FALSE,FALSE,FALSE
"A0189950",103.690141614766,-3.78745274303957,"Maus et al. (2022);Tang & Werner 2023",311.183376556588,"Indonesia",12187.0723495672,4040.28749062238,12045.8820007013,40407.0084312812,3467.18651237556,8450.46204900833,3.90800004005432,4.88912190460577,25.925,2.74263880934034,30.8950451896304,9313.13247708221,9687.13858578092,102,26621.0899971175,2837.20361769017,FALSE,FALSE,FALSE
"A0189951",115.06769806289,-3.29621768825493,"Maus et al. (2022);Tang & Werner 2023",5.38444336948558,"Indonesia",14831.6502981457,4084.04870412322,30121.9694745258,35243.6722037705,6366.05790549079,24825.6900028361,3.68649995326996,4.6269998550415,26.25,3.47750949859619,53.275764465332,52614.8711836122,55098.7977665828,46,80228.4592251927,9340.9286816104,FALSE,FALSE,FALSE
"A0189952",103.834970053077,-3.77676287236882,"Maus et al. (2022);Tang & Werner 2023",448.670897132456,"Indonesia",28403.4313661663,1529.88180132138,5492.88844582226,52720.8485028306,3982.60182553389,812.350893434574,3.87319993972778,4.85349157301046,26.1375,2.99320640235112,36.3831655239237,3915.19922266932,6568.10158014816,94.4,42885.5009319493,17818.0128548776,TRUE,FALSE,FALSE
"A0189953",103.675675015194,-3.76502600332988,"Maus et al. (2022);Tang & Werner 2023",1202.00555819318,"Indonesia",10490.3557639359,0,11666.7770470103,39618.2811276868,461.305795716446,9170.8457592623,3.91200000445048,4.8959999858559,25.9666666666667,2.78761539819106,34.5557257094473,10682.7585082445,9269.15217463285,89.7142857142857,25321.5807209949,2358.18649806585,FALSE,FALSE,FALSE
"A0189954",103.647813637269,-3.8050488473277,"Maus et al. (2022);Tang & Werner 2023",192.283529744464,"Indonesia",8488.00663919103,3849.6966516456,14785.0887210149,36424.2391134678,731.214597139083,8315.62952966733,3.90866669019063,4.89156521921572,26,2.52117541203132,30.1314162474412,14721.638133738,15257.0999971005,73,22605.2425333201,0,FALSE,FALSE,FALSE
"A0189955",103.739211582297,-3.79653292904318,"Maus et al. (2022);Tang & Werner 2023",28.5381568115266,"Indonesia",18933.5643877414,6998.21884361924,9362.31446449957,45882.3301176638,4615.35926092331,4736.83781524155,3.89599990844727,4.87566661834717,25.875,2.97750252485275,35.7688694000244,5187.4860859577,7444.5547584727,132.75,33174.786563162,9128.53272552782,FALSE,FALSE,FALSE
"A0189956",115.071444330463,-3.30181800580985,"Maus et al. (2022);Tang & Werner 2023",14.2755816683944,"Indonesia",14304.7674977157,4569.21135914092,30225.2649249428,35296.6204461586,5964.87532386578,24798.0459237339,3.68400001525879,4.62799978256226,26.125,3.70123505592346,68.1856778462728,51742.700168864,54226.4793213515,49.5,80519.9436022336,8637.11847242178,FALSE,FALSE,FALSE
"A0189958",103.603670880911,-3.76623979160073,"Maus et al. (2022);Tang & Werner 2023",36.5299876287068,"Indonesia",4260.55771326039,0,9862.25406548063,36440.0143937969,1102.0635114929,3125.94576598604,3.91949999332428,4.90660009384155,25.8125,2.66303426027298,34.2206220626831,19947.4057187702,18952.8712687517,99,20022.4694483683,6812.08091795665,FALSE,FALSE,FALSE
"A0189959",103.587257523332,-3.76141635214724,"Maus et al. (2022);Tang & Werner 2023",32.6551168155605,"Indonesia",3141.69220950528,32.4123275748048,7717.40721437623,35710.4263577652,2171.9172606509,984.424579487654,3.9210000038147,4.90700006484985,25.75,2.63957941532135,33.8488788604736,21644.1726625584,20455.9760945951,105,18606.4464990634,8455.60315796552,FALSE,FALSE,FALSE
"A0189960",103.597059502105,-3.76187811618956,"Maus et al. (2022);Tang & Werner 2023",23.382188962182,"Indonesia",3960.88597792359,0,9042.4578132664,36468.8210925463,1726.02257304574,2272.19741015949,3.9210000038147,4.90949988365173,25.8125,2.61243861913681,32.7024397850037,20722.6661079264,19599.8533450634,101,19674.7504430134,7649.76500048012,FALSE,FALSE,FALSE
"A0189961",103.633249144135,-3.75322846519789,"Maus et al. (2022);Tang & Werner 2023",364.100146510056,"Indonesia",5979.33560086243,0,11018.4315203386,38271.6941085275,1357.93533571801,4299.67310500046,3.93183330694834,4.91946812893482,25.8645833333333,2.67120392426201,33.0763217677241,15306.4072651882,13811.439256251,79,21734.1188093624,5631.28515922556,FALSE,FALSE,FALSE
"A0189962",103.821136885999,-3.74272954104615,"Maus et al. (2022);Tang & Werner 2023;OpenStreetMap",546.439436110412,"Indonesia",27104.5609471255,0,780.769549787734,48761.9682072011,0,146.784226641538,3.85514286586217,4.83648568562099,26.2410714285714,3.11779515508195,41.1706739076426,4275.21598349692,3262.02747801859,79.1428571428571,42280.9730258378,18553.4012093344,TRUE,FALSE,FALSE
"A0189963",115.691568969936,-3.24066636348333,"Maus et al. (2022);Tang & Werner 2023;OpenStreetMap",901.785027896445,"Indonesia",679.22473978593,30403.7261359194,39887.8938633855,35964.4666298429,14063.0357640658,33146.2262166351,3.60122222370572,4.52269827908483,25.4722222222222,2.20489900734114,17.5799960012021,64990.5756779741,65829.7532465922,79.5,111753.779462297,34517.0809389847,FALSE,FALSE,FALSE
"A0189964",115.072581884431,-3.26227082510884,"Maus et al. (2022);Tang & Werner 2023;OpenStreetMap",287.947024113951,"Indonesia",15428.7207170674,2813.73926826413,23776.3582103705,35872.9338620029,7309.91995266823,25544.2120497356,3.68333339691162,4.62252781126234,26.1041666666667,3.53178092595693,53.3833214012352,53186.4317789733,55669.9037441618,53.3333333333333,80049.4728529024,10088.977522037,FALSE,FALSE,FALSE
"A0189965",103.753837622085,-3.73451363735392,"Maus et al. (2022);Tang & Werner 2023;OpenStreetMap",3881.64562688846,"Indonesia",15949.4310999286,0,204.588709789093,46303.8644775449,0,0,3.8679047595887,4.84977137449958,26.1919642857143,3.11993352271928,44.8395449636471,2509.72814921023,0,75.95,31431.9537122294,8923.23946463959,TRUE,FALSE,TRUE
"A0189966",115.023234381056,-3.24781521874442,"Maus et al. (2022);Tang & Werner 2023",28.6558968887355,"Indonesia",14191.1858019977,1819.42016061624,26405.2579830072,33964.5440114977,11206.5398576723,24294.4554448653,3.68399993578593,4.62249994277954,26.2291666666667,3.41178119182587,48.4497680664062,59516.7187564859,62000.3372057537,45,74785.2721899827,15637.3278998362,FALSE,FALSE,FALSE
"A0189967",115.14952756521,-3.12479064389679,"Maus et al. (2022);Tang & Werner 2023;OpenStreetMap",89.0996786974596,"Indonesia",20317.8987411941,7473.44598086574,10411.2164261333,53121.7586301497,6290.85692451269,37251.692124874,3.65899991989136,4.57563638687134,25.625,3.74826529026031,71.0642822265625,66593.2742286129,68994.9775481851,89,89153.0619789386,24853.3753057586,FALSE,FALSE,FALSE
"A0189968",115.176786627668,-3.10486751528532,"Maus et al. (2022);Tang & Werner 2023;OpenStreetMap",283.095737729293,"Indonesia",20449.1806762836,8500.97567279821,9280.86512941959,55117.7387963822,4066.76786505172,32801.6408302872,3.65824997425079,4.57833334893891,25.515625,3.96288105603811,92.1031734363453,67265.6722660891,69647.4086506414,84.3333333333333,90785.2993863196,25970.507645336,TRUE,FALSE,FALSE
"A0189969",115.12352526515,-3.14179984750483,"Maus et al. (2022);Tang & Werner 2023;OpenStreetMap",189.808607942284,"Indonesia",20255.2279820737,4347.96282054739,11700.2451560893,49175.3719735862,8227.26978875863,39440.6219687297,3.66849994659424,4.5960400390625,25.84375,3.70157146453857,67.5477678208124,65449.7933091812,67883.9171331623,63,85535.5557356874,22979.5106880233,FALSE,FALSE,FALSE
"A0189973",115.092633521688,-3.19299835216913,"Maus et al. (2022);Tang & Werner 2023;OpenStreetMap",642.043610273997,"Indonesia",17531.9532913195,2055.58047328939,14101.543669753,39920.8796896483,11388.0615388982,30092.3426750036,3.69483331839244,4.63196430887495,25.9166666666667,3.81878505051136,73.220966053009,58149.3004584729,60623.5736254506,65.625,80854.4177817859,15112.8617224893,FALSE,FALSE,FALSE
"A0189974",115.189849965413,-3.15242277735551,"Maus et al. (2022);Tang & Werner 2023;OpenStreetMap",2465.63073686087,"Indonesia",9974.37365687671,8961.28292405117,11198.4623341295,40153.6835421959,0,23355.5083763706,3.67079308115203,4.59871516951097,25.7715517241379,3.52957070175605,61.9136418511596,50376.1067571027,52846.5628550169,76.6666666666667,85550.2753462994,7420.74433540574,FALSE,FALSE,FALSE
"A0189975",104.12956345863,-3.39290262498424,"Maus et al. (2022);Tang & Werner 2023;OpenStreetMap",681.159148059743,"Indonesia",7590.70619755034,570.20055479021,11865.9145666187,28177.8221059018,18501.8324156396,8810.11462657581,3.73177780045403,4.68253847268912,26.4583333333333,2.98041830437907,33.303408483441,56416.4787402357,53630.1781113357,33.875,50513.9441845655,69056.877826562,FALSE,FALSE,FALSE
"A0189976",115.096324220726,-3.0289517636329,"Maus et al. (2022);Tang & Werner 2023",23.8224053696935,"Indonesia",32522.7007967949,2585.59921357116,2727.81526469354,57366.5140841547,5436.65929261977,30667.7177236441,3.69600009918213,4.64099995295207,26.0625,3.10940901438395,41.4031575520833,78801.2785580804,81220.088124169,6.75,84750.4982175488,36489.7464857734,FALSE,FALSE,FALSE
"A0189977",115.217265286882,-3.04676224908466,"Maus et al. (2022);Tang & Werner 2023;OpenStreetMap",731.757115628983,"Indonesia",22469.8244291107,9043.04402147615,8870.91119644662,59910.835030997,532.665443440421,23634.6950222903,3.66745456782254,4.59088173732963,25.4772727272727,3.68575212663534,78.5314201432831,70053.0701445504,72392.3931040241,90.8571428571429,94706.2198529388,29631.9303378431,TRUE,FALSE,FALSE
"A0189990",115.112597642582,-3.09614369548537,"Maus et al. (2022);Tang & Werner 2023;OpenStreetMap",1582.23146953812,"Indonesia",23349.6818272279,937.823069571601,4249.13337772705,48106.9320094674,1299.39674893583,32208.8474300909,3.66352941008175,4.59630919654588,25.9301470588235,3.31578594859284,47.4477254470976,67847.1826816755,70294.6605803125,41.6,82738.7711447439,25132.9435450836,TRUE,FALSE,FALSE
"A0189991",115.122957811168,-3.0769044271113,"Maus et al. (2022);Tang & Werner 2023",12.630462451769,"Indonesia",26665.4099660525,2504.08292474764,5018.78610650597,55230.5538815928,3661.60261347775,33830.6662227258,3.66266663869222,4.59299993515015,25.9375,3.20548033714294,43.360071182251,72865.3471810674,75276.7438368705,37,87193.8215857105,30766.4318860076,FALSE,FALSE,FALSE
"A0189992",103.70755651918,-3.70366959833514,"Maus et al. (2022);Tang & Werner 2023",229.303534796641,"Indonesia",16944.8355309339,111.462188393992,9045.41341285733,48429.9531197107,1900.58349683805,6211.82479137328,3.89350008964539,4.879407370532,26.09375,2.99312829202221,40.3786637090868,11258.2174551686,7183.70793585615,75.5,32717.5306611787,12343.3575618651,TRUE,FALSE,FALSE
"A0189993",115.269363364398,-3.17823230768041,"Maus et al. (2022);Tang & Werner 2023;OpenStreetMap",2072.71962406813,"Indonesia",6291.87308639988,19320.9520858953,19628.8468302854,57388.0585735671,8476.41172932348,36750.0203758375,3.66368000030518,4.5920403047359,25.6525,3.06671408856853,37.5241397543346,54025.3718760787,56266.4491673255,96.32,99841.4174514758,16771.8569473741,FALSE,FALSE,FALSE
"A0189995",103.63892281463,-3.71237181112823,"Maus et al. (2022);Tang & Werner 2023",141.802505056782,"Indonesia",10395.7538980894,3239.60460685853,14232.4394199503,42948.3926332422,3028.58905608571,8213.60431726682,3.91050004959106,4.89581242203712,25.9375,2.64205951439707,30.1387388329757,17090.0498979765,14396.6651796796,78.5,25861.1644020728,10296.4690851833,FALSE,FALSE,FALSE
"A0189996",103.716391442246,-3.67538283951708,"Maus et al. (2022);Tang & Werner 2023",488.167812639036,"Indonesia",18816.7590122207,0,9242.98345802556,44208.7189437808,1262.79256099024,3789.98939285586,3.88162496685982,4.86604832833813,26.21875,3.05882330264075,42.9244393817449,13040.7086299268,8150.52923951234,64.5,34539.6406063821,14840.5574182057,TRUE,FALSE,FALSE
"A0189998",115.136208527992,-3.20577271136559,"Maus et al. (2022);Tang & Werner 2023;OpenStreetMap",140.629158319579,"Indonesia",13737.2274816225,7195.02416240537,18639.4916073996,46100.5154754942,14908.0640416237,36049.3088571486,3.69300007820129,4.63352632522583,25.875,3.50494330069598,54.5640898311839,57775.0858631804,60213.9923327587,55,87031.6165354641,15318.8725762434,FALSE,FALSE,FALSE
"A0190000",115.661615015022,-3.17248858326743,"Maus et al. (2022);Tang & Werner 2023",390.496162487966,"Indonesia",3616.12015616503,35939.1818359537,47344.1403122684,42521.6952802785,17660.0070648703,39493.2859761314,3.59799998998642,4.51563999176025,25.421875,1.94654936693153,13.923550002429,70115.8609675958,71218.0431038464,105.833333333333,105303.381478654,37076.1345649347,FALSE,FALSE,FALSE
"A0190009",115.57719556451,-2.36420865366518,"Maus et al. (2022);Tang & Werner 2023",53.0723650147446,"Indonesia",12882.1947027122,13188.4627000996,13212.6173256117,22011.7647758813,3478.53248137759,25935.0136775681,3.62299990653992,4.54571437835693,25.8125,1.74435745179653,14.5704920291901,19306.5421957045,18686.8911722783,52.3333333333333,22388.104695066,49925.1374744791,FALSE,FALSE,FALSE
"A0190010",115.603702827968,-2.34306406562047,"Maus et al. (2022);Tang & Werner 2023",478.565490695948,"Indonesia",14438.1752305782,13835.2931456095,15091.6519000539,21590.1654904122,5182.67499419634,25182.4468913048,3.62375003099442,4.54866128583108,25.78125,1.84070296514602,16.3334136084905,15748.7154043274,17066.6020874541,52,17852.8158891447,51567.8093554213,FALSE,FALSE,FALSE
"A0190011",115.607818170756,-2.3567423067614,"Maus et al. (2022);Tang & Werner 2023",7.5112817961607,"Indonesia",16427.8667640213,16196.969890753,16940.3994715236,24134.167431617,5931.83605921862,27852.1187766524,3.61349999904633,4.53599989414215,25.78125,1.80864542722702,15.4768867492676,19102.6741252452,19976.6404803865,68,20913.8624054731,52112.7689134713,FALSE,FALSE,FALSE
"A0190016",115.617083363207,-2.10543879271565,"Maus et al. (2022);Tang & Werner 2023",58.4555318473264,"Indonesia",11282.9416110871,7550.39472301273,14767.0227218805,22165.4198808931,11397.3309768329,21505.0662837208,3.45799994468689,4.27783338228862,25.375,1.9156793653965,18.8617523312569,9639.78618102635,16850.0036394457,118,0,49070.5857148117,FALSE,FALSE,FALSE
"A0190017",116.177218278952,-2.08594035854631,"Maus et al. (2022);Tang & Werner 2023",267.60014854926,"Indonesia",65093.3897838645,19778.0421331317,19625.5494888572,21722.6671904578,3961.77828786846,16430.228621234,3.64000002543131,4.56783784402383,25.875,2.66299027365607,28.9965452761263,34143.3279836146,35832.2676982568,25.5,44623.7023725084,7073.13560054536,FALSE,FALSE,FALSE
"A0190018",116.198216241013,-2.07927176307564,"Maus et al. (2022);Tang & Werner 2023",32.832932258706,"Indonesia",67830.5826104305,20076.7503640061,19924.3670713455,21119.9367686352,2063.59697716484,16452.2075472349,3.62299990653992,4.54300006230672,25.9375,2.5902339220047,24.8099961280823,36244.9923616933,38317.0074868049,17.25,47449.2905259942,9900.74739728718,FALSE,FALSE,FALSE
"A0190019",116.186562634209,-2.05432726739623,"Maus et al. (2022);Tang & Werner 2023",746.867346023194,"Indonesia",64271.7171273578,15414.0114608144,15261.5243048996,17607.513976658,180.084880270102,12134.6213337838,3.62400007247925,4.5467916727066,25.9296875,2.60197978603597,26.3966848996221,31562.6710828488,34201.3633135032,20,44162.4632315099,6712.8913214707,FALSE,FALSE,FALSE
"A0190020",116.192875339848,-2.02738790808103,"Maus et al. (2022);Tang & Werner 2023",110.420856818185,"Indonesia",66703.6423089706,13427.9136841305,13276.090944273,15016.4135446652,3.50996319189167,9769.07817545856,3.6159999370575,4.54046150354239,25.9375,2.63300515924181,28.9497190202985,32927.05897114,36278.6763812618,17,46765.1406526302,9726.63057410932,FALSE,FALSE,FALSE
"A0190033",115.518424687416,-2.20470555286515,"Maus et al. (2022);Tang & Werner 2023;OpenStreetMap",16955.5933065398,"Indonesia",3042.00040277577,0,0,1833.30535560782,0,2110.80168573712,3.65587000966072,4.58589804297314,25.614375,1.85423502191473,14.3594095866755,0,0,58.4245810055866,581.014332038638,52515.9414056676,TRUE,FALSE,TRUE
"A0190035",115.458296359602,-2.20413613931259,"Maus et al. (2022);Tang & Werner 2023",47.759580820208,"Indonesia",8773.87465436756,376.062188095711,360.924336641881,1485.9395980775,2843.44116427439,3809.8463631968,3.65649998188019,4.5861428124564,25.65625,1.84160561561584,13.7180419921875,12704.9086541545,4422.6365927944,47,15733.1690232257,65356.4135003527,TRUE,FALSE,FALSE
"A0190038",115.442335157494,-2.16126914882849,"Maus et al. (2022);Tang & Werner 2023",84.0220919771204,"Indonesia",5466.04766617356,0,0,4953.95929951787,1224.34377133427,761.011735607498,3.67400002479553,4.60874998569489,25.78125,1.74289432764053,11.4898456573486,14346.29421125,8128.24675582409,36,14765.783310717,63436.6659976297,TRUE,FALSE,FALSE
"A0190041",115.420146727079,-1.92641430616954,"Maus et al. (2022);Tang & Werner 2023",206.864520419732,"Indonesia",12710.4240075688,15175.9656913097,25225.0699922892,30812.2021424648,21.5375823451582,22220.8931853096,3.62750005722046,4.55282141481127,25.84375,1.71958838976347,10.8279331280635,33009.5952380831,32009.9860026954,49.3333333333333,19595.2465883822,61542.5728963254,FALSE,FALSE,FALSE
"A0190043",116.108335116096,-1.55043930932836,"Maus et al. (2022);Tang & Werner 2023",74.1745990912606,"Indonesia",74589.8533989462,7572.36211888708,23557.9418165598,38813.0150238301,14923.4007451725,37439.6819271094,3.56171430860247,4.47020001411438,24.8303571428571,2.83842084142897,34.6133179134793,37573.8996286687,41479.1636039819,175,50806.6368492152,16186.9299664871,FALSE,FALSE,FALSE
"A0190044",116.116054060549,-1.52213907461819,"Maus et al. (2022);Tang & Werner 2023",22.2657362630946,"Indonesia",72542.9404313174,9982.06456238906,22681.2626703559,41905.9298207908,17732.4655683174,40911.6227368997,3.54933333396912,4.47049999237061,24.5,2.82563251256943,35.7988204956055,40988.7333545508,45089.0696413297,216,51970.004746379,18202.3157034633,FALSE,FALSE,FALSE
"A0190046",101.92433324864,-1.59884305686227,"Maus et al. (2022);Tang & Werner 2023",902.614143100714,"Indonesia",63411.8039582661,955.443019563574,24062.9759377007,25220.7534227023,2218.17183244026,18446.8439727429,3.66484616352962,4.59433335170411,25.4615384615385,2.49743283805201,22.8652902376854,165252.184726492,167861.603363201,148.714285714286,19362.5179127727,19210.2071297125,FALSE,FALSE,FALSE
"A0190047",101.951982567537,-1.58349375420001,"Maus et al. (2022);Tang & Werner 2023",7.84082475710306,"Indonesia",65104.5334948608,3920.08277144286,23485.1176050639,24444.001226835,2913.19594131371,17636.8308434072,3.64749991893768,4.57000017166138,25.46875,2.63108730316162,25.7102317810059,167984.215984678,170391.813631373,136.5,25162.1854470658,25020.8875941942,FALSE,FALSE,FALSE
"A0190048",101.965341301703,-1.57885001052224,"Maus et al. (2022);Tang & Werner 2023",21.0686798952483,"Indonesia",64642.7067168583,3181.96288728006,21983.6707339029,22777.9960773001,2440.53266839931,16012.2537399773,3.64550006389618,4.56849980354309,25.5625,2.63022863864899,25.0170879364014,168748.484133599,171084.615639867,125,26619.2727421289,26476.9054596737,FALSE,FALSE,FALSE
"A0190053",114.657354562643,-1.13691528767465,"Maus et al. (2022);Tang & Werner 2023",410.603340680211,"Indonesia",38896.4549824274,31165.5090622671,35953.6919306914,29708.9530095549,25231.9204606366,29541.1545344497,3.6195999622345,4.55235712868827,25.8375,1.67585814224099,9.11767570927458,139258.029428615,149533.266758437,91.25,97639.9363099614,13756.8147853502,FALSE,FALSE,FALSE
"A0190054",114.629969900805,-1.13604547693233,"Maus et al. (2022);Tang & Werner 2023",27.3297592962983,"Indonesia",38772.3459993861,31923.780537843,39279.5260043647,34629.9495755718,30101.0497623937,33892.0998961767,3.62800002098083,4.5636666615804,25.875,1.66920344034831,9.0892006556193,143737.036264138,152629.985317576,79,102542.014859731,16976.3327269061,FALSE,FALSE,FALSE
"A0190055",117.09194553314,-1.04203876620378,"Maus et al. (2022);Tang & Werner 2023",102.871543517716,"Indonesia",1342.77987264752,2545.26752795996,7038.33537364113,8497.77707178729,5339.91147322705,20392.3952295204,3.73200011253357,4.67138462800246,26.625,3.35596069267818,37.5937288829259,159711.718573932,162269.854419889,10,0,0,FALSE,FALSE,FALSE
"A0190060",117.090667871808,-1.02785959184562,"Maus et al. (2022);Tang & Werner 2023",27.4009425358127,"Indonesia",1003.1301167562,1836.70563548015,6305.1451619645,7772.87835364285,5701.62445731768,22265.589294051,3.67049992084503,4.59866666793823,26.625,3.20385295152664,31.7376098632812,160723.474871144,163361.585671818,6,775.377236703011,1391.11156978806,FALSE,FALSE,FALSE
"A0190062",117.063983817032,-1.09625560169131,"Maus et al. (2022);Tang & Werner 2023",256.353338119712,"Indonesia",6073.35778678682,6526.51123069089,12009.7947655739,13392.2225544344,5019.85022852015,12680.8742555949,3.74200010299683,4.69951518376668,26.5,3.572898901999,47.5042545795441,152394.006459523,154868.011993068,13.5,0,0,FALSE,FALSE,FALSE
"A0190063",117.025149456467,-1.0866512507619,"Maus et al. (2022);Tang & Werner 2023",28.7057095366847,"Indonesia",2778.90221312462,3232.95856405595,16031.374766746,17498.8128120278,4295.98588732211,13029.7743352281,3.60000002384186,4.52133337656657,26.53125,3.142720301946,30.4571628570557,150951.965042397,153536.223244825,23.75,0,632.153003799572,FALSE,FALSE,FALSE
"A0190064",117.020543012629,-1.07784095107431,"Maus et al. (2022);Tang & Werner 2023",106.106875598238,"Indonesia",1587.07294892062,2000.37237733341,15307.0088354599,16779.5005963511,3236.24071493164,13468.6709324256,3.56200003623962,4.46276921492356,26.4375,3.11811111523555,30.2645822671744,150829.997495755,153446.004653371,29,0,0,FALSE,FALSE,FALSE
"A0190065",115.118389446884,-1.10658891104535,"Maus et al. (2022);Tang & Werner 2023",184.94854262285,"Indonesia",536.76053677606,821.973250334715,37664.5427910782,21178.7180173751,20148.2155707014,26901.0499111178,3.60266661643982,4.52113041670426,25.5,2.09193753677866,19.1145560223123,104270.218842223,114482.955108378,97.5,57688.6900869394,33864.8408951535,FALSE,FALSE,FALSE
"A0190066",115.136069079493,-1.09565557030716,"Maus et al. (2022);Tang & Werner 2023",280.565577886114,"Indonesia",64.6929187607565,2878.87986494131,37890.3098854941,22246.7070974637,21356.0067224451,27472.863048674,3.59974998235703,4.52162858418056,25.640625,1.96424185924041,15.4241806910588,103657.678903368,113727.257386398,86.25,56924.3168817426,34703.5958092001,FALSE,FALSE,FALSE
"A0190067",114.809510746841,-1.20008770794623,"Maus et al. (2022);Tang & Werner 2023",15.8156348345034,"Indonesia",35611.9232482051,26808.9294153768,37077.0966472721,22958.9539384802,16033.9071120779,27074.4720084708,3.64199995994568,4.58299994468689,26.125,1.63019186258316,9.78778219223022,123255.626877349,135205.404229078,34,81450.1975484614,19587.2669702825,FALSE,FALSE,FALSE
"A0190068",114.80354016231,-1.21463329718709,"Maus et al. (2022);Tang & Werner 2023",86.0246038998624,"Indonesia",36589.8022385806,28090.6130326067,38396.0581386618,24371.8610363941,14473.3854568989,28464.2750606667,3.65100002288818,4.5938333272934,26.125,1.61271487474442,9.36666879653931,122382.896056546,134308.898564888,35.5,81123.4757176937,20625.6458572833,FALSE,FALSE,FALSE
"A0190069",101.710958059484,-1.40619638256767,"Maus et al. (2022);Tang & Werner 2023",103.606777077917,"Indonesia",60849.9811429309,10922.1057515971,20362.7569226729,52531.7733333411,0,42458.7070493351,3.73099994659424,4.66728571483067,25.0625,2.37667684895652,21.358163356781,134330.819127112,136771.151017121,134,31321.6898752419,29853.4236555295,FALSE,FALSE,FALSE
"A0190070",101.699203128907,-1.38076370677013,"Maus et al. (2022);Tang & Werner 2023",237.529937985895,"Indonesia",57987.7753996326,9569.58594118837,17387.798374337,54157.986630799,298.917218107953,43956.1497080845,3.74224996566772,4.68324998021126,25.3125,2.2423535267512,17.9998980204264,130857.852590137,133257.081448458,113.333333333333,31181.5831318409,30700.7317040156,FALSE,FALSE,FALSE
"A0190071",101.73594180617,-1.40701686583071,"Maus et al. (2022);Tang & Werner 2023",697.107710689177,"Indonesia",60042.4716569857,7068.35898814011,19908.0961936322,48442.1413153005,0,38280.980016285,3.72557139396667,4.66003292733496,25.0535714285714,2.41525230142805,21.2651668124729,135726.160695954,138060.189751093,155.285714285714,30475.4080997454,28531.6360840997,FALSE,FALSE,FALSE
"A0190072",114.791873588919,-1.20871062943518,"Maus et al. (2022);Tang & Werner 2023",72.7877026100858,"Indonesia",37484.8934071094,28673.1712028043,38181.4938262454,24765.5956414783,15877.2955593121,28462.0272238361,3.65199995040894,4.58900006612142,26.0625,1.58781337738037,8.87752029630873,123820.288925449,135703.854901375,59.5,82491.503952963,20048.3288809353,FALSE,FALSE,FALSE
"A0190073",114.804419209812,-1.19435499668612,"Maus et al. (2022);Tang & Werner 2023",17.6529813541782,"Indonesia",35872.5088878005,26745.9358102016,36581.1654876677,22731.7444246437,17001.0798507476,26682.031666977,3.64299988746643,4.57933330535889,26.0625,1.5476834376653,8.1145723660787,124062.214684074,136005.413345607,46,82207.699722915,18916.5753739329,FALSE,FALSE,FALSE
"A0190074",115.336839844887,-1.96707205415195,"Maus et al. (2022);Tang & Werner 2023;OpenStreetMap",1462.3658557407,"Indonesia",11458.9583861222,4645.00078378931,21063.8511036278,26320.5457634813,6181.35212747896,16474.9851606946,3.63672222031487,4.56241883532539,25.5034722222222,1.95369950281946,14.2254261167426,31993.0531226983,29088.0144174515,121,24600.8137903627,49396.2221089193,FALSE,FALSE,FALSE
"A0190075",115.175570318714,-1.95550254941502,"Maus et al. (2022);Tang & Werner 2023",337.020410726995,"Indonesia",29239.1451248302,5385.98678640127,30264.4520072295,39593.106681621,10469.226872922,29959.9585103868,3.66219997406006,4.6030454527248,26.0375,1.64351091914707,9.5358459048801,50225.9598941333,44898.5556942742,38.6666666666667,44841.1783000573,34644.8287131097,FALSE,FALSE,FALSE
"A0190076",115.153791456726,-1.99028761729638,"Maus et al. (2022);Tang & Werner 2023",686.44677441651,"Indonesia",29204.79428628,8697.09923426544,30591.6906114285,38198.5249381917,7783.95112091176,29201.4859011495,3.65274998545647,4.58921111424764,26.0078125,1.64784208271239,9.46111201180352,50141.0109362924,44145.8294517917,48.7142857142857,46344.617220877,31507.4401840042,FALSE,FALSE,FALSE
"A0190077",102.753876199442,-2.3146639920586,"Maus et al. (2022);Tang & Werner 2023",67.408437610827,"Indonesia",58373.8561813562,117.675866133373,1222.90505234238,101162.022527853,3381.33635003252,1828.24988017079,3.66300010681152,4.60055552588569,26.1875,2.61135901345147,26.3703212738037,199015.389437768,194209.026099416,61,29645.6025372974,33937.1661405475,TRUE,FALSE,FALSE
"A0190078",102.770735838585,-2.30357338249969,"Maus et al. (2022);Tang & Werner 2023",947.18049834301,"Indonesia",57285.2563326986,0,2591.57187281223,97475.3574597319,3687.37166960778,1883.43709513598,3.65227274461226,4.58252418810321,26.1079545454545,2.68655589071371,27.651986865674,196243.212655734,191410.163654572,71.3333333333333,25840.5031906581,31091.0155188352,TRUE,FALSE,FALSE
"A0190087",115.399891209019,-1.93280286231242,"Maus et al. (2022);Tang & Werner 2023",203.864529400005,"Indonesia",12984.3174030905,13079.8095060689,25067.5103936237,30598.3659948519,1356.49645097823,21526.766853487,3.63066673278809,4.55558345715205,25.75,1.75248016982243,11.1630575245824,33509.4521679273,32131.8009675899,61,21598.6025272808,59188.4606061793,FALSE,FALSE,FALSE
"A0190091",115.208755115172,-0.947690086841972,"Maus et al. (2022);Tang & Werner 2023",7.00395871896972,"Indonesia",14786.0681552773,19977.1875828224,36693.8096023162,31572.3647638084,31618.9318510225,32441.9267516845,3.62049996852875,4.55200004577637,25.8125,1.86765778064728,12.4014911651611,103769.53987072,105553.198109897,57,66774.9924376382,40636.9716322964,FALSE,FALSE,FALSE
"A0190097",115.101794764688,-1.01124570277973,"Maus et al. (2022);Tang & Werner 2023",54.1486200425958,"Indonesia",7825.61798433471,7392.97642384971,30070.1326305221,18145.1741070856,17969.6705047455,21046.7140586727,3.62899994850159,4.55999994277954,25.8125,1.7609806571688,11.3802454812186,112654.359531239,115437.40505,76,66964.4988569219,28971.0327371585,FALSE,FALSE,FALSE
"A0190098",115.022124595156,-1.0205606976151,"Maus et al. (2022);Tang & Werner 2023",70.0989369199278,"Indonesia",11847.1687654399,3332.60560647776,23673.0664261144,9233.6800958737,9103.82016854971,13148.9461781863,3.63299989700317,4.56533336639404,25.8125,1.71078370298658,10.7522404534476,116009.782238622,119555.198639336,61,72348.6704889572,20677.8718878921,FALSE,FALSE,FALSE
"A0190104",115.087705416888,-1.01247423695133,"Maus et al. (2022);Tang & Werner 2023",381.226017284895,"Indonesia",7180.16710274804,5556.52606471712,28110.9964746344,15974.4073428654,15811.3925612295,18901.6847818511,3.63340001106262,4.56179165840149,25.6625,1.77641617564055,11.8622773610629,112308.522984788,115258.847762737,86.75,66859.3473590332,26824.0767396141,FALSE,FALSE,FALSE
"A0190105",115.097411583168,-1.00303088700414,"Maus et al. (2022);Tang & Werner 2023",28.9211907811429,"Indonesia",9083.58780837532,8177.25131782893,29427.9085517542,17932.5537897913,17849.0234607677,20478.3772010856,3.63100004196167,4.56133317947388,25.75,1.80741602182388,12.299239397049,111918.722916587,114755.063211492,79.3333333333333,68360.8926636249,28456.7107457828,FALSE,FALSE,FALSE
"A0190106",117.104351380044,-0.894437398345846,"Maus et al. (2022);Tang & Werner 2023",68.3541106912515,"Indonesia",2890.7651116928,6801.67953104203,10325.1544930587,9642.82953576019,8259.38079259014,35148.7763801966,3.44899988174438,4.32322221332126,26.1875,3.08295312523842,30.0420298576355,169825.869033512,167290.395223991,53,1102.19730570501,0,FALSE,FALSE,FALSE
"A0190108",117.176133381305,-0.842491027351791,"Maus et al. (2022);Tang & Werner 2023",73.4453622700682,"Indonesia",4140.78623451223,2536.48176390127,15784.8810331595,14155.405049966,974.670347204638,28203.0285226514,3.48400002717972,4.37677775488959,26.40625,2.92875266075134,26.9214911990696,163127.589309844,159419.371503756,18,5691.70189235953,1836.2066310733,FALSE,FALSE,FALSE
"A0190109",117.144341914388,-0.843529382035699,"Maus et al. (2022);Tang & Werner 2023",208.933464053323,"Indonesia",3256.12201590664,5259.38901861421,14495.9462302302,13250.7556257448,534.824643074155,28308.9778629389,3.44800001382828,4.32923999786377,26.421875,2.83799590887847,24.5959281921387,163641.213945552,159959.216923802,14,5864.59374619718,0,FALSE,FALSE,FALSE
"A0190110",117.163119448585,-0.838804973354357,"Maus et al. (2022);Tang & Werner 2023",29.7713439987776,"Indonesia",5303.44034368286,4292.80110057858,16188.8430347811,14656.365744515,635.294194132561,28004.6908607365,3.46600008010864,4.35224997997284,26.4375,2.88308296203613,25.9694355010986,163171.419514489,159478.325889701,12,5941.69123073292,806.075983065883,FALSE,FALSE,FALSE
"A0190111",117.145243399166,-0.82976935358093,"Maus et al. (2022);Tang & Werner 2023",14.6363105266457,"Indonesia",3113.88874852832,6354.02803284046,17173.2626264093,15844.0019297676,606.175882079094,27529.142183471,3.43700003623962,4.31799983978271,26.375,2.78182053565979,23.1483821868896,163037.062162551,159371.297346539,11.3333333333333,6631.10768148549,0,FALSE,FALSE,FALSE
"A0190112",117.152998769532,-0.827442090194637,"Maus et al. (2022);Tang & Werner 2023",38.2784463527644,"Indonesia",3683.8504825388,5644.6173839066,17371.9312748484,15947.0648974519,133.310100898957,26977.1216567657,3.44899988174438,4.3289999961853,26.4375,2.79604940414429,23.6563438415527,162368.085267315,158693.139887704,9,5658.62496930725,0,FALSE,FALSE,FALSE
"A0190113",117.168367573875,-0.826933026385358,"Maus et al. (2022);Tang & Werner 2023",78.1466264554278,"Indonesia",4755.88815188537,3726.56778634407,17480.4404959885,15906.1367373885,0,26657.9251422789,3.47099995613098,4.35427275570956,26.4375,2.85629861354828,25.2853746414185,161863.648264144,158174.888104128,7,4638.96204354745,240.255455848304,FALSE,FALSE,FALSE
"A0190114",117.10755628711,-0.786057854598809,"Maus et al. (2022);Tang & Werner 2023;OpenStreetMap",2059.23250247954,"Indonesia",330.91699011057,3285.03162187867,19561.000207941,18587.6803400604,0,19250.198121835,3.41436001777649,4.28944979990282,26.165,2.92034010445289,27.8238114390134,155048.680016419,151421.329049945,31.5217391304348,0,0,FALSE,FALSE,FALSE
"A0190115",115.206253231703,-0.94280772269133,"Maus et al. (2022);Tang & Werner 2023",40.7039287362386,"Indonesia",15072.8492224342,20019.2582414158,35895.6751605801,31275.7037259404,31340.9009215534,31990.7872274386,3.61774998903275,4.55100003878276,25.8125,1.83121791907719,11.8279794965472,103049.008554817,104874.336485034,80,67184.7685642023,40185.4696287971,FALSE,FALSE,FALSE
"A0190118",117.185580279282,-0.729020836035811,"Maus et al. (2022);Tang & Werner 2023",16.113525985353,"Indonesia",1248.27514657274,4419.54092338208,14057.3201343417,27279.5264376946,3936.3182115242,15992.5742058395,3.44300007820129,4.32599997520447,26.25,3.05946087837219,29.931812286377,150990.358121934,147306.599220385,15,3748.36529371716,7987.32534773211,FALSE,FALSE,FALSE
"A0190119",117.077437891573,-0.726434487386947,"Maus et al. (2022);Tang & Werner 2023",20.5941401511379,"Indonesia",8446.15006713956,650.457133557001,19885.2519474314,28313.2799187486,7722.96803226934,19017.8145722739,3.41149997711182,4.28399991989136,25.859375,3.24407458305359,37.2899885177612,154237.063576783,150723.811084374,59.75,6108.6169335265,4700.73004177455,FALSE,FALSE,FALSE
"A0190125",117.254932275898,-0.661058251907684,"Maus et al. (2022);Tang & Werner 2023;OpenStreetMap",3301.06793553878,"Indonesia",37.3149508091272,0,1064.55801405778,24071.5959637206,0,9009.55820250479,3.48931706823954,4.38676941030166,26.2423780487805,2.99994232001293,29.38999197913,135011.881646896,131239.284733451,23.3235294117647,0,13542.6305916341,FALSE,FALSE,FALSE
"A0190126",117.182286153632,-0.70014961633647,"Maus et al. (2022);Tang & Werner 2023",13.1205006851269,"Indonesia",211.297384131231,4371.81177904493,12525.0184800952,30463.127523938,3477.22383939682,12808.5422006893,3.41899996995926,4.29699993133545,26.265625,2.98447942733765,29.5613136291504,148029.479294772,144363.565135982,15.75,5265.36474841458,10492.8644902024,FALSE,FALSE,FALSE
"A0190127",117.070724654788,-0.77258894596235,"Maus et al. (2022);Tang & Werner 2023",25.1180271431797,"Indonesia",6298.92067566692,1573.72649120965,24410.8240987646,23610.8109035718,3974.77422258367,23809.8270698202,3.41199994087219,4.29174995422363,26.0625,3.00623154640198,29.7607828776042,159220.431449922,155697.120756499,43,1027.73265148241,1349.96384284163,FALSE,FALSE,FALSE
"A0190128",117.161621421458,-0.59735380102284,"Maus et al. (2022);Tang & Werner 2023",15.6647892905463,"Indonesia",795.360056011733,1621.07408785946,3503.45464621055,24939.3818947776,4635.88249935216,1860.49317839528,3.46199989318848,4.35400009155273,26.125,2.98024332523346,29.8344383239746,137629.362124264,134045.551642359,9,10054.4294831422,17609.4552594086,FALSE,FALSE,FALSE
"A0190129",117.167787777178,-0.596038911088939,"Maus et al. (2022);Tang & Werner 2023",5.94141528571252,"Indonesia",1516.88966356837,1302.57965101465,2907.72294733071,24636.7937330842,4106.65942846841,1470.42036875429,3.46799993515015,4.36099996566772,26.1875,2.89720416069031,28.2602825164795,137367.153830224,133772.624578242,14.5,9538.77588480571,18395.320843809,FALSE,FALSE,FALSE
"A0190130",117.164499217268,-0.595156917493213,"Maus et al. (2022);Tang & Werner 2023",9.79518577038655,"Indonesia",1254.63364201985,1251.83971166745,3167.671343384,24571.9677622258,4355.76024557674,1474.69554908785,3.46199989318848,4.3585000038147,26.125,2.91934555768967,28.2116599082947,137271.230712403,133685.111184893,11.75,9783.97778630212,18055.0205613004,FALSE,FALSE,FALSE
"A0190131",117.129015232362,-0.569412140154778,"Maus et al. (2022);Tang & Werner 2023",270.283783985867,"Indonesia",0,0,2650.26450150359,22936.8625545457,543.303263892571,371.111672593924,3.45550000667572,4.34376471182879,25.75,3.11930151546703,34.5646746018354,134897.483914359,131394.215767411,47.6666666666667,13913.6938058466,14170.8474183502,TRUE,FALSE,FALSE
"A0190133",115.950075683778,-0.576338954119001,"Maus et al. (2022);Tang & Werner 2023",61.5151573736108,"Indonesia",38741.0605793422,41530.4129247849,41975.4445628261,45343.4519335538,19817.960631055,112905.438298158,3.65625,4.59642853055681,25.90625,2.55340468883514,26.0849024454753,90797.0864948258,82446.9740478592,60.75,32863.228199671,29211.0819782132,FALSE,FALSE,FALSE
"A0190134",115.922710819555,-0.572734125539668,"Maus et al. (2022);Tang & Werner 2023",89.8994877137077,"Indonesia",36420.6020408198,39117.6722742235,40078.685978136,43320.3486135311,16424.7267390026,115423.015005408,3.6470000743866,4.58809089660645,26,2.28755242824554,19.5791223526001,87667.546168693,79539.9329993271,49,34149.822089653,26546.2401938725,FALSE,FALSE,FALSE
"A0190135",117.080444780763,-0.595336567568812,"Maus et al. (2022);Tang & Werner 2023",14.3483038522268,"Indonesia",5714.7609622492,2057.35733284519,5697.61758136565,29167.1212887297,1403.85392027449,5546.89525254378,3.44899988174438,4.33800005912781,25.8125,3.28661847114563,40.9550997416178,140214.44537115,136777.936187017,25.5,12893.9855699867,9260.14455603448,FALSE,FALSE,FALSE
"A0190136",115.935227555112,-0.599684585180494,"Maus et al. (2022);Tang & Werner 2023",257.217903587363,"Indonesia",38781.9152912907,41509.9488977481,42257.0450622083,45556.3670699887,19043.4557067632,114491.094316204,3.64499998092651,4.58540537550643,25.9583333333333,2.26466175605511,18.3462499421218,90262.1071682886,82087.0760229355,56,30360.7393721801,29026.278849715,FALSE,FALSE,FALSE
"A0190137",116.559834674299,-0.584407596892936,"Maus et al. (2022);Tang & Werner 2023",33.1375451863198,"Indonesia",50404.1261695251,29071.1890394686,34782.6990037763,36591.2257757416,24246.9443531653,46991.3161329703,3.46599996089935,4.34180002212524,24.875,2.99196950594584,34.3000596364339,148694.209995748,138296.49821619,228,1083.19532390217,40507.6776044727,FALSE,FALSE,FALSE
"A0190139",117.278852663555,-0.474503983528616,"Maus et al. (2022);Tang & Werner 2023",37.9056644791826,"Indonesia",11220.2275335113,3576.63477587328,8464.28700499677,10381.2680024697,4307.93886329227,8884.72437997102,3.45799994468689,4.35080013275146,26.1875,2.84557857513428,25.8380432128906,120952.943543078,117216.194339771,17.25,5393.48474341912,34952.7154625272,FALSE,FALSE,FALSE
"A0190141",115.947199832675,-0.562800104370989,"Maus et al. (2022);Tang & Werner 2023",78.1456058899998,"Indonesia",37295.88198483,40079.5934755604,40419.1993839472,43814.0399768902,18601.3152906745,112976.807315594,3.66100001335144,4.60572723908858,26,2.49021687507629,24.3486892700195,89468.5356578043,81078.5037222015,56,34258.0492474352,27814.3712355817,FALSE,FALSE,FALSE
"A0190143",116.814679815898,-0.539877870493171,"Maus et al. (2022);Tang & Werner 2023",668.920040079354,"Indonesia",20346.4142775494,7552.29791351326,17782.5081185489,36750.5165703508,7916.06314395947,17757.7975417032,3.514250010252,4.41996594450691,25.75,2.51890390141066,23.816824868668,145605.145792217,142763.79189869,46.4285714285714,14089.3440265931,22539.8072959557,FALSE,FALSE,FALSE
"A0190144",115.941234912274,-0.545283978663711,"Maus et al. (2022);Tang & Werner 2023",149.005753899324,"Indonesia",35108.3403691566,37882.785936886,38199.144885946,41598.4514101317,17029.9207931249,113172.794351301,3.66200006008148,4.60727779070536,26.09375,2.39367977380753,21.7751118659973,87615.4252730317,79111.3575802656,42.5,35964.1272621313,25760.5658498299,FALSE,FALSE,FALSE
"A0190145",115.972909422365,-0.539495987959235,"Maus et al. (2022);Tang & Werner 2023",91.5817633988972,"Indonesia",36655.2041621936,39255.91389917,39370.4954086025,42857.0230701503,17058.8419261444,109443.185927758,3.66400003433228,4.61000008583069,26,2.56341564655304,26.6893226305644,89763.781501231,81037.113544666,50,35648.6477803027,27653.5321255331,FALSE,FALSE,FALSE
"A0190146",115.981240557811,-0.530028680697454,"Maus et al. (2022);Tang & Werner 2023",38.5027437346294,"Indonesia",36720.7893421418,39123.5941661595,39176.6763635007,42711.4297055382,16382.7589141498,109053.220665899,3.66299998760223,4.60799992084503,25.96875,2.58024607385908,27.5766002110073,90217.9357001382,81331.2535641979,56.1666666666667,36226.5151156806,28019.0649548249,FALSE,FALSE,FALSE
"A0190147",115.972394711436,-0.529870847533911,"Maus et al. (2022);Tang & Werner 2023",39.8368900246915,"Indonesia",36341.0110340387,38862.2048019296,38952.7033965683,42458.9475529417,17025.1722680847,109735.497100434,3.65799999237061,4.6046667098999,26,2.55439629554749,26.5311519622803,89635.1946051265,80831.8870596929,58,36858.3459418534,27471.1340081881,FALSE,FALSE,FALSE
"A0190148",117.052282914276,-0.557041423782059,"Maus et al. (2022);Tang & Werner 2023",2167.02632622623,"Indonesia",3011.24196984696,3284.58420769219,3238.20411401933,24157.4692148422,0,10.6943860545893,3.47276922372671,4.36980357340404,25.9567307692308,2.95046482669364,32.9294880791534,132690.595255765,129345.066079344,25.0869565217391,9940.90284687505,7232.27998010094,TRUE,FALSE,FALSE
"A0190149",100.754674176205,-0.625128726884885,"Maus et al. (2022);Tang & Werner 2023",217.600626642646,"Indonesia",8670.99086938741,33.1430564350769,725.343836885991,51427.5346439185,0,19061.5174105938,3.79399991035461,4.74265514571091,24.15625,1.84824594429561,19.9390151671001,7739.55283363723,0,277.5,30399.8835775882,22397.4151572036,TRUE,FALSE,TRUE
"A0190150",115.960994299658,-0.519627920064511,"Maus et al. (2022);Tang & Werner 2023",136.055920531651,"Indonesia",34112.6682702866,36600.5040466443,36686.3331201945,40196.0492716566,17734.4042641284,110609.891142444,3.65599989891052,4.59288240881527,25.8125,2.59303332567215,28.3437079429626,87539.986171942,78670.7376984444,71,38131.986048195,25344.3827641021,FALSE,FALSE,FALSE
"A0190151",100.747532177641,-0.615970165750239,"Maus et al. (2022);Tang & Werner 2023",25.630807533627,"Indonesia",9244.69979477417,303.4977619359,407.458932320712,51786.9761319311,532.650990324865,20083.4777990517,3.79399998982747,4.74950003623962,24.2291666666667,1.97760105133057,25.7580884297689,9000.71684702819,871.544844185871,252,31694.5624386652,22687.7545723839,FALSE,FALSE,FALSE
"A0190152",100.785927894758,-0.6142066008664,"Maus et al. (2022);Tang & Werner 2023",458.512119279435,"Indonesia",3459.12549426796,15.3479515129855,189.240983624025,53739.0293956549,283.02457390955,21345.2312380876,3.79199997584025,4.73708618920425,24.0416666666667,2.04266070915481,25.4074133695182,9866.10589256041,637.293955782567,325,28718.910281224,24693.2193929372,TRUE,FALSE,FALSE
"A0190153",117.072718214267,-0.499447817485151,"Maus et al. (2022);Tang & Werner 2023",120.04080618996,"Indonesia",676.200427173761,3344.24178381353,3649.21838903445,21841.0726768407,3925.53504110127,523.572385358954,3.45099997520447,4.34059995015462,26,2.85865848204669,29.1516627143411,130212.677103401,126860.972124634,21,19487.5431931726,16995.1184739908,TRUE,FALSE,FALSE
"A0190154",116.828386317705,-0.484058611987761,"Maus et al. (2022);Tang & Werner 2023",15.7083467891762,"Indonesia",19034.2630839457,3604.03937034865,16604.8400299718,35742.7516228322,4683.1464265734,15509.3012945215,3.52250003814697,4.43300008773804,25.78125,2.8221400976181,32.5395011901855,141671.688087898,138851.292831886,57,20588.3777482147,26599.5592923404,FALSE,FALSE,FALSE
"A0190155",100.806047153674,-0.603379244921207,"Maus et al. (2022);Tang & Werner 2023",117.065092010598,"Indonesia",3377.32323543015,2579.16509201727,3930.91901780806,58044.6914611665,4773.80515159699,24799.9610836189,3.80999994277954,4.75157141685486,23.5625,2.52464769780636,40.2110166549683,13113.2928389549,5068.37562902419,372.428571428571,27615.3468478318,26861.5296315964,TRUE,FALSE,FALSE
"A0190156",116.804404133862,-0.497066601657816,"Maus et al. (2022);Tang & Werner 2023",179.965737410991,"Indonesia",21172.7374232594,4587.2584734679,18731.7502860292,34579.88212911,6830.84809952205,17655.753525677,3.5220000743866,4.42882616623588,25.625,2.72189554714021,29.1842125483922,143403.638605832,140620.347125179,72,20105.1656595644,27562.6210479834,FALSE,FALSE,FALSE
"A0190157",117.075095380565,-0.483911844297713,"Maus et al. (2022);Tang & Werner 2023",222.24062479554,"Indonesia",472.32966379038,3018.52228834412,3712.09112698298,20061.3003249743,4084.11957993,562.653627455923,3.44599994023641,4.33692860603333,26.0208333333333,2.81733680566152,27.709575843811,128102.393863753,124752.698086121,20,20435.8818452122,17995.064199678,TRUE,FALSE,FALSE
"A0190158",115.954414223249,-0.491220587622693,"Maus et al. (2022);Tang & Werner 2023",159.759278102078,"Indonesia",30797.8956327721,33222.6094814476,33299.0200393234,36815.6336828898,16528.6516952915,111101.183929878,3.65349996089935,4.59766667229789,26.15625,2.4355251789093,23.7761653097052,84436.0634182392,75460.6786145548,31.5,40962.2744973486,22229.2900114376,FALSE,FALSE,FALSE
"A0190159",116.821352010014,-0.484153786468422,"Maus et al. (2022);Tang & Werner 2023",130.667978578279,"Indonesia",19420.8548738433,2955.35678151807,17045.4991778068,34604.9393418016,4988.87329934278,15716.8319115906,3.5239999294281,4.43237507343292,25.75,2.75361728668213,30.2743151047651,141277.110538004,138473.85982221,65.5,20117.1527050682,26435.8405552044,FALSE,FALSE,FALSE
"A0190160",100.802030527032,-0.588084587561026,"Maus et al. (2022);Tang & Werner 2023",146.390096850059,"Indonesia",1924.70739089813,2586.41510527208,3913.15364889944,57900.5539411975,4444.79160303184,25223.0878083095,3.83442858287266,4.76299998760223,22.7232142857143,2.86632286874872,56.1620270578485,13563.1725119988,4792.63479300893,505,25990.1048237538,25211.5286257151,TRUE,FALSE,FALSE
"A0190161",116.827303425774,-0.470381611531947,"Maus et al. (2022);Tang & Werner 2023",12.8841040281807,"Indonesia",18742.4549150571,2076.70628738241,16488.2241573662,34755.3105450464,4396.67270557276,15005.0555201815,3.52300000190735,4.43050003051758,25.7291666666667,2.78915619850159,31.855110168457,140312.481255859,137507.964588979,65,22048.7591485081,27797.3104442147,FALSE,FALSE,FALSE
"A0190162",117.068299859708,-0.45962189808466,"Maus et al. (2022);Tang & Werner 2023",30.9884785836936,"Indonesia",2557.03558185559,3351.93057659729,6510.62582503506,20481.4176561979,4140.75116356371,3789.63764608411,3.4697499871254,4.3659999370575,25.875,2.87920051813126,29.4668898582458,126664.580964181,123357.456508942,31.6666666666667,23388.3730878895,21182.6103789735,FALSE,FALSE,FALSE
"A0190163",116.552871046215,-0.65082577302835,"Maus et al. (2022);Tang & Werner 2023",29.2979501340614,"Indonesia",52920.1773861778,35005.3151712865,42056.0618408699,43866.8776956827,31332.7554664866,51144.4962441044,3.43300000826518,4.31599998474121,25.5,3.04422008991241,37.259877204895,148262.303023851,141191.1637857,138,892.865056237004,36945.4176145649,FALSE,FALSE,FALSE
"A0190164",116.5544465936,-0.646718229156896,"Maus et al. (2022);Tang & Werner 2023",29.1339341464567,"Indonesia",53192.1201715131,34599.9044065255,41663.0393853356,43472.873016631,31023.3742540242,50573.4575967386,3.43099999427795,4.31500005722046,25.5,2.68513544400533,24.6053225199382,148816.854381804,140812.189301493,160,550.830996996326,36708.4115131645,FALSE,FALSE,FALSE
"A0190165",117.235523543797,-0.64069237833166,"Maus et al. (2022);Tang & Werner 2023",17.6108969497465,"Indonesia",1281.799742993,2962.24904621561,4960.58148189497,28107.4255823585,262.864893457288,8592.96575544642,3.46099996566772,4.35200007756551,26.3125,3.01615762710571,30.5273056030273,140154.971272911,136429.162912784,8.5,870.708539694562,19213.3273873729,FALSE,FALSE,FALSE
"A0190166",117.231155061127,-0.638085418123585,"Maus et al. (2022);Tang & Werner 2023",10.9998634786978,"Indonesia",1355.80412347517,2504.10815632963,5470.11125967468,27924.2251215096,19.5555537131938,8103.32228256556,3.45099997520447,4.34499979019165,26.3125,2.9623612165451,28.9962120056152,140046.806510583,136327.230623186,5,1416.20658264479,19231.8291818707,FALSE,FALSE,FALSE
"A0190167",117.221399592564,-0.659907724455436,"Maus et al. (2022);Tang & Werner 2023",7.68522379308258,"Indonesia",322.737730551712,1029.43764755349,6823.56739010136,30347.1708467379,61.136098423266,9415.26319754893,3.44350004196167,4.33300018310547,26.3125,3.01551055908203,30.1526374816895,142640.458209553,138931.377512236,4,1582.18257704546,16701.0120166311,FALSE,FALSE,FALSE
"A0190168",117.215229331597,-0.65883006719566,"Maus et al. (2022);Tang & Werner 2023",9.26763749504277,"Indonesia",922.187027991348,335.534878075988,7397.54059887705,30373.4315658191,781.310451832922,9111.65946108299,3.440249979496,4.32449984550476,26.3125,2.99525618553162,29.7356910705566,142733.038059947,139030.101303186,4,2376.02377508842,16335.3939192742,FALSE,FALSE,FALSE
"A0190169",117.152335237263,-0.655485574320634,"Maus et al. (2022);Tang & Werner 2023",9.33297816408058,"Indonesia",2791.55455607682,5624.13808590072,8926.11628535064,31451.1961029779,5639.08520698625,8307.58862845737,3.44700002670288,4.33099985122681,25.9375,2.9731388092041,28.7434864044189,144201.005171002,140600.301306921,39,9093.5810250794,14264.6198551922,FALSE,FALSE,FALSE
"A0190170",116.541414543974,-0.651295800820818,"Maus et al. (2022);Tang & Werner 2023",139.642161884313,"Indonesia",52720.0359214268,35535.9485487539,41971.8155339156,43778.9632483306,31495.2027455746,51904.41107568,3.43149995803833,4.31217645196354,25.5625,2.83050589000478,30.7351895500632,147343.404725996,139523.660061145,107,0,37575.3516321205,FALSE,FALSE,FALSE
"A0190171",116.557583663263,-0.655506328842952,"Maus et al. (2022);Tang & Werner 2023",12.928050317408,"Indonesia",52461.3305347131,35160.4131121006,42635.4985151595,44447.5708054571,31794.7312179023,51039.2246288403,3.44350004196167,4.32000017166138,25.3125,2.77243137359619,26.642505645752,148182.813754671,142089.93426144,160.5,1302.4314014005,36391.323429937,FALSE,FALSE,FALSE
"A0190172",116.567085617682,-0.653591365726008,"Maus et al. (2022);Tang & Werner 2023",42.0162413417487,"Indonesia",52349.0089385772,33870.7204526914,42223.2088399375,44038.309180612,31060.395783681,49524.5158003696,3.4559999704361,4.33559999465942,25.09375,2.91221170425415,30.5076637268066,148664.748529919,142674.742058243,199,699.807389657973,35395.1496319457,FALSE,FALSE,FALSE
"A0190173",117.236511887009,-0.629574296661091,"Maus et al. (2022);Tang & Werner 2023",124.20135426926,"Indonesia",1662.37468364978,1416.99910068186,4447.27242731766,26394.0282179264,0,7347.36942574702,3.4559999704361,4.35166664123535,26.3125,2.97079040110111,29.137620806694,138310.134185585,134579.231473142,5,434.053412526056,19506.1597792934,TRUE,FALSE,FALSE
"A0190176",117.126194315324,-0.624197147298621,"Maus et al. (2022);Tang & Werner 2023",29.5533982387469,"Indonesia",3343.85387840333,1662.59147506501,8262.46686523707,29197.9633142332,6417.88065781131,6585.44557548964,3.43824994564056,4.32974994182587,26.0625,3.06999009847641,32.4162788391113,141606.109963252,138068.021222578,26.5,12762.1366640713,12849.7122919231,FALSE,FALSE,FALSE
"A0190177",117.102158979199,-0.618555147869807,"Maus et al. (2022);Tang & Werner 2023",53.8882416741304,"Indonesia",4683.15953381037,0,7491.04150866566,29624.6613103955,4305.94099781653,6585.94754456701,3.44099998474121,4.32700002193451,25.875,3.07965763409932,32.5204315185547,141668.989606283,138167.940117493,50,13724.3077007413,10162.9998069526,TRUE,FALSE,FALSE
"A0190178",117.157706344912,-0.608571839784497,"Maus et al. (2022);Tang & Werner 2023",36.2520420087966,"Indonesia",0,2641.57037720863,4251.34430810934,25962.2018499164,4925.80701299015,2833.11255816619,3.45949995517731,4.3507999420166,26.140625,3.03880052566528,31.4955600738525,138659.222106347,135074.225153503,10.6666666666667,10117.9569658667,16766.0759562726,FALSE,FALSE,FALSE
"A0190180",117.074918710944,-0.611724443080243,"Maus et al. (2022);Tang & Werner 2023",46.1692413971093,"Indonesia",6701.2095155152,2814.08716556343,7319.1541431017,30682.9951625307,2043.05354768362,7197.53329785918,3.44849991798401,4.3370000521342,25.875,3.09662594114031,34.5329813276018,141903.144556535,138460.374913736,45,11348.6408871726,7729.89996716085,TRUE,FALSE,FALSE
"A0190181",115.982396560829,-0.618483931433593,"Maus et al. (2022);Tang & Werner 2023",227.372221080113,"Indonesia",44077.3751474341,46834.466091253,47426.5951343917,50769.7763688588,18844.5957450121,108248.253292865,3.64174997806549,4.5765517826738,25.890625,2.29468773944037,18.4999935626984,95569.9618822959,87439.5663779018,40.5,27016.8176275656,34383.0509930938,FALSE,FALSE,FALSE
"A0190182",117.081488176285,-0.60094004969482,"Maus et al. (2022);Tang & Werner 2023",21.7420698867313,"Indonesia",5628.34855695173,1950.66519001928,5877.10348199991,29274.591485074,1807.16615868306,5752.2176841385,3.44666655858358,4.32533343633016,25.8541666666667,3.14413086573283,36.0517965952555,140458.882745099,137015.27927297,25.5,12748.353986924,9113.28252713866,FALSE,FALSE,FALSE
"A0190184",115.113211356634,-1.03512008999359,"Maus et al. (2022);Tang & Werner 2023",140.575356712253,"Indonesia",4996.57473352523,5424.07775964426,31848.7363834419,18453.6785132664,18046.1947137403,22205.8702653629,3.62199997901917,4.54840004444122,25.625,1.90208451888141,14.677825086257,110604.03520899,117476.292127056,85,63688.8158189013,29934.2540379663,FALSE,FALSE,FALSE
"A0190186",116.993614178957,-1.00485069601188,"Maus et al. (2022);Tang & Werner 2023",32.6083395051039,"Indonesia",107.895124177394,2580.8057594046,15141.9049749767,16422.7022149453,6676.23515824582,21217.9458746974,3.44550001621246,4.3309999704361,26.5,2.80313367843628,24.0300796508789,153018.318015184,155932.680881719,15.75,0,429.332398234318,FALSE,FALSE,FALSE
"A0190187",117.004215394978,-1.00301743561234,"Maus et al. (2022);Tang & Werner 2023",26.111455852696,"Indonesia",152.808071660228,1867.79143722224,13940.6843093889,15221.3300664078,6022.66024202493,21673.7602315428,3.44899988174438,4.33233324686686,26.5,2.7675114274025,22.8486299514771,154027.543464263,156929.437814763,16.6666666666667,0,720.295698709765,FALSE,FALSE,FALSE
"A0190188",115.122975844646,-1.02902818286993,"Maus et al. (2022);Tang & Werner 2023",110.296613341081,"Indonesia",5800.34924592738,6612.02189232501,32768.9526043799,20170.209995496,19818.3899092438,23574.3967175622,3.62400007247925,4.55040003458659,25.6875,1.83854397932688,13.1200555165609,110625.365783962,116402.486672184,79,63689.0205781688,31420.3003657485,FALSE,FALSE,FALSE
"A0190192",103.847262640238,-3.82533544324933,"Maus et al. (2022);Tang & Werner 2023",14.1344328980278,"Indonesia",31316.0215515196,4358.68936516769,11591.0556040721,55141.4861211613,5555.85781967223,6741.31936802837,3.88899993896484,4.86633332570394,25.84375,3.10041642189026,38.6142883300781,8025.59356541623,12371.715071833,125.5,44680.5162191436,16950.3264374633,FALSE,FALSE,FALSE
"A0190193",115.69446111112,-3.30535497284254,"Maus et al. (2022);Tang & Werner 2023;OpenStreetMap",76.0164852499248,"Indonesia",7605.95414580757,28989.4428376341,37224.1018272482,33960.2589501496,11794.2228145161,31427.6332709344,3.6029999256134,4.51737499237061,25.375,2.29404867779125,18.211293480613,62369.8493128806,63095.8487345591,62,122273.896109194,33978.3323286055,FALSE,FALSE,FALSE
"A0190195",103.693640321385,-3.83657074293304,"Maus et al. (2022);Tang & Werner 2023",104.473347718445,"Indonesia",14535.2264573872,8900.59232922728,15408.9467790284,38748.1508135282,6963.66384998797,10720.6519587416,3.89600002765656,4.85666666030884,24.9375,2.81644741694132,34.4949698448181,10873.3716296432,13396.7126975377,332.5,26975.5467211293,3421.5559839912,FALSE,FALSE,FALSE
"A0190197",103.739793751834,-3.82805578029064,"Maus et al. (2022);Tang & Werner 2023",107.940051225079,"Indonesia",19009.1318282995,6145.32477695178,11832.2864784449,43628.5862942024,5833.52878616543,6767.54119137518,3.88499999046326,4.86646668116252,25.8125,2.62294427553813,24.2978831926982,6489.30316723119,10262.1760076999,135.5,32123.6983941916,7549.74511810162,FALSE,FALSE,FALSE
"A0190198",103.786333310806,-3.8119812148495,"Maus et al. (2022);Tang & Werner 2023",233.939452544367,"Indonesia",23489.371185985,1314.39568817473,7730.03664392712,48733.6303743436,611.519452246431,2067.00104066541,3.87650001049042,4.85957142284938,26.0625,2.91758772098657,35.1656802206328,1995.18978753863,7174.34562802254,81.5,37357.9351366433,11126.5446276246,TRUE,FALSE,FALSE
"A0190201",117.213435738864,-0.347684344350187,"Maus et al. (2022);Tang & Werner 2023",9.04135087886305,"Indonesia",11087.1497181695,2121.20894877449,8147.08667889774,4569.02022098739,6371.25230655388,9069.99798373303,3.47099995613098,4.36300015449524,25.875,3.16193246841431,36.316535949707,109503.546561802,105972.511949033,40,12584.580948219,39926.3598516041,FALSE,FALSE,FALSE
"A0190202",116.966962992452,-0.345641691887008,"Maus et al. (2022);Tang & Werner 2023",7.35392644897233,"Indonesia",8069.77896583859,3653.44397699536,12109.0857324854,30301.2631434179,1278.48376276511,4571.193727555,3.51699995994568,4.42600011825562,25.875,2.77123141288757,30.2590312957764,120554.751701645,117613.956328899,30,31714.160775435,33386.509782354,FALSE,FALSE,FALSE
"A0190203",116.966646193122,-0.34252365395709,"Maus et al. (2022);Tang & Werner 2023",3.0604005273637,"Indonesia",8425.8666037289,3978.30144862069,12516.0497161319,30463.5745706648,988.35554667508,4893.86861262622,3.51933328310649,4.4313333829244,25.875,2.7857121626536,30.7726955413818,120390.861496195,117458.275191162,30,31480.5539078026,33788.0534561337,FALSE,FALSE,FALSE
"A0190204",117.021963522174,-0.36077108749741,"Maus et al. (2022);Tang & Werner 2023",25.167325650548,"Indonesia",6765.89370172525,1525.99001912058,11391.8274942691,23833.8116350585,341.356805004556,4036.92488480051,3.53000005086263,4.44633324940999,26,2.99039729436239,36.0605309804281,118961.196790451,115873.881477548,13,32563.9646313505,31303.7336635081,FALSE,FALSE,FALSE
"A0190205",117.273303190098,-0.368472426741744,"Maus et al. (2022);Tang & Werner 2023",72.161306607752,"Indonesia",14584.0941697832,1527.27185832896,5734.3301186383,428.214702996277,4561.51635190898,12061.5942614486,3.46600008010864,4.36087501049042,26,3.04846074581146,31.4664670944214,109565.11919125,105895.926707431,41,5812.93793878694,42052.2077348146,FALSE,FALSE,FALSE
"A0190206",117.209606926336,-0.361057608164065,"Maus et al. (2022);Tang & Werner 2023",38.9042103032332,"Indonesia",10103.7189818435,2561.02684010198,6334.84601460977,3647.05213862862,4301.72982270583,7134.49193226664,3.46760001182556,4.36640005111694,25.9875,2.92823040485382,29.5171175003052,110382.600782208,106853.519450458,38,12923.7282033861,38005.096752593,FALSE,FALSE,FALSE
"A0190207",117.285267423654,-0.355312143261347,"Maus et al. (2022);Tang & Werner 2023",31.4239313980645,"Indonesia",16568.0115442327,636.67548748118,3822.29987762107,2444.66438422651,2548.55322016365,14016.0352598441,3.46249997615814,4.35520000457764,25.96875,3.17744817733765,34.6221153259277,107683.539167572,103999.404964127,43,4635.37200982201,44014.469460293,FALSE,FALSE,FALSE
"A0190208",117.207516280767,-0.353377097690547,"Maus et al. (2022);Tang & Werner 2023",25.5938930891148,"Indonesia",10146.3487821312,1998.31025728361,7026.2343834661,4426.16214138864,5457.92868457003,7989.21187292787,3.46866671244303,4.36849999427795,25.8958333333333,3.05901455879211,33.8553471565247,110061.140153998,106542.723418306,46,13088.5881839753,38820.8888342208,FALSE,FALSE,FALSE
"A0190209",117.216647973013,-0.351255294488558,"Maus et al. (2022);Tang & Werner 2023",26.6326191779427,"Indonesia",11136.8081551305,2094.98911915832,7855.98991267226,3931.56718390102,5940.4500881938,8739.41640660833,3.46900002161662,4.36566670735677,25.9583333333333,2.91747200489044,29.6708202362061,109353.6593687,105813.194996246,37,12056.0257868774,39607.9360974154,FALSE,FALSE,FALSE
"A0190210",117.019475866537,-0.404594237567832,"Maus et al. (2022);Tang & Werner 2023",87.550628020577,"Indonesia",2420.84199509658,2127.80310487532,6475.57159279862,23641.9785476896,1346.88308054869,2109.9195830919,3.50950002670288,4.41219992637634,25.65625,2.93971438841386,33.4337695728649,123076.402612906,119933.087432913,66.3333333333333,27458.4458338075,26312.6261786947,TRUE,FALSE,FALSE
"A0190211",117.268463505394,-0.413843848502416,"Maus et al. (2022);Tang & Werner 2023",9.13318431668092,"Indonesia",11527.8315312212,1066.67778808384,10986.6346481834,3908.78958730939,6459.78953563692,8817.57444159423,3.46499991416931,4.35300016403198,25.6875,2.96837520599365,29.1711483001709,114850.370175388,111165.699031218,72.25,7400.43091935818,38484.0695499463,FALSE,FALSE,FALSE
"A0190212",117.259789195692,-0.415290667046592,"Maus et al. (2022);Tang & Werner 2023",13.0175384918895,"Indonesia",10462.2508184853,271.496995153086,10103.8759167977,3716.22632827988,5792.5163093987,7758.91314162538,3.46466668446859,4.35500001907349,25.6875,3.09251117706299,31.9446182250977,115160.985912667,111490.875955127,73.5,8301.15856361143,37528.7848233245,FALSE,FALSE,FALSE
"A0190213",117.250153329779,-0.412408667257962,"Maus et al. (2022);Tang & Werner 2023",77.1252068910667,"Indonesia",9508.87650448375,110.380174229407,8829.10010248714,2465.39317832853,5318.57497552123,6832.57951338126,3.46574997901917,4.35654544830322,25.796875,3.06113288402557,31.9562355041504,114693.594609825,111045.551155842,67.5,9036.98958907324,36690.3744647805,TRUE,FALSE,FALSE
"A0190214",116.541760814199,-0.413077481354514,"Maus et al. (2022);Tang & Werner 2023",237.330725500074,"Indonesia",33835.15189722,15382.468882664,15291.034953744,17026.1105151721,11674.7049933314,45694.1654906874,3.52700001001358,4.43989651778649,26.109375,2.6275618614689,28.467632601338,139436.875054241,128578.523147575,40,16992.9832374407,31691.6281862176,FALSE,FALSE,FALSE
"A0190215",116.846441457016,-0.409993889365111,"Maus et al. (2022);Tang & Werner 2023",46.5202389386959,"Indonesia",15350.2830397263,3718.95046532685,14859.6641150947,31955.3279595668,4874.50619981419,11977.5099505643,3.52174997329712,4.433833360672,25.90625,2.68728963534037,28.2288770675659,133491.574927766,130724.931785423,40,27475.0437955621,31386.1289192533,FALSE,FALSE,FALSE
"A0190216",117.249889437069,-0.40092856041036,"Maus et al. (2022);Tang & Werner 2023",80.6420632412334,"Indonesia",10123.7780098137,593.778054926114,8540.63291315729,1530.48914752799,5258.86427819548,7517.54641705886,3.46300005912781,4.36029996871948,26.0625,2.9491322517395,28.7461505889893,113591.355499993,109944.530038561,37,8520.27176598108,37509.1019389206,TRUE,FALSE,FALSE
"A0190218",117.031074844275,-0.38150283031851,"Maus et al. (2022);Tang & Werner 2023",56.6041896023171,"Indonesia",4314.71599280319,0,9302.52470842273,22524.3738573897,351.764734239986,4090.41421015423,3.51699995994568,4.42128569739206,25.75,3.00537791848183,35.1995213031769,120326.837533693,117189.509683626,47,29754.3872095461,28357.8293734686,TRUE,FALSE,FALSE
"A0190219",117.004482092159,-0.394284997834559,"Maus et al. (2022);Tang & Werner 2023",33.7672751433439,"Indonesia",2487.92863933781,2048.85279594556,7076.50213954098,25593.9427777869,587.192357055474,1131.04718050915,3.51300001144409,4.42400002479553,25.9375,2.94840493202209,35.8720199584961,123215.401610771,120127.292202873,27,28422.5030602325,27497.4921622502,FALSE,FALSE,FALSE
"A0190220",117.114402476752,-0.407158715884437,"Maus et al. (2022);Tang & Werner 2023",294.403205442751,"Indonesia",125.778523830625,0,4494.97205748075,12366.5795286255,2392.45983676333,3171.6687154938,3.44600009918213,4.3347894517999,25.78125,3.00630679883455,32.0182243146394,117177.492423052,113810.393337489,57,22659.8856710289,27107.7643155967,TRUE,FALSE,FALSE
"A0190221",117.029079984366,-0.400521768181749,"Maus et al. (2022);Tang & Werner 2023",102.14928102203,"Indonesia",2512.89006336568,940.945324621926,7768.20644871528,22877.7580024866,1914.58194980995,3759.23137949019,3.5110000371933,4.41271431105478,25.625,2.98944667975108,34.4625492095947,121892.728406571,118754.865877311,81,27672.1191523195,26188.8982438935,TRUE,FALSE,FALSE
"A0190222",117.043421214603,-0.396860753251143,"Maus et al. (2022);Tang & Werner 2023",14.3567472820307,"Indonesia",2703.47752211406,1281.36965122005,9496.66815981237,21598.3785568912,1669.44216729467,5697.79115423876,3.5090000629425,4.4154999256134,25.8125,3.05120038986206,35.9388751983643,121530.385125116,118348.116396002,50.75,29116.9246356324,27528.8399654518,FALSE,FALSE,FALSE
"A0190223",117.269804622717,-0.390457756336111,"Maus et al. (2022);Tang & Werner 2023",103.037663513466,"Indonesia",12386.0820832711,432.315522276822,8143.10667837025,1028.42119071419,6840.3232763895,9786.77498142203,3.46900010108948,4.36309081857855,26,3.01965148108346,30.4448229925973,112006.218235309,108320.840410176,51.5,5893.38206247326,39776.9992313383,TRUE,FALSE,FALSE
"A0190224",117.036160855429,-0.390717892311507,"Maus et al. (2022);Tang & Werner 2023",31.3600481108978,"Indonesia",3521.69524408416,337.689763779043,9207.05529049125,22326.2185469208,1052.52140892561,4892.95422143075,3.51200008392334,4.41799986362457,25.75,2.82701522111893,28.9240665435791,120999.640460121,117847.057060826,52.3333333333333,29321.5080229995,27849.1351796936,FALSE,FALSE,FALSE
"A0190225",117.012068812055,-0.37910633891167,"Maus et al. (2022);Tang & Werner 2023",158.778685976876,"Indonesia",3968.50112233073,0,8420.2089935499,24374.8897526219,873.80094318144,1904.15368371937,3.51099991798401,4.42357142766317,25.9375,2.85083475112915,31.4113557815552,120867.062498323,117797.925819416,39,29537.1854255212,28370.188970173,TRUE,FALSE,FALSE
"A0190226",117.252187632371,-0.376178743894506,"Maus et al. (2022);Tang & Werner 2023",304.773193151048,"Indonesia",11304.5970944036,2324.23694428103,6633.97066069743,0,5351.20499205646,8701.38315886875,3.46933341026306,4.3679000377655,26.1041666666667,2.93482637405396,28.9363238016764,110108.27454046,106474.162178174,19,7578.47490145229,38791.7249902505,FALSE,FALSE,FALSE
"A0190227",117.306271128375,-0.319582683607304,"Maus et al. (2022);Tang & Werner 2023",7.92418228561772,"Indonesia",21101.3377257519,1315.57845632373,1302.84928584082,7080.3486338691,1128.99876266329,18497.5266576798,3.48300004005432,4.37980003356934,25.8125,3.29834485054016,39.2241325378418,103671.213100218,99955.0494222156,74,3860.21517618315,48789.3963168251,FALSE,FALSE,FALSE
"A0190228",117.298153326202,-0.31663012825046,"Maus et al. (2022);Tang & Werner 2023",9.6519352947235,"Indonesia",20138.9760132488,354.963003518312,430.837263160312,6726.87710803636,811.598459172101,18068.7678202163,3.47899997234344,4.37599992752075,25.84375,3.10650956630707,32.82066822052,103466.109608726,99777.2288843729,67.5,4715.91203976854,48462.7969882888,FALSE,FALSE,FALSE
"A0190229",117.209175824862,-0.298356374892584,"Maus et al. (2022);Tang & Werner 2023",54.0899707900782,"Indonesia",9864.10052567209,2699.2987732868,8996.79539890154,8661.76937903425,9534.53489684021,13617.9238420168,3.47199988365173,4.36499997547695,25.5625,3.11062831878662,33.3969535827637,104085.41440704,100607.6943133,101.25,14167.5187126145,44011.1334588376,TRUE,FALSE,FALSE
"A0190230",117.226409072896,-0.220149718239911,"Maus et al. (2022);Tang & Werner 2023;OpenStreetMap",3001.88811536869,"Indonesia",9114.06520901943,4131.01455177525,9349.00404257223,9878.12556515522,9457.59987372461,14721.3159487333,3.48685293337878,4.38712464989006,25.7775735294118,3.10013468172643,31.7058234227168,89076.3251786409,85642.421151061,73.25,14828.6921070785,42292.5449450913,TRUE,FALSE,FALSE
"A0190231",117.216247461492,-0.281406466831518,"Maus et al. (2022);Tang & Werner 2023",20.8413918090453,"Indonesia",10543.6599900612,4618.7883560378,9028.52848810229,9933.93514041903,9775.9573304629,15638.5319140872,3.46950000524521,4.35900004704793,25.609375,3.04766734441121,30.8389797210693,102207.800843649,98731.0553835903,96.75,14542.5830623587,46073.1103726805,FALSE,FALSE,FALSE
"A0190232",116.923614026562,-0.288163768166617,"Maus et al. (2022);Tang & Werner 2023",75.7863342479178,"Indonesia",10264.3620908211,11108.3360392418,19019.2588323679,35220.9538064049,685.207842163497,12157.3499320526,3.52800011634827,4.44349998235703,26,2.72062122821808,29.1407079696655,117227.172496902,114478.913192517,19,23549.4535024647,26757.2001617336,FALSE,FALSE,FALSE
"A0190233",116.985291216678,-0.313347485221188,"Maus et al. (2022);Tang & Werner 2023",42.0990575070471,"Indonesia",10632.7104810566,5990.77042677854,15028.3462210967,28587.1820379733,0,6922.84289429035,3.53383334477743,4.44649998346965,25.9166666666667,2.72324883937836,27.9225187301636,115750.158420694,112807.385992792,33,30762.2607572621,34139.6704538806,FALSE,FALSE,FALSE
"A0190234",116.981676367949,-0.310267109858737,"Maus et al. (2022);Tang & Werner 2023",43.3790027203648,"Indonesia",11212.6061610466,6588.17293436852,15552.7769262652,28995.1286027355,0,7512.85828196309,3.52999997138977,4.44720001220703,25.9375,2.70512837171555,27.572329044342,115893.068895178,112962.050358708,25,30159.1675988041,33508.2811870689,FALSE,FALSE,FALSE
"A0190235",115.84212856639,-0.31050655794382,"Maus et al. (2022);Tang & Werner 2023",29.9324937237109,"Indonesia",9071.07342389992,10610.173981167,10611.8452962999,14167.3760069094,16394.3396572994,124483.575010466,3.69199999173482,4.64699995517731,26.2083333333333,2.13808782895406,17.5704263051351,63836.9965396439,54068.7563551152,26,64916.2529395563,5361.3627242456,FALSE,FALSE,FALSE
"A0190236",115.857287130631,-0.312338482246883,"Maus et al. (2022);Tang & Werner 2023",169.38672810963,"Indonesia",10039.0555801832,11452.1394363933,11273.9167004744,14921.0849207959,14077.4121189333,122329.102067488,3.69733341534932,4.65933331989107,26.2708333333333,2.1604005197684,18.6262133916219,65008.6814012378,55148.1485729004,18.5,62949.6987335915,6648.85579842705,FALSE,FALSE,FALSE
"A0190237",116.954227456983,-0.250153113394465,"Maus et al. (2022);Tang & Werner 2023",36.4779252137352,"Indonesia",8646.98853425915,13778.748815148,22522.900005369,34543.1751050631,0,14688.6121368234,3.51099991798401,4.41950011253357,25.9375,2.79663815498352,29.22692527771,112069.720746063,109318.455594896,27.75,23847.3776942327,27566.2982093824,FALSE,FALSE,FALSE
"A0190238",116.813962559432,-0.219226339824083,"Maus et al. (2022);Tang & Werner 2023",65.5374585238323,"Indonesia",5839.9639618891,17164.0299899284,24399.8103722566,23157.5053312269,11465.7193996597,25960.1652913467,3.55200004577637,4.47457150050572,26.125,2.70530197024345,29.0513319969177,118940.695057773,116607.297625681,7,9231.11289879392,12263.7252173223,FALSE,FALSE,FALSE
"A0190239",116.813560160297,-0.234143537082844,"Maus et al. (2022);Tang & Werner 2023",30.1301827119381,"Indonesia",6997.31018537468,16347.2117595268,24253.781035104,23187.1459496702,11678.6884510464,24888.3594458431,3.54750001430511,4.46833324432373,26.125,2.66098785400391,27.709711710612,120285.333235052,117927.301060198,10,10675.4038797783,13586.2747665455,FALSE,FALSE,FALSE
"A0190240",116.870916159454,-0.22712865109543,"Maus et al. (2022);Tang & Werner 2023",319.643098032834,"Indonesia",1553.44741788751,18692.6716091136,26475.1534561739,28892.6601252935,6577.03484167402,19848.8984489025,3.5189999739329,4.43075611533188,25.9583333333333,2.91605405474818,33.5183171560598,114150.76628038,111693.007913404,36.5,13713.0735423728,17285.0032299466,FALSE,FALSE,FALSE
"A0190241",117.370581598579,-0.127489608331883,"Maus et al. (2022);Tang & Werner 2023",7.14014412131309,"Indonesia",31540.9104913996,447.531060884759,22414.0904483224,7604.16109014949,9377.92965974307,26991.001674911,3.53399991989136,4.44199991226196,26.1875,3.11935806274414,32.8592643737793,81323.2620364019,77563.7704291151,36,21088.7740462035,33215.4431558691,FALSE,FALSE,FALSE
"A0190242",117.367415323398,-0.125147965394181,"Maus et al. (2022);Tang & Werner 2023",12.0801220362109,"Indonesia",31195.2424996076,0,22359.9430448207,7627.33591258351,9403.64324444382,26732.1073373517,3.52649998664856,4.43300008773804,26.15625,2.8993809223175,26.7525043487549,81001.607207278,77248.1367639943,40.5,21284.3380575589,32960.9157862376,FALSE,FALSE,FALSE
"A0190243",117.369781729442,-0.120258469656968,"Maus et al. (2022);Tang & Werner 2023",9.91197315576277,"Indonesia",31812.334481892,0,23192.3418629825,7184.22726868305,8960.54457247004,26352.8762119754,3.53200006484985,4.44000005722046,26.1875,2.91332173347473,27.0282344818115,80564.2458743626,76816.5265994463,36,21957.1302702005,32584.6946702299,FALSE,FALSE,FALSE
"A0190244",117.374874004279,-0.115734561672218,"Maus et al. (2022);Tang & Werner 2023",39.6350729437584,"Indonesia",32285.6246315598,163.23753225356,23514.3930765081,6389.25671365712,8162.48912915103,25366.7621686751,3.53500000635783,4.44499988555908,26.1666666666667,2.99827913443247,29.0918919245402,79686.4146833664,75924.0722796233,36,22220.8332639321,31594.5279063693,FALSE,FALSE,FALSE
"A0190245",117.42853013529,-0.0875592444153114,"Maus et al. (2022);Tang & Werner 2023",57.5089883239411,"Indonesia",39284.4075735983,4777.77706996494,26972.595561209,21.9259778683758,1457.38183436574,20399.2906897737,3.65499997138977,4.59028570992606,26.25,3.22002772490183,34.6134166717529,75416.0086184385,71538.8415069191,30,24198.8532001185,26426.930589808,FALSE,FALSE,FALSE
"A0190246",117.386025248634,-0.0881118922768167,"Maus et al. (2022);Tang & Werner 2023",18.980862413629,"Indonesia",35057.8493637316,418.222665324211,26872.2644868195,4875.82884077116,6458.2331640075,22066.0097930736,3.55299997329712,4.4614999294281,26.125,2.92321387926737,27.2334702809652,76485.2733816522,72703.77165705,52,24306.9862131611,28292.3866144526,FALSE,FALSE,FALSE
"A0190247",117.396911377822,-0.0783296408776982,"Maus et al. (2022);Tang & Werner 2023",41.7624121638369,"Indonesia",36548.8463944638,1482.87658128552,26420.3153946152,3740.77299031695,5075.19352804397,20544.6238717284,3.56500005722046,4.47583317756653,26.0625,2.96479374170303,28.1801600456238,75058.0473074394,71261.984114953,57,23016.4026253346,26762.0566785357,FALSE,FALSE,FALSE
"A0190248",117.187303212775,-0.0780388625782776,"Maus et al. (2022);Tang & Werner 2023;OpenStreetMap",1739.46910512851,"Indonesia",13939.8677763629,17834.0627021074,26344.2494644332,24351.8886299151,19649.2288506859,31846.6691861517,3.49895000457764,4.40177727578509,25.6625,3.11203550648045,33.3561108219731,78678.1070425541,75503.6740338635,86.2941176470588,25676.8771793775,32178.8308187591,FALSE,FALSE,FALSE
"A0190249",117.344044629931,-0.0950259018602677,"Maus et al. (2022);Tang & Werner 2023",6.61125562520823,"Indonesia",30864.476949762,3444.91321212405,25004.8324505143,9614.52787471753,11280.7780806942,25159.5809494297,3.50999999046326,4.40399980545044,25.9375,3.24964737892151,37.8869018554688,78475.4605952421,74814.1772558612,64,24950.499219079,30855.1022442764,FALSE,FALSE,FALSE
"A0190250",117.237762039194,-0.0923844753349582,"Maus et al. (2022);Tang & Werner 2023",136.541660886746,"Indonesia",21397.2964340335,13880.6091358469,24673.5471599849,21099.4417908964,22747.0563667459,31805.0933299902,3.49499988555908,4.39275009632111,25.625,3.12467969165129,32.9826968697941,80948.111559731,77621.5972321984,95.5,28322.5565406449,34406.0878707343,FALSE,FALSE,FALSE
"A0190251",114.725222018287,-0.266708547220826,"Maus et al. (2022);Tang & Werner 2023",275.210498478297,"Indonesia",44420.4419773293,50470.4663015282,51032.3802698771,54633.3294697294,4781.44051939307,75332.9763524917,3.73833338419596,4.7077714238848,25.625,1.29944528142611,5.96487360530429,72627.8572519127,83089.4886045683,99.5,69741.9683169212,74910.7886849742,FALSE,FALSE,FALSE
"A0190253",115.501138300073,-0.0440163060541801,"Maus et al. (2022);Tang & Werner 2023",102.493121038655,"Indonesia",15413.9772202373,29205.9020803009,36887.7858566246,32809.6027691252,8964.5086446376,118862.362051765,3.66300010681152,4.61424994468689,25.9375,1.57870628152575,8.78690528869629,17344.365192496,6086.53993371898,97,48775.2257932174,35897.7806229046,FALSE,FALSE,FALSE
"A0190259",115.059858932244,-0.0378570707119628,"Maus et al. (2022);Tang & Werner 2023",24.0438229763514,"Indonesia",64455.1043693976,65428.2409797244,65310.7868654543,79331.8608150623,26203.2556087634,101110.058279852,3.59200000762939,4.52399984995524,25.5,1.53969556093216,7.76599931716919,30910.6732177918,42214.9275765202,143.25,65874.9193000501,62319.2564464582,FALSE,FALSE,FALSE
"A0190261",115.068183453744,-0.0350259070088111,"Maus et al. (2022);Tang & Werner 2023",6.84740359006308,"Indonesia",63756.5062496997,65406.0641860774,65536.439755359,78670.8599309631,27612.2687124886,101726.17679405,3.58650004863739,4.50799989700317,25.53125,1.30044710636139,4.65204381942749,30195.6906438474,41501.784926482,143,66122.0101610689,62381.1681240367,FALSE,FALSE,FALSE
"A0190262",115.065733260682,-0.0308117729419171,"Maus et al. (2022);Tang & Werner 2023",7.86720467659904,"Indonesia",64167.2138712341,65956.5144430362,66054.5295720514,79155.8044029786,27664.9491000488,102153.813894598,3.59399998188019,4.52099990844727,25.625,1.32270908355713,5.02443599700928,30512.2122215685,41833.5073752711,144,65601.0175878077,61912.6463835328,FALSE,FALSE,FALSE
"A0190267",116.137546594235,0.371749841180489,"Maus et al. (2022);Tang & Werner 2023",103.41645452303,"Indonesia",73231.4794338823,77930.0007383731,76668.6537468368,18081.011646832,0,125334.977990094,3.82500004768372,4.82125008106232,25.875,2.07056790131789,15.5386909338144,98028.5818559451,88240.2420827908,28,32941.1352729813,53668.6963423053,FALSE,FALSE,FALSE
"A0190268",116.142296203112,0.388579122672098,"Maus et al. (2022);Tang & Werner 2023",42.7260997376851,"Indonesia",75157.5793756506,79968.6975752853,78707.7763755448,19537.1038727753,1895.8281458296,126628.199414023,3.82166663805644,4.81759996414185,25.7916666666667,2.03168635368347,14.362335395813,99710.9263542342,89992.5887477219,41.3333333333333,32252.0341173904,53615.5661948547,FALSE,FALSE,FALSE
"A0190274",115.576155993698,-0.0722971811590582,"Maus et al. (2022);Tang & Werner 2023",420.221343818842,"Indonesia",5814.75711549205,23857.8142865924,27832.2696469159,23642.8297402389,8895.61698246123,119800.635099692,3.69119997024536,4.65540736692923,26.0875,1.59936586353514,9.47916356722514,25200.2056723333,14235.3697980442,49,52139.6566777889,28265.6164799171,FALSE,FALSE,FALSE
"A0190275",115.867382499418,-0.342596759598591,"Maus et al. (2022);Tang & Werner 2023",4.23332037090233,"Indonesia",13649.6206453098,15367.4149428785,15335.2567477757,18916.5689092103,14661.4818522336,121624.437080911,3.69366669654846,4.65324985980988,26.2708333333333,1.94722628593445,13.7708024978638,68343.8958218346,58704.2223779299,18.3333333333333,60805.417562713,7912.9072220209,FALSE,FALSE,FALSE
"A0190276",115.864894508807,-0.33539573837836,"Maus et al. (2022);Tang & Werner 2023",38.1514196858606,"Indonesia",12694.8591200149,14295.3894362016,14239.6447291483,17832.5648290607,14309.8194926043,121655.00431996,3.69400000572205,4.65339984893799,26.296875,2.05247745513916,16.0289472579956,67420.0857134705,57728.02889147,17.3333333333333,61350.9815669732,7401.67330741666,FALSE,FALSE,FALSE
"A0190277",117.008384817345,-0.33004603411316,"Maus et al. (2022);Tang & Werner 2023",25.6140070412568,"Indonesia",9397.42756359356,4374.26450638771,14055.4010447813,25947.5229643185,958.361404626569,5883.94044281685,3.54399991035461,4.46300013860067,25.9375,2.76215296983719,29.2558636665344,116503.271621964,113486.140494283,21.6666666666667,33910.4314718398,34633.3548946148,FALSE,FALSE,FALSE
"A0190278",116.973862998904,-0.328958543143314,"Maus et al. (2022);Tang & Werner 2023",21.976978046588,"Indonesia",9457.99241070095,4881.97870435801,13745.6362841133,29846.2960209881,0,5785.00242657732,3.52450001239777,4.43800004323324,25.9375,2.73996311426163,28.8354430198669,118396.080740074,115467.949311517,28,30921.4470511988,34183.1522883535,FALSE,FALSE,FALSE
"A0190279",117.04049699566,-0.328582195864213,"Maus et al. (2022);Tang & Werner 2023",23.454350601817,"Indonesia",6878.14456009339,4510.28240553597,15421.8653368351,22392.9921832611,275.719916067354,7982.60305094769,3.54799997806549,4.46500015258789,25.875,2.96555479367574,34.1982091267904,114867.237762035,111778.803327902,30.6666666666667,31739.8464901176,34949.0949926772,FALSE,FALSE,FALSE
"A0190280",117.303166858309,-0.337300051842533,"Maus et al. (2022);Tang & Werner 2023",61.2884353110814,"Indonesia",19139.1502893616,871.705609361809,2109.7980231254,4959.6323984093,926.949191349095,16602.3710239878,3.47399997711182,4.36733320024278,25.875,3.0879999101162,31.4894278049469,105110.546995878,101392.804661838,66,2931.11374791156,46599.2972819496,TRUE,FALSE,FALSE
"A0190281",116.881648388297,-0.338483589487369,"Maus et al. (2022);Tang & Werner 2023",17.109886801919,"Indonesia",14507.1004680913,9906.91127310613,16579.7270771716,32212.7552928315,1478.20981449259,11971.1549325218,3.54099988937378,4.46000003814697,26.125,2.72040283679962,30.1190376281738,124967.234020774,122239.622735969,8,24693.6478088213,27467.876772995,FALSE,FALSE,FALSE
"A0190282",116.965431264315,-0.335515040913806,"Maus et al. (2022);Tang & Werner 2023",84.8343835546919,"Indonesia",8141.12677143672,3869.77399207461,11999.2487198082,30352.9897272591,0,4799.03144954246,3.52312502264977,4.43345455689864,25.9765625,2.75142250061035,29.6694435119629,118480.271789675,115564.556242918,24,30146.0207466182,33281.350598926,FALSE,FALSE,FALSE
"A0190283",117.227625927583,-0.331628300166095,"Maus et al. (2022);Tang & Werner 2023",27.0290759779601,"Indonesia",12744.0509387278,0,7012.53250315311,4622.98448684644,7103.30871791196,11012.3382874532,3.47000002861023,4.36833318074544,26,2.93405723571777,29.8836739857992,107057.568817987,103510.030315568,43,11183.7486060244,41881.6510856357,FALSE,FALSE,FALSE
"A0190284",117.22310409525,-0.331888031909084,"Maus et al. (2022);Tang & Werner 2023",7.03246876240016,"Indonesia",12325.2637797632,196.535047533309,7640.93174177677,5092.60259613983,7722.83821625837,11138.1435246133,3.4724999666214,4.37200021743774,25.9375,3.29595494270325,41.742805480957,107443.020779504,103905.68391923,53,11749.3211727955,41983.357144135,FALSE,FALSE,FALSE
"A0190285",117.036744830578,-0.332062523558794,"Maus et al. (2022);Tang & Werner 2023",13.7394640356367,"Indonesia",7480.61558123091,4733.22024572973,14938.7386252505,22955.1782998993,507.153477156882,7447.46155897812,3.5460000038147,4.46150016784668,25.875,2.89686250686646,32.6893901824951,115425.917225723,112339.417897298,35,32335.6432925496,34642.0252699948,FALSE,FALSE,FALSE
"A0190286",116.549568726218,-0.355686323742387,"Maus et al. (2022);Tang & Werner 2023",628.27555265613,"Indonesia",28475.9027813221,9189.98794156042,9079.91815762175,10590.1483076908,4601.22422456044,44632.2269734538,3.56599998474121,4.48219276910805,26.125,2.60940137723597,27.4269841589579,137816.924243464,126815.677178039,37.6666666666667,23257.8508683744,25139.9084794559,TRUE,FALSE,FALSE
"A0190287",117.352242771027,-0.325566412831072,"Maus et al. (2022);Tang & Werner 2023",10.3332102599579,"Indonesia",24677.0168362349,6500.19469216689,6498.68982837503,6801.7800676556,6171.12450758804,22042.3785590051,3.5110000371933,4.40633328755697,26,3.17419147491455,32.7147254943848,103265.211883155,99458.2492488884,61.5,316.88240549859,51949.5097339476,FALSE,FALSE,FALSE
"A0190288",117.347713389626,-0.3247238921106,"Maus et al. (2022);Tang & Werner 2023",15.3239977248027,"Indonesia",24309.4881780937,5961.36601771369,5958.39591473771,7231.89698933529,5612.75391940487,21682.7271439364,3.50100004673004,4.40000009536743,25.90625,3.12136089801788,30.6324911117554,103192.639580959,99392.1290411608,64.5,367.379912608063,51609.0299407658,FALSE,FALSE,FALSE
"A0190289",117.351008117209,-0.322596312019257,"Maus et al. (2022);Tang & Werner 2023",4.78591076110917,"Indonesia",24828.7244391593,6297.33581109097,6296.64659819786,6871.09713582108,6002.0235455858,22208.3502276552,3.50800001621246,4.40616663297017,25.90625,3.32210850715637,37.4706687927246,103081.741957635,99274.5087599958,62,711.55724792478,52145.9757966087,FALSE,FALSE,FALSE
"A0190290",115.820317883445,-0.32902283894363,"Maus et al. (2022);Tang & Werner 2023",2.79886278444415,"Indonesia",8738.55251907658,11216.5797599198,11629.2752129471,14905.8419947364,15374.0383075309,122273.555176198,3.66499996185303,4.60999989509583,26.0625,2.24008476734161,19.9857168197632,63170.643537888,53703.5286848369,49,64473.3480508724,2737.02036050069,FALSE,FALSE,FALSE
"A0190291",115.82775630206,-0.330782986941925,"Maus et al. (2022);Tang & Werner 2023",9.25909985839617,"Indonesia",9393.91436533022,11767.9727753576,12057.5534608945,15400.9517249507,15472.0529713161,122735.646684193,3.67300009727478,4.61800003051758,26.125,2.21638345718384,19.3772964477539,63907.8053909607,54403.6285555205,48,63901.6510112984,3422.83920735027,FALSE,FALSE,FALSE
"A0190292",117.299095799813,-0.324928285681242,"Maus et al. (2022);Tang & Werner 2023",14.4280728021994,"Indonesia",20347.2359942373,773.566662311028,742.677464961155,6153.16719485803,213.291263167306,17566.1381222891,3.47774994373322,4.37200021743774,25.859375,3.03121534983317,30.0873775482178,104279.115530951,100584.496537715,70,4035.24696411775,47848.6231281308,FALSE,FALSE,FALSE
"A0190293",117.228123622179,-0.320853031520277,"Maus et al. (2022);Tang & Werner 2023",25.7071156632205,"Indonesia",12833.9356701073,518.25089165183,6797.54994384455,5500.50485737722,7085.25825389125,12236.7004351466,3.47099995613098,4.37266683578491,26,2.91963664690653,29.5326048533122,105926.399851969,102384.738028603,51,11426.9082137234,43073.3898748642,FALSE,FALSE,FALSE
"A0190294",116.854651966635,-0.325805224262337,"Maus et al. (2022);Tang & Werner 2023",27.6009840687359,"Indonesia",13954.5272371853,13124.3494546838,19559.7205481364,28879.3593284551,4679.52185568719,15102.5622187957,3.54900002479553,4.47475004196167,25.9375,2.87589867909749,33.4456036885579,125407.398167629,122772.103728969,29,21643.3302726914,24213.3516793615,FALSE,FALSE,FALSE
"A0190295",117.044389535553,-0.323808886541599,"Maus et al. (2022);Tang & Werner 2023",22.3453935484878,"Indonesia",6397.2575205396,4729.49440144754,15878.1747071478,22208.9254428619,20.3423064291382,8640.5445073335,3.55100011825562,4.46825003623962,25.875,2.92625792821248,33.0030422210693,114101.544173747,111006.63704257,26.3333333333333,31462.1020733907,35462.4575743758,FALSE,FALSE,FALSE
"A0190296",115.425009833017,0.455710934477051,"Maus et al. (2022);Tang & Werner 2023",16.7964344048755,"Indonesia",63313.1303504177,85170.511626279,85575.7964613771,23767.6032607247,1393.0510507797,165049.89043161,3.81350004673004,4.80200004577637,25.65625,1.27456760406494,4.30576324462891,53603.008253036,53240.3028667965,115,1345.5225117232,40548.98262827,FALSE,FALSE,FALSE
"A0190297",115.434436232564,0.455396885541612,"Maus et al. (2022);Tang & Werner 2023",4.59018248765403,"Indonesia",63198.8557475016,85197.8574034487,85379.2852466334,23052.2709356276,2547.5402851428,165579.879157428,3.80250000953674,4.79124999046326,25.625,1.32517665624619,4.21991473436356,53997.4996115314,53437.4096656347,123,436.414368666264,41945.4765119217,FALSE,FALSE,FALSE
"A0190298",115.436785587084,0.455896994493762,"Maus et al. (2022);Tang & Werner 2023",2.09995632146202,"Indonesia",63150.5146387122,85189.3296543204,85307.1381772456,22944.8547891488,2887.63077230915,165741.600651122,3.79699993133545,4.78700017929077,25.625,1.26967295010885,3.73279849688212,54096.9945888452,53478.1679877949,123,293.704371283709,42250.6824543084,FALSE,FALSE,FALSE
"A0190299",115.411629382775,0.467141760516159,"Maus et al. (2022);Tang & Werner 2023",7.93431327496328,"Indonesia",65315.7588097769,86976.6577049015,87661.0078030256,24314.4933399487,1328.49892372401,165866.210782974,3.80250000953674,4.78999996185303,25.34375,1.63176763057709,8.0076322555542,54787.8279471021,54770.71789484,116.333333333333,2413.87965467031,39137.7199062679,FALSE,FALSE,FALSE
"A0190302",115.416887855133,0.457330702524549,"Maus et al. (2022);Tang & Werner 2023",12.8282787922803,"Indonesia",64060.7991209089,85807.2066260036,86370.0307678876,24401.5915806098,738.196420100947,164986.144960908,3.81849998235703,4.80900001525879,25.453125,1.30658864974976,4.30804371833801,53806.4515893411,53719.0747589601,112,2081.86697637276,39738.7307376369,FALSE,FALSE,FALSE
"A0190303",115.412997613225,0.460005803267631,"Maus et al. (2022);Tang & Werner 2023",39.552301568411,"Indonesia",64342.2276637291,85927.0643705649,86731.8493364367,24373.4165043228,389.852248049025,164778.263768579,3.81800007820129,4.81220006942749,25.25,1.65826683385032,8.73291512898036,53676.4176705668,53672.6093853929,96.75,2296.98430523634,39304.2639447779,FALSE,FALSE,FALSE
"A0190304",115.407533805548,0.461176854126114,"Maus et al. (2022);Tang & Werner 2023",22.9463616246501,"Indonesia",64785.5222783578,86316.9076414988,87188.8995222427,24969.1429638416,314.875290971354,164858.735015,3.82333334287008,4.81050002574921,25.5625,1.7006967663765,9.02958250045776,53867.34349719,53977.1547501453,91,2998.82860044359,38773.4687663417,FALSE,FALSE,FALSE
"A0190305",117.633019588792,0.536674007023861,"Maus et al. (2022);Tang & Werner 2023",154.813702574822,"Indonesia",103034.582646581,0,3843.2313703098,1596.57782343156,5290.17319483222,8683.27679236934,3.88100004196167,4.89773682544106,26.34375,3.13360160275509,35.4414089604428,13053.1809074356,10748.4359911884,6,10167.2432582066,9247.38855705742,TRUE,FALSE,FALSE
"A0190309",117.619168592382,0.590594011023669,"Maus et al. (2022);Tang & Werner 2023",87.1281957492979,"Indonesia",107138.115222318,13.4935299692026,5844.5784492605,3426.9996626222,7703.82949540356,10222.4139506577,3.78399991989136,4.7535555627611,26,2.76245282093684,23.284943262736,10777.8172268833,10428.8788066564,40.6,15500.8463489633,12513.7197330088,TRUE,FALSE,FALSE
"A0190310",115.380774016317,0.516063910665214,"Maus et al. (2022);Tang & Werner 2023",29.0737392798167,"Indonesia",71485.3349027578,92920.5674208909,93876.5010283634,25132.703459501,3013.23535597148,169750.902969357,3.77433331807454,4.76119995117188,25.625,1.39997322559357,5.4668285369873,59683.4448838962,60330.3011350632,85,5550.34373566145,35021.1091087997,FALSE,FALSE,FALSE
"A0190316",117.603191915485,0.840141481880728,"Maus et al. (2022);Tang & Werner 2023",3893.26883584072,"Indonesia",126182.838793819,1781.82114986126,20325.3696575314,26523.9304397141,2559.32803772536,28841.9048292914,3.57625531135721,4.49334257616855,25.4773936170213,2.6126213244368,23.0885865645665,0,0,73.3409090909091,30739.8938655775,29998.910959434,FALSE,FALSE,TRUE
"A0190317",117.617253365585,0.783856440834303,"Maus et al. (2022);Tang & Werner 2023",23.1348070249057,"Indonesia",125597.292328732,0,20998.6795370406,24365.4994200058,592.449860771741,27698.5991460066,3.58850002288818,4.50849986076355,25.59375,2.73863840103149,24.8160775502523,6203.88848101799,2698.96762093267,64,30850.3557958883,29646.6822030824,FALSE,FALSE,FALSE
"A0190318",117.646881307662,0.772067045049098,"Maus et al. (2022);Tang & Werner 2023;OpenStreetMap",1111.91681271787,"Indonesia",123807.752172112,876.635078057766,16233.5145464778,21274.7520627158,0,25754.5866365923,3.60291663805644,4.52953147221278,25.7864583333333,2.58332805230584,20.9147933234631,5926.96219383355,0,40.75,29767.0324514936,28163.4698183026,FALSE,FALSE,TRUE
"A0190319",117.679086363894,0.789444487416371,"Maus et al. (2022);Tang & Werner 2023",75.9077250002772,"Indonesia",129229.786483633,1666.49878529572,13244.0793676154,24860.6926397165,3035.60360523841,31096.4675820393,3.57399988174438,4.48955551783244,25.5,2.60501971840858,23.1574337482452,6165.71866094784,4018.16417943155,59.8,35554.641811248,33804.2671162271,FALSE,FALSE,FALSE
"A0190325",117.721143159486,1.07746784563309,"Maus et al. (2022);Tang & Werner 2023",155.278780924861,"Indonesia",158703.607712742,13548.5981238972,21646.376045002,56283.4134084228,17813.1406459003,61147.0254709662,3.63950002193451,4.58013632080772,25.5,2.3887107902103,21.1280586454603,26721.2705771748,28810.9461438191,66,19299.8036586638,62513.6541083768,FALSE,FALSE,FALSE
"A0190346",117.374499413067,1.99198898017765,"Maus et al. (2022);Tang & Werner 2023",3003.21552011578,"Indonesia",75700.8264096181,14029.6276966314,14686.5174453319,14162.3879503599,9211.796030863,15265.7458436778,3.68291429792132,4.64160206028349,25.7625,2.14849756445204,21.0581489923049,9718.45409468104,0,42.3333333333333,9295.04400367532,36452.2030575243,FALSE,FALSE,TRUE
"A0190347",117.438163221584,2.03346391162244,"Maus et al. (2022);Tang & Werner 2023;OpenStreetMap",1596.43652560283,"Indonesia",68903.2671059851,7175.98155989967,7794.52312415126,8293.70211999027,3363.5996863886,8377.33018698421,3.65372220675151,4.60267143249512,25.7604166666667,2.17871876672846,19.6349917425626,13798.3043996236,4048.92464227762,45.375,9282.18507592304,32618.3364508454,TRUE,FALSE,FALSE
"A0190351",117.399667652007,2.12943037395129,"Maus et al. (2022);Tang & Werner 2023",159.613558197605,"Indonesia",63042.8193715153,7971.28953746583,7872.28080175688,2333.35239717594,1842.30721812301,4944.92207732903,3.67599999904633,4.63233332406907,25.75,2.42907792329788,24.9322197914124,25475.5145335106,13485.7345608779,26,21219.6415297369,41335.2717690599,TRUE,FALSE,FALSE
"A0190352",117.407868828711,2.1246722623787,"Maus et al. (2022);Tang & Werner 2023",136.939680491455,"Indonesia",62799.3390985651,7119.1590384492,7028.30860628922,1614.57006559493,2435.00014216931,4437.97084149432,3.67899990081787,4.63299999738994,25.75,2.40558111667633,23.8644415991647,25541.2976933422,13571.8827133981,40,21079.3823430817,40354.4831237652,TRUE,FALSE,FALSE
"A0190353",117.458301025274,2.12968449715629,"Maus et al. (2022);Tang & Werner 2023",214.779844026969,"Indonesia",60239.9448182979,893.195729116052,800.836608573754,2135.30750587715,0,953.888381462704,3.68149995803833,4.63764003753662,25.78125,2.24483813910649,18.9389535969701,27527.5582691849,16259.8267082964,31.5,19785.7769304416,34448.4502427907,TRUE,FALSE,FALSE
"A0190354",117.408745752724,2.14776631058705,"Maus et al. (2022);Tang & Werner 2023",167.052840471297,"Indonesia",60464.0813016467,7065.59207914208,6954.45665256581,1279.93701197678,0,3237.16768981773,3.66700005531311,4.62469999790192,25.875,2.54089164733887,28.7159913669933,28271.3965924656,16291.7709930178,21,23127.5984584503,40618.0439647456,TRUE,FALSE,FALSE
"A0190355",117.356291299898,2.06051059410367,"Maus et al. (2022);Tang & Werner 2023",701.472465829786,"Indonesia",70908.6910022631,12828.3791724236,12991.3403323809,9398.53538532967,3120.37937761981,12422.6590649617,3.69250002503395,4.64963734804929,25.65625,2.62570433616638,31.2272620519002,17343.0522818122,6256.24843055932,55,18058.5213692026,43073.7164479576,FALSE,FALSE,FALSE
"A0190356",117.448068891738,2.07892100376285,"Maus et al. (2022);Tang & Werner 2023",521.380334654956,"Indonesia",64761.1825498215,3437.05771169515,3825.75656211179,4781.84117351266,0,4551.87990865729,3.64399993419647,4.58672726515568,25.75,2.24426477977208,19.4086333274841,20746.6823976978,10242.4179719477,52.2,13199.5454968811,34018.2011899696,TRUE,FALSE,FALSE
"A0190357",117.404354252016,2.07890596765893,"Maus et al. (2022);Tang & Werner 2023",1473.9885661591,"Indonesia",64764.7870221981,6683.92946617071,6907.47775347886,2856.98588797352,2052.58415020791,5878.84848762051,3.6747333685557,4.63274344848713,25.7833333333333,2.41070287723832,24.3844285374365,17944.3679918037,6049.46862858602,46.4117647058824,14587.1513515634,37999.9998726478,TRUE,FALSE,FALSE
"A0190358",117.389982620494,2.07217097729745,"Maus et al. (2022);Tang & Werner 2023",9.2024655137649,"Indonesia",69938.3843179571,10859.9202117175,11060.6661781568,8032.13485716558,4512.16659502958,10864.1276214479,3.68549990653992,4.62200021743774,25.5,2.61366939544678,31.2518424987793,20464.9539658235,8462.80928859998,84,17553.3630345942,41208.8314507253,FALSE,FALSE,FALSE
"A0190359",117.350225520456,2.081273914233,"Maus et al. (2022);Tang & Werner 2023",295.887600702949,"Indonesia",69655.8861463444,13997.9531599449,14077.3337435554,9616.83850045636,540.500562487943,12459.9328935397,3.72933340072632,4.69774361145802,25.7708333333333,2.66807755264076,33.2031515997809,20724.7327607252,9282.37328758763,34,20155.0871117118,44879.7891212331,FALSE,FALSE,FALSE
"A0190360",117.360599615584,2.0970650677448,"Maus et al. (2022);Tang & Werner 2023",159.483934101298,"Indonesia",68118.3924713516,12381.0654087818,12397.4761431665,7756.34584891122,0,10707.8480073448,3.7039999961853,4.67515792344746,25.8125,2.64545261859894,32.4929572741191,22612.1143831617,10888.2871990673,31,21291.4892970902,44436.4693464668,FALSE,FALSE,FALSE
"A0190361",117.469002455798,2.10091880224813,"Maus et al. (2022);Tang & Werner 2023",716.474363747397,"Indonesia",61983.845658118,335.751853358615,789.722958571045,4128.02343681077,194.269763463186,1432.31009206252,3.65625002980232,4.60463444904615,25.8125,2.23038714605829,18.1440567970276,23976.1233139963,13308.6455446982,28.7142857142857,15507.5721896949,31817.8136222096,TRUE,FALSE,FALSE
"A0190362",117.398860135672,2.18324421290753,"Maus et al. (2022);Tang & Werner 2023",233.581737006408,"Indonesia",57440.1399946548,9812.7067152691,9683.87094637883,3535.97244146503,1222.02799449485,4076.9903149218,3.65100002288818,4.59718747437,25.625,2.42312947341374,25.3162464414324,31495.5059765913,19495.5351912138,38,26865.5697076115,43231.5308307159,TRUE,FALSE,FALSE
"A0190363",117.834373048565,2.21166799972689,"Maus et al. (2022);Tang & Werner 2023",241.555286358915,"Indonesia",41246.5822532531,27036.3693371047,39932.3521489334,22043.0320547767,1077.96046139817,36055.8755869484,3.62599992752075,4.55977421422159,26.3125,2.05556160392183,11.9802348108003,61004.557740885,54436.4996014519,25,36479.8358721117,20911.9426497956,FALSE,FALSE,FALSE
"A0190364",117.777793937243,2.23378685130009,"Maus et al. (2022);Tang & Werner 2023",425.075860438059,"Indonesia",38319.7916230889,26750.4867178369,34180.4180174909,22813.4186845066,4173.97451163762,30032.4859377284,3.55980000495911,4.48217854329518,26,1.87451914869822,8.96605195448949,57158.4609518433,49649.4255121049,48.75,34336.9571966473,22324.225036441,FALSE,FALSE,FALSE
"A0190365",117.446128914656,2.19417217360425,"Maus et al. (2022);Tang & Werner 2023",990.49626883178,"Indonesia",53048.1391681811,4581.02886655832,6323.91404241145,1537.02393918987,116.926438838132,274.054415649811,3.65554540807551,4.60401536501371,25.5965909090909,2.28855916353372,20.2406180821932,32596.70420475,20833.3177613139,48,25904.4750411012,37890.4452893979,TRUE,FALSE,FALSE
"A0190366",117.777242814024,2.19170745637758,"Maus et al. (2022);Tang & Werner 2023",29.1074377636476,"Indonesia",44491.1211016559,23648.3126609067,33622.2099981217,19587.6050410498,934.50739217158,29752.500803074,3.64924997091293,4.59799989064534,26.21875,2.17842737833659,15.3335698445638,55249.3925755935,48307.8797627505,9.66666666666667,31612.5532416669,19092.9067919124,FALSE,FALSE,FALSE
"A0190367",117.397258314064,2.21119443590342,"Maus et al. (2022);Tang & Werner 2023",295.863328281624,"Indonesia",54728.1189240114,10387.1428407216,11904.8869127463,5662.65020434385,4079.38406597885,5904.50032845893,3.64299994707108,4.57857501506805,25.40625,2.37311742756818,22.6866820567363,34559.5881390845,22556.6219442595,56.3333333333333,29924.7867171257,44624.0528074244,FALSE,FALSE,FALSE
"A0190368",117.37474128086,2.31238857018123,"Maus et al. (2022);Tang & Werner 2023",258.770368520464,"Indonesia",46568.1569765831,11707.102129987,22649.0354649205,17098.1897321633,16255.6295828901,16599.8840016732,3.60199999809265,4.53496871888638,25.59375,1.97830894764732,12.8722992083606,46712.9954519281,34733.1950719895,58.5,41943.321587812,52647.2244303403,FALSE,FALSE,FALSE
"A0190369",117.552798722855,2.33122634772671,"Maus et al. (2022);Tang & Werner 2023",4905.63345922875,"Indonesia",30449.0184698278,2566.54672446047,19270.2197474718,18295.8996735577,9830.74585444414,13322.8935620155,3.58110169232902,4.50563892876522,25.541313559322,1.92177032773469,11.9404468863691,47940.9745215362,36802.1496818668,77.38,36253.1942184103,36145.1928858665,FALSE,FALSE,FALSE
"A0190371",117.353830503158,2.26700964623672,"Maus et al. (2022);Tang & Werner 2023",69.8219019752282,"Indonesia",52371.303464332,16268.7683245359,20457.1137119065,14295.6071452282,11991.1134683687,14403.2394059716,3.62199997901917,4.5641428402492,25.6875,1.98825755384233,12.7084591123793,41867.8829462193,29997.4025439238,46,38378.7638844691,52552.8418862299,FALSE,FALSE,FALSE
"A0190372",117.342117575274,2.27140616186626,"Maus et al. (2022);Tang & Werner 2023",70.9467053558074,"Indonesia",52581.0564505564,17186.3911625989,21315.7721122269,15148.7881201798,12753.8748181817,15262.8398719425,3.62599992752075,4.56839981079102,25.6875,2.02926972177294,13.8094131681654,42469.9552719749,30630.4549817214,50,39172.686109801,53471.196883229,FALSE,FALSE,FALSE
"A0190373",117.57214749711,2.26422012653918,"Maus et al. (2022);Tang & Werner 2023",552.333442871724,"Indonesia",41533.0357763181,5877.67198029586,17376.4393898691,18243.4909300067,5356.82512014749,11738.0307034751,3.5693332751592,4.48988564355033,25.5104166666667,1.91758863627911,10.8002528150876,45659.7320408382,35175.0817804999,77.375,31713.7431473623,31844.2269101285,FALSE,FALSE,FALSE
"A0190374",117.355278834904,2.28045949125351,"Maus et al. (2022);Tang & Werner 2023",18.3383423071367,"Indonesia",51233.1025037948,16218.96210511,21630.8917006193,15565.4780395507,13553.8079973002,15562.200345662,3.62299990653992,4.55866670608521,25.5625,2.07956570386887,16.8554372787476,43628.1029031668,31724.5265417729,58.25,39881.7290301344,53359.0308031243,FALSE,FALSE,FALSE
"A0190375",117.349493966341,2.29709781967108,"Maus et al. (2022);Tang & Werner 2023",350.300052129454,"Indonesia",48769.0814968474,14815.3323733055,22703.8872013804,16687.7330559622,14770.948800803,16637.2599714488,3.62066666285197,4.55884097922932,25.5625,2.0560837045629,15.4650827367255,44746.6804614507,32915.0502239491,59.6666666666667,41079.3797639387,54030.2624036829,FALSE,FALSE,FALSE
"A0190400",117.405122854233,2.16670194886912,"Maus et al. (2022);Tang & Werner 2023",2.24232242877064,"Indonesia",59789.2075642459,9226.74145258149,9098.78863888686,3041.27383604043,763.347959572556,3733.4856016468,3.66050004959106,4.61050009727478,25.6875,2.51854825019836,27.510383605957,31160.0178370282,19168.2015339906,36.5,26313.1622222488,42694.931775534,FALSE,FALSE,FALSE
"A0190401",117.410200482521,2.16590253667485,"Maus et al. (2022);Tang & Werner 2023",25.5101812558319,"Indonesia",59432.6967480589,8406.67779580914,8278.9407573931,2270.31791363574,50.8247746885122,3008.07900440298,3.65799999237061,4.6046667098999,25.8125,2.63165330886841,32.1528415679932,30805.2353929161,18837.8288439571,32,25651.4333174935,41888.9763152203,FALSE,FALSE,FALSE
"A0190402",115.321047714485,0.450891665721607,"Maus et al. (2022);Tang & Werner 2023",62.1241706651926,"Indonesia",67979.953276302,87854.9908064259,90971.0167717819,33700.1786215253,0,160623.552263992,3.81039996147156,4.80250006914139,25.45,1.58673116895888,7.91128709581163,52102.8466632481,54200.2584819818,152.25,12224.8528172242,28916.342870774,FALSE,FALSE,FALSE
"A0190412",116.496457273745,3.08599733350856,"Maus et al. (2022);Tang & Werner 2023",671.731779998058,"Indonesia",46775.4902296412,47138.3709216512,48289.482912413,54119.2479451484,245.939072841631,97509.7611983156,3.754124969244,4.73435633758019,25.3515625,1.25318018526867,5.79656129047788,162896.040440321,154802.333545498,113.285714285714,41573.7592645843,43284.1415590832,FALSE,FALSE,FALSE
"A0190413",116.453528059635,3.1219434307619,"Maus et al. (2022);Tang & Werner 2023",1305.68480906635,"Indonesia",39582.0382737373,43357.2195087652,43458.955542744,48816.0608981651,27.9029841044403,103820.194578523,3.86968748271465,4.88478488423103,25.5234375,1.68984303178167,9.67320894207475,167185.595061319,159333.724243523,79.5833333333333,35546.9209676081,37194.3327983898,FALSE,FALSE,FALSE
"A0190419",116.485057203166,3.14911229674133,"Maus et al. (2022);Tang & Werner 2023",271.109378966328,"Indonesia",38880.6378083126,41393.4420910396,41636.6871816986,47125.5966702919,1168.57024744911,101653.151747537,3.70000004768372,4.65677145549229,24.875,1.88850764206478,11.6574589048113,169445.489946401,161196.920743268,184.25,37413.2136553069,39192.8008844594,FALSE,FALSE,FALSE
"A0190518",117.861994003952,3.45384337891301,"Maus et al. (2022);Tang & Werner 2023",12.2707777426355,"Indonesia",86796.0774438917,82079.0820301401,85924.7187607008,77617.9627849607,41511.6755506261,77923.8324081799,3.88599991798401,4.86700010299683,26.8125,2.66330742835999,24.9655647277832,182011.918485082,170394.364607861,0,51278.745153561,110277.260583162,FALSE,FALSE,FALSE
"A0190519",117.869134473054,3.46388935080383,"Maus et al. (2022);Tang & Werner 2023",3.87448501225685,"Indonesia",88299.225973309,83353.3822884553,87430.9717402501,76899.8373434094,41208.7886939884,77210.2188943227,3.89199995994568,4.875,26.75,2.83451211452484,30.87260389328,183446.644460761,171836.826747584,0,50670.2849773159,111326.973028293,FALSE,FALSE,FALSE
"A0190520",117.852259593649,3.45791170176097,"Maus et al. (2022);Tang & Werner 2023",5.71845278219485,"Indonesia",86739.8808303274,81294.1249136124,85720.2091476881,77051.6279576022,40636.0143283226,77352.1805745575,3.88700008392334,4.86800003051758,26.8125,2.60362668832143,23.4574302037557,182230.645771386,170594.18901008,0,50612.7954984078,111020.02539475,FALSE,FALSE,FALSE
"A0190521",117.861155381691,3.45743853614565,"Maus et al. (2022);Tang & Werner 2023",3.55299518769836,"Indonesia",87242.3514781803,82250.1390557244,86330.0026946619,77350.9128304491,41253.8955400315,77656.0565925816,3.88599991798401,4.86899995803833,26.8125,2.61580538749695,23.6689128875732,182516.73407779,170895.858244065,0,51002.3983552242,110794.479751687,FALSE,FALSE,FALSE
"A0190522",117.857259196836,3.45882540252214,"Maus et al. (2022);Tang & Werner 2023",6.92761073530895,"Indonesia",87066.1681572655,81850.2951208609,86102.5679566259,76956.9428116452,40881.950278753,77262.060560049,3.88933340708415,4.86899995803833,26.75,2.73367357254028,26.7373847961426,182444.747022947,170816.002418373,0,50609.8610437288,110983.240074185,FALSE,FALSE,FALSE
"A0190532",117.868713070919,3.4679738012848,"Maus et al. (2022);Tang & Werner 2023",3.97084258636547,"Indonesia",88690.4966920942,83479.3729315905,87784.3567854574,76444.8896412569,40801.4280146408,76755.4107319074,3.8970000743866,4.87900018692017,26.75,2.816515147686,30.3076267242432,183891.319048937,172279.25293005,0,50221.3275169893,111754.526895283,FALSE,FALSE,FALSE
"A0190533",117.847866269959,3.4714423016585,"Maus et al. (2022);Tang & Werner 2023",11.2311159185719,"Indonesia",87749.7210204461,81362.8219117876,86572.0562740146,75340.9093663546,39048.3922266705,75641.4696893829,3.88599991798401,4.87249994277954,26.8125,2.32987499237061,16.9437561035156,183491.394467083,171839.513080216,0,48910.062811898,112539.190962404,FALSE,FALSE,FALSE
"A0190534",117.859323227972,3.47358019173883,"Maus et al. (2022);Tang & Werner 2023",1.46286760833414,"Indonesia",88662.7722582597,82765.9476310495,87614.2796575239,75544.6016109882,39717.3971779125,75851.933549311,3.90100002288818,4.88166666030884,26.5625,2.65667120615641,25.3728141784668,184136.497578449,172503.692966821,0,49252.0481180059,112586.689335257,FALSE,FALSE,FALSE
"A0190535",117.861913503773,3.47334154110123,"Maus et al. (2022);Tang & Werner 2023",2.87473941719843,"Indonesia",88807.7449131743,83029.8642909502,87787.4845250785,75626.5954987251,39885.4545648349,75935.1295135762,3.90100002288818,4.88133335113525,26.5625,2.64903450012207,25.4404916763306,184223.227963568,172594.913370428,0,49361.1956855122,112520.784389203,FALSE,FALSE,FALSE
"A0190536",117.867575796111,3.47694862573594,"Maus et al. (2022);Tang & Werner 2023",4.87618686789879,"Indonesia",89479.9800480534,83730.9139859305,88495.8348818552,75449.6418924978,39950.9501637682,75761.3576913474,3.89850008487701,4.88366667429606,26.78125,2.75333213806152,28.8988304138184,184801.243414481,173180.974137117,0,49260.9851828841,112782.401071705,FALSE,FALSE,FALSE
"A0190537",117.866130008009,3.47837097060644,"Maus et al. (2022);Tang & Werner 2023",1.60754954988905,"Indonesia",89557.8974770354,83720.9267006263,88549.5906532118,75284.4818684446,39779.3799422959,75595.7594134151,3.89850008487701,4.88500022888184,26.78125,2.63320247332255,25.4135983784993,184921.80394522,173298.563674149,0,49086.2266643323,112996.458474971,FALSE,FALSE,FALSE
"A0190538",117.864312853491,3.48284550215644,"Maus et al. (2022);Tang & Werner 2023",13.6205396241603,"Indonesia",89760.7111281675,83593.1714212557,88735.285176479,74495.5786065359,39012.7285788388,74806.6938638471,3.90033340454102,4.88800001144409,26.7708333333333,2.69300246238708,27.3807277679443,185149.045004174,173524.376642969,0,48298.4765207426,113248.940049898,FALSE,FALSE,FALSE
"A0190540",117.85064138322,3.49342349749876,"Maus et al. (2022);Tang & Werner 2023",1.60839402997937,"Indonesia",90194.2459641114,82853.616391521,88903.4591264285,73200.9858285146,37378.8560925345,73506.1195827638,3.90799999237061,4.8899998664856,26.625,2.59387278556824,24.1191329956055,186052.862997004,174394.337131128,0,46874.6875581194,114986.335057653,FALSE,FALSE,FALSE
"A0190541",117.848017043187,3.49661968937049,"Maus et al. (2022);Tang & Werner 2023",1.54051252728153,"Indonesia",90306.1004268042,82727.9927439868,88971.225988109,72783.0704159559,36953.2200025037,73087.8860875929,3.89800000190735,4.89099979400635,26.625,2.55096232891083,23.1571369171143,186239.068914474,174575.207536185,0,46452.4823638498,115336.898730498,FALSE,FALSE,FALSE
"A0190542",117.853717387055,3.49801937238983,"Maus et al. (2022);Tang & Werner 2023",4.62450578670829,"Indonesia",90746.0833620155,83341.3563652462,89459.617358985,72786.6176885631,37149.054750647,73093.8447126996,3.90799999237061,4.89699983596802,26.625,2.6520779132843,25.6211347579956,186577.895573304,174922.213767516,0,46508.1885532005,115381.096938503,FALSE,FALSE,FALSE
"A0190543",117.856900574017,3.49988810779056,"Maus et al. (2022);Tang & Werner 2023",6.47597643972792,"Indonesia",91067.8359061632,83718.9788536688,89802.4369139835,72577.4660553543,37165.5690057449,72887.3399775313,3.90900003910065,4.89699983596802,26.6875,2.86991953849792,32.3958320617676,186850.654247156,175199.108991105,0,46363.1215309731,115444.758547228,FALSE,FALSE,FALSE
"A0190545",117.853406247787,3.50391293751956,"Maus et al. (2022);Tang & Werner 2023",8.25381910009198,"Indonesia",91262.7200369542,83498.6315415125,89922.3211476707,72113.0328186472,36540.4374008232,72420.4116344294,3.91000008583069,4.89900016784668,26.75,2.7332615852356,28.1322765350342,187167.31076844,175507.51866101,0,45842.4791474409,116033.124688959,FALSE,FALSE,FALSE
"A0190546",117.846987842748,3.50224680548329,"Maus et al. (2022);Tang & Werner 2023",1.39181908864879,"Indonesia",90862.228258338,82952.5744566384,89479.0412942519,72140.7189282694,36349.7820880237,72445.1849601352,3.90000009536743,4.88633346557617,26.625,2.46161508560181,20.414999961853,186861.503693171,175193.551991063,0,45806.5572187213,116007.252927364,FALSE,FALSE,FALSE
"A0190547",117.849041810111,3.47626324482273,"Maus et al. (2022);Tang & Werner 2023",4.58669249524526,"Indonesia",88418.7755427642,81843.0651443166,87230.2027238139,74947.3295649047,38755.7762232558,75248.9590872257,3.89433328310649,4.87799978256226,26.6666666666667,2.42848652601242,19.2419638633728,184124.858015068,172474.762380513,0,48539.466772291,113073.213499289,FALSE,FALSE,FALSE
"A0190550",117.844654150281,3.48245116481279,"Maus et al. (2022);Tang & Werner 2023",3.87986118741813,"Indonesia",88782.4147931716,81724.1649921675,87503.4012437041,74139.5807380933,37888.9501770403,74439.5956168285,3.89300000667572,4.87000000476837,26.625,2.57868456840515,23.2859077453613,184660.508216286,172998.882313266,0,47703.8826765256,113844.624798444,FALSE,FALSE,FALSE
"A0190551",117.851694242357,3.4850925483089,"Maus et al. (2022);Tang & Werner 2023",7.20389112491505,"Indonesia",89199.5100712088,82356.9281597402,87977.9771471335,74029.3757569987,38155.0057376061,74335.4377565943,3.89866669972738,4.88899993896484,26.5833333333333,2.70278692245483,25.90061378479,184969.352595154,173315.797354116,0,47715.9459330669,113915.915187544,FALSE,FALSE,FALSE
"A0190552",117.847198913905,3.48707315749137,"Maus et al. (2022);Tang & Werner 2023",2.96063231685324,"Indonesia",89364.7137412166,82172.8963717076,88083.6067885797,73790.0497569113,37719.6703795836,74092.4641623962,3.89400005340576,4.88099992275238,26.625,2.35531234741211,17.7356033325195,185235.041097323,173574.355225307,0,47403.9215497146,114321.685393765,FALSE,FALSE,FALSE
"A0190553",117.851700371173,3.49022031068456,"Maus et al. (2022);Tang & Werner 2023",26.9900622913646,"Indonesia",89540.7834838378,82497.7206852398,88294.4199043843,73163.3993664807,37412.7232686404,73469.7152541786,3.90400004386902,4.88899993896484,26.5833333333333,2.6173686504364,24.3224803924561,185341.170486632,173685.914793464,0,46862.6931836006,114255.569796739,FALSE,FALSE,FALSE
"A0190554",117.852145311467,3.47766700673699,"Maus et al. (2022);Tang & Werner 2023",1.72849083512837,"Indonesia",88666.0061329642,82222.2290222523,87509.6129527043,74933.2362659258,38892.3113667837,75237.004349793,3.90499997138977,4.88333320617676,26.5625,2.51765807469686,22.0756435394287,184337.719113864,172690.48224798,0,48568.7241545205,113176.987337287,FALSE,FALSE,FALSE
"A0190555",117.858560323035,3.47772372629211,"Maus et al. (2022);Tang & Werner 2023",36.3104990238436,"Indonesia",88429.7117515632,82364.773291548,87344.4428957865,74829.7434299951,39060.5406944345,75138.0911920401,3.900750041008,4.8840000629425,26.609375,2.63273780686515,24.9870602743966,183980.353006238,172341.549047916,0,48560.6476438148,112599.488770424,FALSE,FALSE,FALSE
"A0190556",117.860900313871,3.48757894757728,"Maus et al. (2022);Tang & Werner 2023",4.62644009471525,"Indonesia",90063.3418314614,83520.2721426233,88928.7437383419,74111.037445332,38591.5203563518,74421.305411041,3.90400004386902,4.89099979400635,26.75,2.70000958442688,26.9981899261475,185643.607122971,174005.392718968,0,47894.8482166113,114065.762048598,FALSE,FALSE,FALSE
"A0190558",117.84785570725,3.48980124353499,"Maus et al. (2022);Tang & Werner 2023",3.18007567145039,"Indonesia",89637.6289601078,82357.3276693713,88346.4583692114,73479.3356313687,37537.5092454269,73783.0900749319,3.89400005340576,4.88399998346965,26.625,2.32950401306152,17.1996154785156,185516.270569524,173855.398028696,0,47122.4403096753,114612.085827419,FALSE,FALSE,FALSE
"A0190570",117.787977217791,3.57499878488809,"Maus et al. (2022);Tang & Werner 2023",66.6304771989223,"Indonesia",94433.4577955093,80850.8876172944,92317.9217701054,62311.557613867,25485.6926583739,62589.3822455927,3.85600006580353,4.83487498760223,26.75,2.51248316331343,20.7020124955611,192215.045919896,180436.766395893,0,35552.6257962108,124391.303832563,FALSE,FALSE,FALSE
"A0190572",117.1769823369,3.66956539490771,"Maus et al. (2022);Tang & Werner 2023",114.685104932949,"Indonesia",69971.9314407345,27577.8371303954,30601.8796121792,61136.8859594557,8515.35910203596,72152.0110678328,3.80399990081787,4.80450001358986,26.375,1.87403930936541,8.89493036270142,198811.40074406,186990.153804228,29,43635.2230532035,117714.021225667,FALSE,FALSE,FALSE
"A0190576",117.23725826461,3.68883677892185,"Maus et al. (2022);Tang & Werner 2023",2819.24762093499,"Indonesia",75468.6412800744,31985.9238372825,36082.1613787293,65501.0484433375,13626.7796624375,63516.5466003941,3.76600000935216,4.74254696145242,26.3266129032258,1.9218074469953,10.2311561468485,197015.728432482,185129.889511659,34.5862068965517,34983.1077777441,119675.039387899,FALSE,FALSE,FALSE
"A0190629",117.842108776342,3.51155566141655,"Maus et al. (2022);Tang & Werner 2023",711.132389933252,"Indonesia",88753.5482653722,79895.401879649,87128.2955834489,68850.269804609,33425.3573956235,69160.7419634854,3.88654548471624,4.87032257100587,26.5625,2.49329167107741,20.8544412056605,185091.014818233,173394.856935627,0,42678.7428919366,115074.047278609,FALSE,FALSE,FALSE
"A0190631",117.819722836514,3.54667591514386,"Maus et al. (2022);Tang & Werner 2023",494.158001456027,"Indonesia",91922.9660949199,81277.3566969936,90268.6039972363,64592.3525406265,28063.6362056554,64878.7013844693,3.86940007209778,4.84548437595367,26.5375,2.31886568523589,16.2484044120425,188416.581488622,176714.842336752,0,37949.2838987372,118400.770773915,FALSE,FALSE,FALSE
"A0190632",117.171724415973,3.56890428150888,"Maus et al. (2022);Tang & Werner 2023",1111.19969997665,"Indonesia",67638.6335709397,19330.0649995875,28554.3289452239,58715.1449837375,7439.31383202568,79133.2648836759,3.81414287430899,4.80674999290042,26.4910714285714,2.00000165906446,11.7242614285699,186297.042784114,174491.060619629,32.8181818181818,50657.2626387958,113627.213627765,FALSE,FALSE,FALSE
"A0191316",117.035594967304,-0.452149110475648,"Maus et al. (2022);Tang & Werner 2023",3.10663922573178,"Indonesia",1352.6283362559,6162.76177622995,6188.325860066,23765.6317500644,2336.29409308593,3774.53085067275,3.49399995803833,4.4027498960495,25.875,2.94105923175812,33.1981582641602,127631.989481453,124403.045524712,28.5,23182.0218960151,21526.1068681026,FALSE,FALSE,FALSE
"A0191317",117.033316595463,-0.467209138918715,"Maus et al. (2022);Tang & Werner 2023",51.50826678518,"Indonesia",2133.56748579855,5842.74003407392,5790.6903757601,24409.1953677614,1243.9060731669,3486.68957322952,3.50020003318787,4.40642867769514,25.95,2.8445149064064,30.0851664543152,128481.35447121,125253.675027654,20.25,20762.3955632212,19067.326755999,TRUE,FALSE,FALSE
"A0191318",116.858247014962,-0.467504664152305,"Maus et al. (2022);Tang & Werner 2023",397.070858018996,"Indonesia",13901.9896581758,579.5233134099,11495.5707120481,35279.2547500743,0,10432.1465683964,3.51339993476868,4.42294441329108,25.85,2.77455169299863,32.3289162617809,137662.506518171,134813.40413888,46.25,19805.3157523921,24324.7702338958,FALSE,FALSE,FALSE
"A0191319",117.089921203573,-0.463683374705209,"Maus et al. (2022);Tang & Werner 2023",327.771390655524,"Indonesia",332.257520923847,124.70412469864,4012.11246741324,17126.3050848036,3312.51264799751,1982.22121434729,3.43625003099442,4.3285250544548,25.9375,2.92012338305629,29.7078564222469,124842.861714512,121474.091908069,22.25,23341.5703638321,20778.2475467612,TRUE,FALSE,FALSE
"A0191320",117.110744688159,-0.456270723649021,"Maus et al. (2022);Tang & Werner 2023",28.8371829466534,"Indonesia",0,86.4793504414344,4726.24551916416,16099.8888201984,1826.98156355523,1494.35400860621,3.41324996948242,4.28349995613098,25.78125,2.98064482212067,30.9052605628967,124578.571330309,121188.057658131,49.25,22879.9896967776,23412.3858803046,FALSE,FALSE,FALSE
"A0191321",117.115664198035,-0.455912138862957,"Maus et al. (2022);Tang & Werner 2023",11.3322365858759,"Indonesia",39.6324590243365,856.013385732567,4828.0147215425,15806.9002323821,1447.31011698492,1230.62681556571,3.40249991416931,4.27699995040894,25.8125,2.82489490509033,26.1934833526611,124375.258560563,120976.713497835,47.5,22546.2070832013,23949.837627523,FALSE,FALSE,FALSE
"A0191322",117.074660528893,-0.452300140572259,"Maus et al. (2022);Tang & Werner 2023",122.398965418421,"Indonesia",1016.13655819745,1964.03507350294,6276.97419066438,19253.2345840729,2328.39162471087,3838.01797753224,3.46250009536743,4.36114283970424,25.96875,2.89141735008785,29.2492651258196,124851.486389665,121548.60422007,26,24247.1542313565,21984.472865429,TRUE,FALSE,FALSE
"A0191323",116.896472885198,-0.445806034416004,"Maus et al. (2022);Tang & Werner 2023",300.533208541868,"Indonesia",9052.79686370829,170.722394156163,7966.73375498586,36892.8134966164,0,5421.33446177008,3.49949991703033,4.40718422437969,25.90625,2.67065439726177,28.5922710017154,132048.359829161,129142.416555429,28.3333333333333,21197.7277529547,23849.7491702881,TRUE,FALSE,FALSE
"A0191324",117.067744408074,-0.452515499268611,"Maus et al. (2022);Tang & Werner 2023",4.23814815615423,"Indonesia",1912.5839960402,3155.08980606474,7359.36770083023,20384.2995225971,3534.62527642406,4692.40593334618,3.46600008010864,4.36975014209747,25.9375,2.87737226486206,29.1097602844238,126115.119531079,122817.924692244,40,24336.2553008307,22166.8253548926,FALSE,FALSE,FALSE
"A0191325",117.030643429777,-0.452603994629475,"Maus et al. (2022);Tang & Werner 2023",34.8383142031174,"Indonesia",1150.06673246232,5475.14999503961,5404.17683443305,24022.488820078,1533.77999128613,2998.77439899375,3.5,4.40633344650269,26,2.8598158955574,30.6141619682312,127585.569037767,124365.216186132,22,22696.153863852,21140.1409232014,FALSE,FALSE,FALSE
"A0191326",115.712837610677,-0.55869159436319,"Maus et al. (2022);Tang & Werner 2023",5065.21761388298,"Indonesia",20360.4545284102,20713.6618845743,27079.7290020739,28438.5957855759,1604.83592628752,95479.3835621064,3.68030000925064,4.63238965140449,26.0322916666667,2.09088889127824,16.1104559462245,64000.6198248773,57099.8177465145,46.5272727272727,45612.1426130698,10621.5700851255,FALSE,FALSE,FALSE
"A0191327",117.356098423097,-0.446614555003618,"Maus et al. (2022);Tang & Werner 2023",62.8022588862285,"Indonesia",19838.704890542,9262.40519241144,15567.7453198729,12376.3980434311,10964.765606313,17257.5668730574,3.51500010490417,4.41400003433228,25.9375,3.18669492006302,34.9285101890564,116304.473849627,112451.909400892,56,0,43984.0740568986,FALSE,FALSE,FALSE
"A0191328",117.037851941434,-0.449508042094585,"Maus et al. (2022);Tang & Werner 2023",20.4565016411674,"Indonesia",777.195872589634,5680.81129538861,6353.87879621496,23280.0537498055,2595.13506390266,3925.21916679267,3.49449992179871,4.39699983596802,25.875,2.86293411254883,30.2016725540161,127069.669866038,123844.34745466,36.5,23332.5021022302,21646.0208845134,FALSE,FALSE,FALSE
"A0191329",117.047169344965,-0.44948820486139,"Maus et al. (2022);Tang & Werner 2023",17.307575673193,"Indonesia",850.815010757134,4731.258744997,7461.76472217123,22363.1649813729,3412.12933574446,5048.08852294443,3.49049997329712,4.39124989509583,25.8125,2.81317949295044,27.7130165100098,126449.578433118,123203.400643035,46,23445.9076669442,21605.8032454655,FALSE,FALSE,FALSE
"A0191330",117.23479167438,-0.442955732716946,"Maus et al. (2022);Tang & Werner 2023",5.79380497912129,"Indonesia",6837.71209100631,565.591177674456,8370.20826284421,6262.58290238717,2258.86448821962,4142.81937935823,3.45500000317891,4.34299993515015,25.8333333333333,3.04067039489746,31.5120410919189,118944.120306126,115307.739659185,55,11005.0476152,33537.9668139136,FALSE,FALSE,FALSE
"A0191331",117.231124824776,-0.442116714235719,"Maus et al. (2022);Tang & Werner 2023",5.40894596090577,"Indonesia",6502.78646612466,942.488714325546,7994.80275364541,6259.22821153608,2436.05362561607,3797.75768220942,3.45099997520447,4.34200000762939,26,2.9381588101387,28.7713952064514,119006.652682241,115379.985634953,50,11365.4120161217,33354.2155324667,FALSE,FALSE,FALSE
"A0191333",117.071728245341,-0.437465086104552,"Maus et al. (2022);Tang & Werner 2023",44.060547881565,"Indonesia",185.546494428749,1507.3986944683,8113.06804406137,19051.592954623,1378.24357044001,5837.73066704881,3.47300004959106,4.37100005149841,25.8125,2.93733487129211,30.9306324005127,123972.516909598,120682.161499838,40,25612.5182375037,23480.395790034,TRUE,FALSE,FALSE
"A0191334",117.089825061614,-0.438816266607424,"Maus et al. (2022);Tang & Werner 2023",340.595737298543,"Indonesia",3.98777061110146,0,5999.5365997004,16373.7449755551,997.28421432546,3819.27421142607,3.45624995231628,4.34820929238963,25.890625,2.93337631225586,30.1630223051031,122443.512588609,119109.719288589,30,25166.1888824516,22753.6584609786,TRUE,FALSE,FALSE
"A0191335",117.228541705075,-0.441317494030913,"Maus et al. (2022);Tang & Werner 2023",1.82638962543983,"Indonesia",6334.25810997652,1328.31227178782,7749.1988538781,6309.57664763032,2678.12572829644,3623.09866067184,3.45099997520447,4.34499979019165,26,2.85973924398422,26.9387269020081,119073.82435617,115452.093956046,50,11764.8248633604,33259.5582014689,FALSE,FALSE,FALSE
"A0191336",117.233686444227,-0.436382328791722,"Maus et al. (2022);Tang & Werner 2023",48.8818775124128,"Indonesia",6709.21435461679,480.188842015292,7645.67770253679,5308.692030219,2718.01578751698,3993.34288477485,3.45633339881897,4.34671436037336,25.9375,3.02200508117676,31.4118396759033,118042.663501276,114408.889533625,42,10861.2580894316,33705.6213217075,TRUE,FALSE,FALSE
"A0191338",117.247354754827,-0.432679111464697,"Maus et al. (2022);Tang & Werner 2023",58.275538421969,"Indonesia",8310.38147680931,0,8904.68358481405,4474.86218753267,2870.18678504637,5611.0535970047,3.46199989318848,4.35014288766043,25.75,3.08575028181076,32.541318655014,116920.339859809,113272.409244228,70,9504.47244452084,34884.4787611089,TRUE,FALSE,FALSE
"A0191339",117.024298132272,-0.428509810484225,"Maus et al. (2022);Tang & Werner 2023",12.9808693909498,"Indonesia",132.095365018565,5142.49860725434,5598.90216437981,24091.9676238341,1713.8463121753,2715.38631621599,3.50250005722046,4.40799999237061,25.8125,2.920973777771,32.357292175293,125717.491993047,122534.707996902,40.5,25273.3756978134,23894.4962993011,FALSE,FALSE,FALSE
"A0191340",117.076037324592,-0.430752624507712,"Maus et al. (2022);Tang & Werner 2023",2.71355837334261,"Indonesia",105.591857140117,1145.88549211907,8820.78370008454,18760.9677140989,1063.01317326583,6463.34168835695,3.47399997711182,4.36899995803833,25.84375,3.03192496299744,34.1284618377686,123630.513411589,120335.046465427,36.5,27038.752809142,24871.9354934326,FALSE,FALSE,FALSE
"A0191341",117.239854233006,-0.431735293214742,"Maus et al. (2022);Tang & Werner 2023",47.0439127267582,"Indonesia",7581.12203626449,176.628627865922,8005.59414311905,4694.94059523494,3060.34625128322,4866.76436287325,3.46000003814697,4.35059995651245,25.8125,3.02366604123797,30.7528948102679,117377.406156102,113743.919687483,65,10280.0747597963,34467.1792786433,TRUE,FALSE,FALSE
"A0191342",117.229443060096,-0.428391908704397,"Maus et al. (2022);Tang & Werner 2023",109.751884924242,"Indonesia",6337.50186848733,1117.13450016849,6577.39153401014,4325.39079527249,3549.98768597899,3650.43703565368,3.45600008964539,4.35060002009074,26.0625,2.8952848593394,27.9674777984619,117095.149862108,113479.673255525,35,11101.6810773877,33586.4802795573,TRUE,FALSE,FALSE
"A0191343",117.327215977263,-0.420255319065812,"Maus et al. (2022);Tang & Werner 2023",132.297618150402,"Indonesia",16598.0327481659,5023.22382562535,11345.0850101749,8050.63574744533,9936.23104125067,13919.3438166993,3.48742859704154,4.38688892788357,26.0982142857143,3.04736968874931,30.7184194326401,113519.416558327,109727.335395228,39.5,244.657871068477,42326.2487498487,FALSE,FALSE,FALSE
"A0191344",117.291207247083,-0.42031705163574,"Maus et al. (2022);Tang & Werner 2023",10.4874175377592,"Indonesia",13563.4020742419,2767.02772161068,11397.1612634909,5766.06228144079,7609.99293002203,10853.9661716117,3.4650000333786,4.35899996757507,25.9375,2.87087750434875,26.7562808990479,114946.015899123,111213.636426318,52,4997.87490842034,39984.8866044017,FALSE,FALSE,FALSE
"A0191345",117.023713727935,-0.424570570615017,"Maus et al. (2022);Tang & Werner 2023",21.2468379449915,"Indonesia",501.719471549441,4666.11102194534,5665.83910218016,23867.2411575305,1678.30713764532,2752.84031919781,3.50250005722046,4.41000000635783,25.796875,2.94750571250916,33.265645980835,125193.840835474,122013.8177933,37,25556.458932382,24239.0608659938,FALSE,FALSE,FALSE
"A0191346",116.855084498107,-0.423827508068487,"Maus et al. (2022);Tang & Werner 2023",85.6997726870531,"Indonesia",14171.1126375483,2319.09856956949,13308.4076298781,33346.7391071164,3001.30542581537,10692.4492291939,3.51699995994568,4.43233335018158,25.9375,2.6518751250373,27.910918129815,134038.716965053,131237.427689334,33.2,25760.7189327242,29348.9389897578,FALSE,FALSE,FALSE
"A0191347",117.288274761983,-0.418111366739771,"Maus et al. (2022);Tang & Werner 2023",10.1304526543053,"Indonesia",13258.5461366917,2382.30370908042,11178.4332017319,5383.01254654071,7420.18682908743,10546.0094487482,3.46549999713898,4.35749983787537,25.84375,3.09042799472809,33.3767051696777,114829.157721869,111105.977097013,61.5,5143.60375976369,39770.3367365261,FALSE,FALSE,FALSE
"A0191351",117.030940180956,-0.418228013810226,"Maus et al. (2022);Tang & Werner 2023",122.779303531588,"Indonesia",981.23525594261,3471.73170001238,6170.77573926269,22501.0046885542,2028.59533364619,3147.191220357,3.50300002098083,4.40588238660027,25.75,2.92795653641224,32.1370519399643,123820.702514547,120626.509749456,57,26133.8757751226,24749.4167501655,TRUE,FALSE,FALSE
"A0191352",117.244651890572,-0.419729016549993,"Maus et al. (2022);Tang & Werner 2023",59.4771035148126,"Indonesia",8516.67940222697,334.504527038805,8408.64382131093,3096.33019284448,4430.95642897571,5813.6614149922,3.46700000762939,4.35528571265084,25.6875,3.18037825160556,35.7757273779975,115654.307189149,112016.745407652,62.3333333333333,9854.66692121427,35638.1729197738,TRUE,FALSE,FALSE
"A0205469",116.653406010957,-1.23633165099695,"Maus et al. (2022);Tang & Werner 2023",494.738489400739,"Indonesia",7846.33751481497,0,10486.8547950314,59557.5073940533,0,15666.1279482105,3.53099997838338,4.43176122921616,26.2395833333333,2.4891171345344,18.2161080580491,105520.915578603,108530.836413307,12.8333333333333,23487.3429958389,35792.5888753308,FALSE,FALSE,FALSE
"A0205470",116.650554402769,-1.21988674821913,"Maus et al. (2022);Tang & Werner 2023",45.8155220630537,"Indonesia",7801.48378179393,1428.14935198342,13254.3521492268,60677.6146398704,0,17060.1940597807,3.52500009536743,4.42642859050206,26.25,2.40918167432149,16.861117998759,108085.073351476,111159.332773904,18,24869.1042094973,37719.5023237433,FALSE,FALSE,FALSE
"A0205471",116.675436746888,-1.21830382943515,"Maus et al. (2022);Tang & Werner 2023",316.346378811441,"Indonesia",5759.05947922975,3180.02218708869,12208.9825150595,57743.0824208745,0,13843.6039561112,3.51700000762939,4.41380486837248,26.25,2.52451807399129,18.6816827640977,109794.679018476,112765.314684484,12,21675.2499208102,34914.3785235348,FALSE,FALSE,FALSE
"A0205472",116.698379010757,-1.22295199599876,"Maus et al. (2022);Tang & Werner 2023",22.3913252199347,"Indonesia",6721.38069698452,6595.54176257586,11546.4996780629,56059.229730922,101.722992378053,11976.6856020394,3.54066665967306,4.4436666170756,26.3333333333333,2.59036999940872,19.8307771682739,112265.364171188,115140.657700506,10,19763.4384056381,34110.5868264631,FALSE,FALSE,FALSE
"A0205473",117.211793605465,-0.857452757405568,"Maus et al. (2022);Tang & Werner 2023",8.74838220607577,"Indonesia",136.841829454526,1015.62239750505,16468.9126132036,14570.46111965,4631.37400391756,30539.0346823347,3.5900000333786,4.49900007247925,26.40625,2.97619247436523,28.1579399108887,164364.840780388,160604.838329885,17,6786.660052626,6338.39370430875,FALSE,FALSE,FALSE
"A0205474",103.608115470741,-3.79894397588335,"Maus et al. (2022);Tang & Werner 2023",210.145217929979,"Indonesia",4203.9745717991,3017.46750790131,10501.7739065154,33434.4239600569,1069.22820949575,4035.34775524181,3.91200002034505,4.89246166669405,25.7708333333333,2.57495509253608,32.969946331448,18916.9746622909,18841.6271271014,98.6666666666667,18299.3227867705,3693.64927406784,FALSE,FALSE,FALSE
"A0205475",102.550448726122,-1.27556859130959,"Maus et al. (2022);OpenStreetMap",57.9997811148745,"Indonesia",41779.0112188359,17453.0955602752,52046.4228981778,49695.9059025616,1993.2213310134,51958.6719275447,3.50699996948242,4.40285703114101,25.6875,2.32103908061981,17.6264188289642,212098.198011197,211519.992605301,91.75,0,11233.3088417168,FALSE,FALSE,FALSE
"A0205476",117.261822254387,0.00235677011201745,"Maus et al. (2022);Tang & Werner 2023",16.215000596125,"Indonesia",31563.9121183966,11404.7287994209,25736.7672854208,21448.6109766947,15061.9582636191,23942.9882726215,3.51300001144409,4.4229998588562,25.875,2.91476559638977,26.8130397796631,71021.0893797999,67755.4484713617,72,18309.5439327943,24528.7643434222,FALSE,FALSE,FALSE
"A0205477",117.177447379688,-0.320641288491219,"Maus et al. (2022);OpenStreetMap",660.273546016307,"Indonesia",5651.93545414258,991.842339945176,8355.16353331643,8285.731203658,5511.96005229616,9579.04613090599,3.457249969244,4.34884885854499,25.765625,3.20347221966448,37.8700555823315,106851.444948406,103394.621394957,68.2857142857143,14892.1188389737,39387.4950498527,TRUE,FALSE,FALSE
"A0205478",116.809534636254,-0.243351514200629,"Maus et al. (2022);Tang & Werner 2023",9.61351978583614,"Indonesia",8180.2444563809,15477.8220308732,23749.6131546788,22762.5086985846,11752.2925359992,24793.7665914509,3.54499995708466,4.46600008010864,26.15625,2.67401278018951,28.4652252197266,121539.958269821,119167.423062312,12,11494.5601415312,14234.7143975641,FALSE,FALSE,FALSE
"A0205479",116.609544167542,-1.09783545227055,"Maus et al. (2022);Tang & Werner 2023",55.1656900499286,"Indonesia",3435.36657223043,8669.43075204838,20774.00976206,60375.1525483261,7415.45178446897,25359.5801457806,3.48966670036316,4.38737505674362,26.0625,2.3356677532196,17.997342300415,113079.130926965,116747.972102876,28.5,20067.7421622005,34122.0901392443,FALSE,FALSE,FALSE
"A0205480",103.796488489625,-3.84188330154497,"Maus et al. (2022);Tang & Werner 2023",139.533760289562,"Indonesia",25799.2076614219,84.9519014031997,11061.5103155873,48460.4058385384,2007.5572088264,5336.0788023352,3.89099991321564,4.8717778523763,25.96875,2.90249621166902,34.7481957603903,5416.31464048118,10588.7416030828,88.3333333333333,38604.1854655581,10244.5130499695,FALSE,FALSE,FALSE
"A0205481",103.805434938975,-3.83830203505878,"Maus et al. (2022);Tang & Werner 2023",79.2461753489626,"Indonesia",26516.6053688273,0,11028.737448435,50089.3889596757,2309.25717870958,5319.70828360973,3.89100003242493,4.87109097567472,25.875,2.91275707158175,35.1189001256769,5502.95381621064,10680.7340946475,102,39689.473512591,11915.9669326178,FALSE,FALSE,FALSE
"A0205482",103.805638645382,-3.848556662116,"Maus et al. (2022);Tang & Werner 2023",52.6751010866802,"Indonesia",26672.0252272302,0,12576.8104740607,49605.9906741327,2445.495893887,6853.92077384529,3.896399974823,4.87766647338867,25.8375,2.93293476104736,35.9082865033831,6965.80172233865,12143.7357564373,100,39427.4963028045,11437.4654750628,FALSE,FALSE,FALSE
"A0205483",103.756011729574,-3.8108163667411,"Maus et al. (2022);Tang & Werner 2023",225.524004171195,"Indonesia",20314.7555004526,4431.18874738394,9054.27361288244,46226.2184343564,3760.96289866284,3979.2697770221,3.88333328564962,4.8594482520531,25.9375,2.89919372967311,34.192062991006,3792.5818674058,7594.58080807245,115,34142.1987932873,9756.02610786598,TRUE,FALSE,FALSE
"A0205484",103.724289032304,-3.78841189052922,"Maus et al. (2022);Tang & Werner 2023",99.2668268574721,"Indonesia",17218.6950946029,6451.06965086758,9652.78583418871,44543.2579877408,5368.1997738336,5812.01387793343,3.90199999014537,4.88041667143504,25.7916666666667,2.8733616958965,32.7051712382923,6617.92969713924,7411.21843135142,130,31514.1461913498,7528.22203369616,TRUE,FALSE,FALSE
"A0205485",117.294497224541,1.90895573442293,"Maus et al. (2022);Tang & Werner 2023",1674.61505276127,"Indonesia",87858.057152656,27460.0166127708,27927.0571305584,25958.0237100582,17162.9017852128,28615.3480936419,3.62305557727814,4.56883334009736,25.6527777777778,2.59416687100433,32.9902841967206,4693.30110174307,8044.06411376088,73.8421052631579,17077.3929486286,47424.6934249857,FALSE,FALSE,FALSE
"A0205486",115.214190686942,-1.62478381927737,"Maus et al. (2022);OpenStreetMap",2567.95907104849,"Indonesia",39635.681399912,10678.0551922579,26506.2200338774,33519.9875308003,1054.044507217,39236.4922894407,3.56849998235703,4.47886943534149,25.560546875,1.73628332658379,10.1717364403977,54985.6206720353,61386.4847300074,98.72,27117.1393068052,49345.7058574803,FALSE,FALSE,FALSE
"A0205487",115.678479596306,-0.72753346630289,"Maus et al. (2022);Tang & Werner 2023;OpenStreetMap",5235.03241846288,"Indonesia",36078.1724933021,44529.8670016505,53199.5475096255,54707.4740613957,23929.3353715052,82256.5265888502,3.64000000804663,4.57809838814532,25.791015625,2.07122044826255,15.070160891028,81794.8019934863,77378.836719349,93.8181818181818,40805.7935993603,36542.5383212996,FALSE,FALSE,FALSE
"A0206046",117.07368600049,-0.357719332705317,"Maus et al. (2022);Tang & Werner 2023",103.322850234386,"Indonesia",3424.24941527234,500.388125966756,10972.6476672982,18013.4842318381,535.972207890939,9188.99047537609,3.52699995040894,4.44207697648269,26,2.82606890996297,29.6954489390055,115144.159234333,111945.292622768,11,27772.9927906604,31552.4997492763,FALSE,FALSE,FALSE
"A0206047",117.074971279919,-0.34141937178256,"Maus et al. (2022);Tang & Werner 2023",12.2903321795183,"Indonesia",3379.30980428238,2720.65925908075,12060.6762903064,18382.4474562194,0,10309.7715606222,3.53575003147125,4.45699977874756,26.046875,2.81870555877686,29.243106842041,114592.2639676,111400.449047317,5.5,27837.192845759,34371.1712377448,FALSE,FALSE,FALSE
"A0206049",114.777726856965,-3.86142040985079,"Maus et al. (2022);Tang & Werner 2023",27.5331807643646,"Indonesia",3304.46769717207,0,14308.0631260598,45530.2332286621,4878.14772540349,4413.09376898952,3.63700008392334,4.5543999671936,26.25,4.26067813237508,75.3558909098307,59908.1544369602,60543.2511005405,33,80006.2369358272,19352.4281352634,FALSE,FALSE,FALSE
"A0206050",114.790724167519,-3.86555665946868,"Maus et al. (2022);Tang & Werner 2023",7.47178914460222,"Indonesia",4911.00884061151,1379.8065143377,15269.8940059843,46202.1355628135,5924.21672897003,5138.6503179555,3.62266667683919,4.53399991989136,26.1041666666667,4.03963804244995,63.1778793334961,58818.0600456097,59420.6852311178,51.5,81528.1810366268,18770.3783277195,FALSE,FALSE,FALSE
"A0206051",114.789300572625,-3.86852215800202,"Maus et al. (2022);Tang & Werner 2023",3.93306009666708,"Indonesia",4970.50069600226,1127.19483182307,15581.3339879016,46569.2453413342,6205.02873516827,5489.4744969393,3.62299990653992,4.53200006484985,26.0625,4.31483685970306,78.6025791168213,59122.3667701669,59708.1199933619,51,81701.085886753,19221.2408321262,FALSE,FALSE,FALSE
"A0206053",115.57268606568,-3.56300879025099,"Maus et al. (2022);Tang & Werner 2023",108.795080886063,"Indonesia",35685.6000387319,12989.1089835139,15668.3943859718,48153.95240861,11085.9925390264,28193.028819826,3.54633331298828,4.4439333597819,25.8541666666667,2.2633615221296,16.7262892041888,33461.0270888969,33371.6737070335,47,140465.654975046,20820.9010354689,FALSE,FALSE,FALSE
"A0206057",117.509220727048,2.73955823094893,"Maus et al. (2022)",670.557788540294,"Indonesia",405.132108192191,7474.32813911226,14956.0605932035,15956.5995831393,6025.49632561119,16087.8860835228,3.59942858559745,4.53046066841383,25.875,2.09245067696239,15.0210917716803,94895.5662245675,82958.9913086043,59.8571428571429,85958.4253470516,64485.8667313943,FALSE,FALSE,FALSE
"A0206059",116.267379353187,-2.93761811524311,"Maus et al. (2022)",207.839511761208,"Indonesia",72137.6036903675,23272.1782232752,37559.7122699472,39406.1863036948,2443.0786902444,30814.2940148659,3.80433336893717,4.78413789025668,26.4583333333333,2.67175078392029,20.8459806442261,112301.754795786,115494.784774257,40.6666666666667,99049.4160072556,4511.67601464705,FALSE,FALSE,FALSE
"A0206061",116.934887630636,-0.672022305154553,"Maus et al. (2022);Tang & Werner 2023",271.294141317629,"Indonesia",23238.8116277656,15218.3424358373,22632.9945515655,39968.6936709295,13073.6213182512,21541.0380620135,3.4760000705719,4.37077422295847,25.78125,2.86789240837097,30.3453695774078,153834.641587007,150598.624096947,50,0,3949.70124325278,FALSE,FALSE,FALSE
"A0206063",116.410818056868,-3.38595402246193,"Maus et al. (2022);Tang & Werner 2023;OpenStreetMap",238.028269752914,"Indonesia",82219.6355564861,14728.0840296339,26976.0861289417,27701.251811139,24389.6522183693,23826.3484508269,3.91633335749308,4.8972413950953,26.8125,2.79116585946852,26.110324182818,127587.406416559,127017.236493234,0,149633.798063381,3274.79370126645,FALSE,FALSE,FALSE
"A0206064",116.394641790911,-3.43228585033107,"Maus et al. (2022);Tang & Werner 2023;OpenStreetMap",615.916175884984,"Indonesia",81445.8982399822,10535.8401689732,27620.1830708786,28109.6628001314,25057.8712935798,25743.7124170158,3.82887503504753,4.79225316832337,26.6015625,2.51413865316482,18.3634278660729,123679.975003732,123013.824940145,0,152712.084309567,500.179415777989,FALSE,FALSE,FALSE
"A0208564",102.047366982324,-1.47779341672193,"Maus et al. (2022);OpenStreetMap",1472.56902430647,"Indonesia",69017.7266317951,3712.874153898,3871.16352128427,11254.8779224559,1285.04660404494,891.040773173359,3.62133328119914,4.54065054462802,25.7361111111111,2.80196412443527,27.0719951949096,165765.397482836,167498.114637379,93.2666666666667,33627.531454308,34088.334137849,TRUE,FALSE,FALSE
"A0208565",114.875954733634,-0.0997952226259757,"Maus et al. (2022)",750.434540795153,"Indonesia",66102.229528712,62193.1939276261,62093.3585123726,78577.3563548272,6033.56695077527,90283.0181619309,3.58077777756585,4.4807600069046,24.4027777777778,1.6997505779169,7.84987357197976,50780.3418349021,61956.4712502506,312.111111111111,60600.0438030645,61442.8902803413,FALSE,FALSE,FALSE
"A0208567",115.050649409941,-1.03368481004378,"Maus et al. (2022);Tang & Werner 2023",320.303834593951,"Indonesia",7274.88091934351,2649.35024365051,25911.4959024435,11327.6753921367,11035.6139456988,15505.0396883405,3.61639995574951,4.54295455325733,25.8625,1.85318472219068,13.8577331720397,114456.692592999,119340.276038333,61.3333333333333,67897.337904137,22976.4629987514,FALSE,FALSE,FALSE
"A0208568",114.926685054084,-1.0854027260841,"Maus et al. (2022);Tang & Werner 2023",118.224082720561,"Indonesia",19769.1674212309,8375.56013499543,24368.7938925817,5264.54157665557,3636.24125448305,12862.5618654763,3.65799999237061,4.5981764793396,25.96875,1.85931213696798,13.6448982874552,120571.462023635,130474.344235115,43,75541.4463407727,15910.7857114978,FALSE,FALSE,FALSE
"A0208569",114.957627045335,-1.08528566283811,"Maus et al. (2022);Tang & Werner 2023",136.097082665489,"Indonesia",15565.4426077452,5048.40865206777,25393.2722370012,5707.12538029845,4047.37665084852,13672.9808662594,3.64599990844727,4.58105550871955,25.9375,1.93230067281162,15.8165733673993,117840.191582948,128742.070727154,54,72394.4576215294,17607.9431673443,FALSE,FALSE,FALSE
"A0208570",114.753049159106,-1.03843271596413,"Maus et al. (2022);Tang & Werner 2023",356.081446930639,"Indonesia",30648.3656227225,21097.5530573377,21187.9069638735,17229.0216798403,12670.5456391805,15266.5492063579,3.6499999165535,4.58675551944309,25.796875,1.68930262961286,10.5985798632845,129101.737405126,134766.827039899,106.5,94319.5959867303,390.390680814102,FALSE,FALSE,FALSE
"A0208571",114.793505415527,-1.06844270246905,"Maus et al. (2022);Tang & Werner 2023",1125.24959855351,"Indonesia",30400.5478616809,15076.9956690899,20831.7211532407,9968.01998777741,5476.19567660633,11119.1963575426,3.64318184419112,4.58274097922895,25.9943181818182,1.68891969819864,10.5967584119903,127613.556084421,132588.767649029,64.2222222222222,86263.0088015758,3565.65262559418,FALSE,FALSE,FALSE
"A0208572",114.890195933405,-1.14341767602963,"Maus et al. (2022);Tang & Werner 2023",21.2631682691965,"Indonesia",25104.6809330148,15770.7333587081,30379.3566810478,12913.3487672526,11380.1928602178,19273.4597366059,3.63499999046326,4.57074987888336,25.9583333333333,1.7259429693222,11.1626505851746,119891.289708696,131379.77633813,48,76129.2962632669,17422.7278939407,FALSE,FALSE,FALSE
"A0208599",115.598724176075,-3.60045123835209,"Maus et al. (2022);Tang & Werner 2023",213.740051254363,"Indonesia",40081.7777497099,10296.5016470142,14324.7228987303,45701.0869861519,11615.1627010128,27372.5177717508,3.62300002574921,4.5399999971743,26.0625,2.36826280067707,18.7217647947114,33260.3068772481,33060.5508993742,27,142301.253684836,24054.1056974353,FALSE,FALSE,FALSE
"A0208600",115.616455800765,-3.50497277428674,"Maus et al. (2022);Tang & Werner 2023",56.2064408502773,"Indonesia",30569.6954923823,19222.5995823434,25021.2460636706,41847.6333026387,12600.4652873165,37557.754628514,3.57599997520447,4.4889999798366,25.6875,2.21756553649902,16.1185285023281,41603.738733427,41829.7615695997,58,143739.01996646,22968.9936250777,FALSE,FALSE,FALSE
"A0208601",115.593785644801,-3.75628776307421,"Maus et al. (2022);Tang & Werner 2023",178.457328464465,"Indonesia",57040.7254554246,5488.51707602542,8452.08997449907,57058.9735822036,6404.26130172543,19572.9602753648,3.82733337084452,4.79333335161209,26.6458333333333,3.14087286202804,34.7694477413012,32069.4940949325,30586.4513673173,14.5,149351.436130762,37831.4413316304,TRUE,FALSE,FALSE
"A0208602",116.292047729456,-2.78871796547354,"Maus et al. (2022);OpenStreetMap",514.055448700168,"Indonesia",82681.1519707135,23111.7413832774,53113.687190983,39129.1357671556,0,46944.9957436698,3.691166639328,4.62797015460569,26.3333333333333,2.62830540011911,19.9850779561435,102529.392536681,100965.926570717,32,87498.8886462816,10126.5663751167,FALSE,FALSE,FALSE
"A0208789",117.258328466517,0.220978386984238,"Maus et al. (2022);Tang & Werner 2023",1058.86030987915,"Indonesia",49403.3963348697,16624.0461732977,17141.334747324,22840.1181353349,7390.38234731794,18970.0925091348,3.52384616778447,4.42365694046021,25.3509615384615,3.15057174598469,35.343161723193,48288.0738780215,45490.6258867769,135.545454545455,0,917.735866871741,FALSE,FALSE,FALSE
"A0208790",117.351765948391,0.142427992104313,"Maus et al. (2022);Tang & Werner 2023",5644.22905485744,"Indonesia",43796.9022292684,3425.53101621119,5919.34369196157,10263.0399984099,4108.76142043732,7095.41077124954,3.56831818999666,4.48326236861093,25.8693181818182,2.7839472382036,23.1049328581928,47138.6257078443,43966.219254061,80.258064516129,0,665.396645081426,FALSE,FALSE,FALSE
"A0208791",117.277399703365,0.149885724818742,"Maus et al. (2022);Tang & Werner 2023",1102.76280868594,"Indonesia",43373.8652489675,12502.6774878456,15729.7629224386,19836.4969635845,0,16695.4390091308,3.5180908983404,4.41772972893071,25.4431818181818,3.18240960161169,34.3012855102966,52869.1663998084,49946.2068559533,128.75,0,5983.46251578578,FALSE,FALSE,FALSE
"A0208792",117.276631592197,0.0796270360880281,"Maus et al. (2022);Tang & Werner 2023",2702.38042471489,"Indonesia",35876.2346240609,7601.4272930004,15556.3009055285,18761.1123760451,1790.9682911038,15719.2945549825,3.5408620669924,4.45287464690684,25.7176724137931,2.92562232246507,26.9464271620842,57856.4185407812,54702.8295655998,85.1379310344828,4982.49578548195,11378.8144613699,FALSE,FALSE,FALSE
"A0208793",117.256190323118,0.129200464722897,"Maus et al. (2022);Tang & Werner 2023",293.575596888498,"Indonesia",41459.2931504518,14246.5095933835,19103.2243815758,23036.2427211724,2502.01754430176,19917.0290220271,3.51999998092651,4.42674996852875,25.7375,2.98475060964885,28.6800355911255,57632.8277884821,54714.0930989647,84.3333333333333,4126.5424869149,10665.4027302655,FALSE,FALSE,FALSE
"A0208794",117.335936833067,-0.0850953666288132,"Maus et al. (2022);Tang & Werner 2023",386.721196767602,"Indonesia",28771.3085190715,3520.50693704357,23942.6714426079,9667.29891996671,11142.88863331,22703.3644357532,3.51640000343323,4.4139799785614,25.6375,3.14751326541106,34.5464327335358,75625.5040812615,71979.85144863,112.4,22930.8900416589,28073.0242206613,FALSE,FALSE,FALSE
"A0208795",117.18760945248,-0.795595415897381,"Maus et al. (2022);Tang & Werner 2023",64.3173157458278,"Indonesia",3902.36350869788,836.202050942838,19364.5796461451,19749.2188154303,0,23189.3536015352,3.4760000705719,4.36571427753993,26.375,3.07920905947685,32.194258928299,157889.495634498,154178.382600288,7,464.35909563092,3006.74875855285,FALSE,FALSE,FALSE
"A0208796",115.903676402402,-0.431132749269645,"Maus et al. (2022);OpenStreetMap",587.785304274492,"Indonesia",22141.3647817473,24460.3045053612,24543.9693153225,28053.3666078815,11247.4964367189,115862.007498455,3.70450004935265,4.66570512453715,26.25,2.12953898310661,17.3874622269681,76126.7809681923,66961.5439765001,23.4,48275.9126849453,14048.3142177905,FALSE,FALSE,FALSE
"A0208798",115.456632130185,-3.67395321326425,"Maus et al. (2022);Tang & Werner 2023",250.399683995442,"Indonesia",42419.8325344887,6847.48280562042,7445.12994367306,64409.2250457593,3698.41517378444,11047.0067891934,3.61866664886475,4.53324241349191,26.0208333333333,2.64870673959905,25.4053722150398,17110.1233059646,16457.8889016243,33.5,131913.61097366,21296.2674641529,TRUE,FALSE,FALSE
"A0208799",114.918370373972,-3.91338374093912,"Maus et al. (2022);Tang & Werner 2023",48.1564045421044,"Indonesia",19582.2238901605,4869.70236073503,26795.8312720432,53477.4326224025,2175.24489111259,17728.163623744,3.57399988174438,4.48071425301688,26.375,3.54248706499735,42.9082050323486,47127.4175253776,47262.1337009776,19,95306.7098602484,8844.89238125844,FALSE,FALSE,FALSE
"A0208800",114.858885368555,-3.94391801197799,"Maus et al. (2022);Tang & Werner 2023",326.328002114292,"Indonesia",13978.4889568874,0,25552.711362051,55082.4438204479,1180.89105845861,15386.322778106,3.61319999694824,4.52839023310964,26.475,3.66559686660767,47.3171592712402,52694.151671943,52817.8783242337,21.6666666666667,92247.5922217973,7921.18028986535,FALSE,FALSE,FALSE
"A0208801",114.885665137499,-3.94146074080001,"Maus et al. (2022);Tang & Werner 2023",70.8581574475898,"Indonesia",17564.861971288,2119.82892120948,27132.7098757373,55549.4569793352,648.319451042188,17223.0394852023,3.60549998283386,4.5164999961853,26.5,3.55407040119171,42.1453136444092,51702.6059274296,51783.2375514488,18.2,94652.4292135858,7058.66211543577,FALSE,FALSE,FALSE
"A0208802",114.906683196822,-3.93458791858777,"Maus et al. (2022);Tang & Werner 2023",27.4381472000174,"Indonesia",19467.5739486328,2636.63587992771,27700.0943462288,55493.1992322091,1142.50302498881,18170.2388632451,3.59533325831095,4.50466680526733,26.5,3.52183157205582,42.1038064956665,49868.7701349596,49921.410480008,15.5,95806.2746204928,6718.38027182675,FALSE,FALSE,FALSE
"A0208803",114.857553131798,-3.95313103532972,"Maus et al. (2022);Tang & Werner 2023",47.2669923616613,"Indonesia",15132.8536910998,0,26946.5515834092,56419.587249173,3287.29609797094,16772.4195452775,3.625,4.53799997057234,26.4375,3.70047340393066,48.9388664245605,54762.8034234952,54853.1198712505,30,93526.0187428334,7683.51211120154,FALSE,FALSE,FALSE
"A0208804",114.863882766127,-3.95710840355013,"Maus et al. (2022);Tang & Werner 2023",118.911817466321,"Indonesia",15395.9403620004,0,27454.1998315208,56866.5886895219,2416.01826378878,17276.4760589677,3.61700010299683,4.535374969244,26.5,3.6745525768825,48.0454414912633,53482.9994982691,53532.1346420135,24.5,93960.6586881701,6579.76471822234,FALSE,FALSE,FALSE
"A0208807",115.019942995395,-3.25561163639482,"Maus et al. (2022);Tang & Werner 2023",24.6933260897096,"Indonesia",13217.5892608091,2044.35004561806,27145.8410724904,33027.3438644313,10454.4225687974,23337.877665176,3.68199992179871,4.61999988555908,26.1875,3.51571083068848,52.4820620218913,59095.3558222702,61578.001223721,43.75,74280.279401606,15101.4429041594,FALSE,FALSE,FALSE
"A0208808",115.043354220048,-3.35044791378656,"Maus et al. (2022);Tang & Werner 2023",22.1987568068982,"Indonesia",10312.4700502331,5092.0502594296,24333.3779141648,29998.9248561384,0,19184.2459738876,3.6863333384196,4.6175000667572,25.8125,4.10486125946045,96.653148651123,48843.8009971858,51316.6110458192,93,78122.6856289788,4711.85111149668,FALSE,FALSE,FALSE
"A0208809",115.298652279762,-2.91887493946332,"Maus et al. (2022);Tang & Werner 2023",402.094962905839,"Indonesia",11952.3563746977,6158.69828176769,13839.9349518186,75996.2817932883,4039.23981732293,10855.8812914639,3.60419998168945,4.52166668574015,25.4375,3.1978258456824,62.8540653012833,84054.3118316056,78987.5077958789,99,88751.3281592677,15923.2404798338,FALSE,FALSE,FALSE
"A0208810",115.309997604219,-2.87925393184544,"Maus et al. (2022);Tang & Werner 2023",148.26848562229,"Indonesia",9304.32820333089,4516.65823630777,11218.1220099178,73394.1659669833,6275.66924394008,8397.12814445326,3.59266662597656,4.51661906923567,25.6041666666667,3.04256722506355,60.731310227338,81530.3505055111,76438.4918190553,86,86264.0114662736,13938.2021964558,FALSE,FALSE,FALSE
"A0208921",115.054110478701,-3.86763221210454,"Maus et al. (2022);Tang & Werner 2023",980.392815828207,"Indonesia",30144.3083760092,4726.61009194063,33938.6871849493,53998.9869410085,1771.47017596336,27300.2467295556,3.56181820956143,4.46531449594805,26.1704545454545,2.83008228887723,25.9213751094548,29691.1952845854,29615.2506735721,26.9090909090909,102127.657512152,8548.47987186348,FALSE,FALSE,FALSE
"A0208923",115.076047659982,-3.88147189711188,"Maus et al. (2022);Tang & Werner 2023;OpenStreetMap",8536.86458520861,"Indonesia",21504.1943729253,0,27472.7850613467,52644.6088162253,0,17814.5547206597,3.60236537227264,4.51071978597206,26.1340144230769,3.04293598960883,32.1226549217417,17962.2594042642,17296.1100486926,27.0425531914894,96230.0550842887,6391.89429462579,FALSE,FALSE,FALSE
"A0208924",115.623769118037,-3.73779917724922,"Maus et al. (2022);Tang & Werner 2023",803.158543043984,"Indonesia",54729.4595832309,2298.96226316961,8626.14008449557,50622.3464379084,0,20593.903340366,3.80259997844696,4.75814562862359,26.58125,3.13179076072013,35.6200939405082,32710.8162311252,31318.7727354588,13.5,149617.116980939,37394.6121338008,TRUE,FALSE,FALSE
"A0208925",115.269908564283,-3.73575931659551,"Maus et al. (2022);Tang & Werner 2023;OpenStreetMap",5355.84948237422,"Indonesia",31186.1942585826,8554.42337222625,18933.5486267926,52012.2856809863,2432.53061820219,6420.57410273546,3.55845160638132,4.46118849267205,26.0211693548387,2.40002737003703,21.1743591233741,130.883209223158,0,41.6949152542373,105375.406784449,7592.77620687563,FALSE,FALSE,TRUE
"A0208928",115.630760040238,-3.64269254317291,"Maus et al. (2022);Tang & Werner 2023",2249.25805597076,"Indonesia",42068.7710582911,2468.3621499308,11450.1622430602,44636.1288919585,5490.79824330014,25709.6720246399,3.64566666991622,4.56680623387795,26.2152777777778,2.49910815937878,20.2831370340635,34678.5650307718,33917.8953149535,23.625,147170.580604941,29203.4593571764,FALSE,FALSE,FALSE
"A0208930",115.634647024499,-3.49625802117512,"Maus et al. (2022);Tang & Werner 2023;OpenStreetMap",679.137298521362,"Indonesia",28326.5243073671,17841.2157261096,25517.3869242192,38414.4203455169,10772.8544984346,37141.1655750806,3.57542851993016,4.48401134664362,25.75,2.12310260992784,14.569767511808,42839.8448915175,43054.9944213383,45.3333333333333,143032.922200665,23655.585729078,FALSE,FALSE,FALSE
"A0208932",115.61493591269,-3.39409617539761,"Maus et al. (2022);Tang & Werner 2023",645.758727350937,"Indonesia",17971.6802926377,29152.9759253396,34791.6446722315,38592.9687434026,0,36788.5349780305,3.53300001886156,4.44003703859117,25.6111111111111,2.07511658611752,13.7921625773112,46772.8884090039,47552.871807665,55.7142857142857,132181.327260854,20350.9011844713,FALSE,FALSE,FALSE
"A0208935",115.595846750871,-3.54312434577987,"Maus et al. (2022);Tang & Werner 2023;OpenStreetMap",1608.0957819731,"Indonesia",32138.1443840858,11839.0722018735,15399.288521294,43329.7707672995,13024.7471667795,28677.849205407,3.56000000238419,4.4665512224523,25.825,2.28488658723377,17.4030901636396,34888.184636841,34669.6794912243,47.4444444444444,140990.715411529,20317.5843643358,FALSE,FALSE,FALSE
"A0208937",115.463361644277,-3.6176392083658,"Maus et al. (2022);Tang & Werner 2023",1796.68318315671,"Indonesia",33536.2712895735,6601.04784509894,6608.97606902063,59477.9870748263,0,13944.2146559194,3.56326087661411,4.46820850981043,26.054347826087,2.35163837800294,18.965921818952,18366.0825322554,18193.8852031861,29.6666666666667,129458.825775567,13562.2890020135,TRUE,FALSE,FALSE
"A0208938",115.06163081239,-3.30974577515811,"Maus et al. (2022);Tang & Werner 2023;OpenStreetMap",82.3213808112779,"Indonesia",12949.4452339795,3798.5844111519,28232.3404366221,33293.9801794145,4265.35847552069,22798.4581815911,3.68700003623962,4.62187498807907,26,3.71221834421158,68.430430094401,51333.3393370163,53816.6919687411,57,78995.7238313695,7556.26797754078,FALSE,FALSE,FALSE
"A0208939",115.013902601421,-3.24784808639695,"Maus et al. (2022);Tang & Werner 2023",145.80906682294,"Indonesia",12779.1706423468,2444.41353256036,25753.1418686491,32323.4570887728,10801.1417471505,22723.6876446322,3.68950009346008,4.62889468042474,26.25,3.47084677219391,50.9999530315399,59640.3533752791,62122.295432479,46,73130.6854530178,15597.7039981474,FALSE,FALSE,FALSE
"A0208940",115.009333243885,-3.22987748985243,"Maus et al. (2022);Tang & Werner 2023;OpenStreetMap",1690.86120356609,"Indonesia",10854.1464588654,574.881837087326,20960.8222616473,29159.7160680951,10316.0515296575,19926.0014154282,3.70947618711562,4.65943635810505,26.2619047619048,3.38290666865411,47.7679529992219,59604.1324063704,62088.139552727,40.2941176470588,68870.4837107671,15856.3819188986,FALSE,FALSE,FALSE
"A0208941",115.205675483637,-2.99079443752928,"Maus et al. (2022);Tang & Werner 2023;OpenStreetMap",492.265439115515,"Indonesia",21925.3245398421,4925.81431798365,7860.18335343335,66829.0094929148,4314.81047937488,20125.6298208228,3.67137497663498,4.60132812708616,25.6640625,3.12119024246931,48.3071064352989,79209.2333823491,81521.5786787116,54,96340.7016022911,29813.7881674413,TRUE,FALSE,FALSE
"A0208942",115.244817044051,-2.91873006319301,"Maus et al. (2022);Tang & Werner 2023;OpenStreetMap",4877.56857178744,"Indonesia",7632.87137733007,1015.28958749781,9177.71615874394,68950.6924343924,5839.40844965982,6077.58420860898,3.65836667617162,4.58712816162954,25.6458333333333,2.71222877578492,33.4317268420254,81442.6269935486,76061.0516012593,66.2962962962963,86426.4942104678,16409.9689570791,TRUE,FALSE,FALSE
"A0208943",115.162148661442,-3.03200499169827,"Maus et al. (2022);Tang & Werner 2023;OpenStreetMap",1856.47904140183,"Indonesia",25373.5762420353,252.275554309399,106.576368011557,57515.8502636801,21.6439581526202,23559.6983231642,3.68914287430899,4.62504917871757,25.764880952381,3.26861094534397,50.044193760554,74002.893349063,76396.9208937658,45.55,88631.9781989832,32256.587867085,TRUE,FALSE,FALSE
"A0208951",114.471864232123,-1.11821733289346,"Maus et al. (2022);Tang & Werner 2023",1404.84117994289,"Indonesia",38281.7495753306,33123.8943504779,44531.2337416883,45566.7609518713,41712.266327565,45768.685002327,3.67176472439485,4.62226516502338,25.9522058823529,1.84638458848651,11.7340411253966,152600.269811994,159546.76751947,82.1333333333333,116098.117430601,28151.7794869452,FALSE,FALSE,FALSE
"A0208952",116.766906692379,-1.05442167455945,"Maus et al. (2022);Tang & Werner 2023",344.897998523421,"Indonesia",8479.12929385071,2775.50834797364,11440.6520974865,41086.1569551962,0,14800.2200415573,3.48766668637594,4.37723255157471,25.9791666666667,2.24762925376063,15.3052587301835,128216.31682684,131529.616843675,36.25,13385.3157112313,14636.1508958808,FALSE,FALSE,FALSE
"A0208953",117.021842017297,-1.03156922072403,"Maus et al. (2022);Tang & Werner 2023",1944.93320586268,"Indonesia",0,0,9466.55454249555,10881.1060480121,575.491793993613,15949.7464784023,3.4995833337307,4.39078969047183,26.4244791666667,2.92517279034201,26.0713659973762,151720.578773708,154570.958676495,31.8571428571429,0,0,FALSE,FALSE,FALSE
"A0208956",115.870522599398,-1.90640100024374,"Maus et al. (2022);Tang & Werner 2023",16168.3355317137,"Indonesia",27197.2848569613,0,0,35790.0710204924,17259.4673751878,28079.4293267687,3.64522339942607,4.57717877683402,25.5731382978723,1.48856030465084,9.97985923432643,0,0,82.7251461988304,10720.3608828415,20317.9359296758,TRUE,FALSE,TRUE
"A0208957",117.091443598997,-0.935925359043696,"Maus et al. (2022);Tang & Werner 2023",905.977846845918,"Indonesia",1915.23619135025,3658.70585436402,5511.81261332883,5983.28456008294,9193.09892308504,27123.3183491337,3.47323076541607,4.36743478360383,26.3125,3.07842226925059,28.7450614831386,163199.455078861,166015.658477704,33.1666666666667,0,0,FALSE,FALSE,FALSE
"A0208958",117.13531191902,-0.879170808178787,"Maus et al. (2022);Tang & Werner 2023",895.18669067763,"Indonesia",3842.06049488173,4009.53717137129,8838.48351011764,7968.75655829599,2731.42633765768,30549.4139906664,3.47399997711182,4.35773043839828,26.2670454545455,3.00955104409603,28.1161984393471,165886.855212857,162203.711175845,43.8888888888889,3321.65323457275,0,FALSE,FALSE,FALSE
"A0208960",115.486681012959,-0.847656388916916,"Maus et al. (2022);Tang & Werner 2023;OpenStreetMap",2193.19358626774,"Indonesia",14821.8225687258,40880.3907339598,40770.4114184804,56364.0453845854,22172.2804984806,56455.8478544231,3.60573913740075,4.52924910134692,25.5652173913043,2.01996102771152,13.01400300892,91777.4050531806,89861.6575515611,123.95652173913,53460.1314920303,56089.795314538,FALSE,FALSE,FALSE
"A0208961",117.186749433637,-0.820754472756501,"Maus et al. (2022);Tang & Werner 2023",277.317440160164,"Indonesia",3666.67119896269,1798.3302789264,17637.2571465549,15961.1996276461,0,25329.7193533162,3.48875004053116,4.38458336724175,26.40625,2.96753497684703,27.8311528598561,159911.05392058,156188.565272921,12.6666666666667,2462.92149688702,1441.04517327288,FALSE,FALSE,FALSE
"A0208962",117.246116235364,-0.713427056654662,"Maus et al. (2022);Tang & Werner 2023",124.108002480398,"Indonesia",48.7339817679371,787.4917701194,8113.41107375758,30052.655506938,3295.92346800608,15403.630809248,3.4779999256134,4.375,26.375,2.9424414485693,26.9177702665329,147435.682715638,143670.342235835,11,0,13352.7198924992,FALSE,FALSE,FALSE
"A0208963",117.230251646003,-0.75663438203932,"Maus et al. (2022);Tang & Werner 2023",1125.72880717811,"Indonesia",0,0,9775.65004086322,21234.98654538,0,17004.4898942765,3.50373328526815,4.40435762279081,26.2958333333333,3.04779768483392,29.5065969401392,149175.022957661,145408.501321606,21.7777777777778,0,5717.57965511669,FALSE,FALSE,FALSE
"A0208964",117.037546024981,-0.738165548454701,"Maus et al. (2022);Tang & Werner 2023",829.437939580096,"Indonesia",10254.6209860342,1379.83434213942,19541.9024664718,26656.2113531593,8004.05987708243,19145.1946581602,3.42060000896454,4.29996261418423,25.81875,3.07943413636395,31.7399492887693,154161.421567217,150695.050581194,71.4444444444444,2345.41458730381,0,FALSE,FALSE,FALSE
"A0208965",116.910935857896,-0.716560813320751,"Maus et al. (2022);Tang & Werner 2023",3311.50718531747,"Indonesia",22744.5658555436,12887.4267705315,22944.9850995398,36480.3950553233,13679.5216842185,22022.6310374492,3.49080554644267,4.38685714221392,25.6996527777778,2.81618942334273,29.2851206298186,154989.538407377,151726.732384638,59.9411764705882,0,2528.2711570574,FALSE,FALSE,FALSE
"A0208966",117.068044987288,-0.706265664784689,"Maus et al. (2022);Tang & Werner 2023",682.270073342499,"Indonesia",8421.08257394715,591.217588821862,15915.5340266791,28799.8309368633,8175.9845706774,15474.8677637375,3.41674998402596,4.2962696525488,25.875,3.17900454166324,34.9461838921835,150515.737974253,147042.676323325,56.1428571428571,6655.25774796454,4558.11414458052,FALSE,FALSE,FALSE
"A0208967",117.053778949095,-0.677053179873545,"Maus et al. (2022);Tang & Werner 2023",3400.49709069566,"Indonesia",6178.21962069565,0,8316.18655019402,30684.9802843755,3465.25963354417,7841.21119253277,3.44016215607927,4.32662642572355,25.8141891891892,3.11917371178105,34.2516351630785,142868.25493224,139392.237127958,61.6756756756757,3172.26384697575,0,FALSE,FALSE,FALSE
"A0208968",117.129853465584,-0.690633089155831,"Maus et al. (2022);Tang & Werner 2023",1063.26943047427,"Indonesia",3375.22461901954,2219.2341258122,9362.49878966468,27774.7673786551,6020.60518756831,8425.57925164455,3.42800000508626,4.30818382080863,25.9375,3.0708202417346,32.2919115812882,144216.587332757,140641.907088942,50.7777777777778,8071.26742756262,6673.28675850558,TRUE,FALSE,FALSE
"A0208969",117.151439925619,-0.698892940308991,"Maus et al. (2022);Tang & Werner 2023",671.612987207933,"Indonesia",1652.57918910268,5215.49737299836,10399.2153973076,28337.1845201132,4090.42271723766,10151.5942995244,3.41987499594688,4.29968606039535,26.09375,3.02825608783298,30.8864434348212,145883.767846292,142258.30258681,37.8571428571429,7143.75355384502,7352.17303839293,FALSE,FALSE,FALSE
"A0208970",117.104097194886,-0.698171586012681,"Maus et al. (2022);Tang & Werner 2023",704.157752902765,"Indonesia",6476.6756451755,428.694795928922,14370.4458467846,28586.2060389318,8082.88156535936,13301.5429871869,3.42350003123283,4.30254165331523,25.953125,3.10914533403185,33.8861617830065,148749.014148111,145207.618961877,55.1111111111111,7927.63540041535,7360.20785673108,FALSE,FALSE,FALSE
"A0208972",117.208950440688,-0.734003209623221,"Maus et al. (2022);Tang & Werner 2023",2275.84824717556,"Indonesia",0,0,8129.34003371766,21125.4353697549,0,12356.8742190777,3.47066665578772,4.3614081606573,26.212962962963,3.03684350020356,29.7441294524405,146219.960610624,142491.803610159,29.5833333333333,0,3296.07106918214,FALSE,FALSE,FALSE
"A0208973",117.107834378836,-0.602550943565814,"Maus et al. (2022);Tang & Werner 2023",351.004312273512,"Indonesia",1734.89690148102,0,4620.2254305604,26404.1240526987,2660.96417493412,3344.31542541557,3.44849991798401,4.33943481030671,25.90625,3.02192825966693,30.524665670192,138395.911565754,134892.730628455,37.4,13702.5714266577,10097.5976699407,TRUE,FALSE,FALSE
"A0208974",117.315106091402,-0.499584506486761,"Maus et al. (2022);Tang & Werner 2023",4957.9527573775,"Indonesia",11129.7921589075,4865.80633316533,7339.65717971365,7881.67201149975,1110.15584397189,10548.6829102834,3.47571667432785,4.37233023363867,26.2135416666667,2.91004715025332,27.2555981158466,115955.108884896,112186.248664932,19.9423076923077,0,31189.4267517627,FALSE,FALSE,FALSE
"A0208975",116.928805920487,-0.54346326912158,"Maus et al. (2022);Tang & Werner 2023",2512.82442203223,"Indonesia",8365.58312228731,5445.69878895059,6940.66703987212,34450.6905936743,4505.59067001479,7967.63674078756,3.51688888337877,4.42571733063115,25.7824074074074,2.70060785440298,27.598545121413,137927.770668084,134791.870967982,41.7142857142857,7826.91672757151,11517.5881592483,TRUE,FALSE,FALSE
"A0208976",115.977181006477,-0.560512332145561,"Maus et al. (2022);Tang & Werner 2023",2813.18325153664,"Indonesia",35591.1677636069,38283.0148339791,38424.0479323659,41888.5977635336,13004.1151774567,105530.78846235,3.65777420228527,4.59968232581629,25.9858870967742,2.48483123726753,24.603304030153,87853.864396791,79514.4839462943,51.7222222222222,29654.7884673723,26312.8319238361,FALSE,FALSE,FALSE
"A0208977",115.936725881766,-0.515720373908523,"Maus et al. (2022);Tang & Werner 2023",156.518073519813,"Indonesia",32290.1203177384,34992.9307844573,35180.4529424331,38622.5950615982,15432.9070308916,113255.333681181,3.65300011634827,4.58852386474609,25.84375,2.53112442869889,26.0960655212402,85147.4701971174,76484.0068326163,69.5,39329.8498266024,23097.5968548961,FALSE,FALSE,FALSE
"A0208978",117.238023423162,-0.475882688729262,"Maus et al. (2022);Tang & Werner 2023;OpenStreetMap",2670.28899610035,"Indonesia",3042.30899714112,0,394.260089609453,5781.41241875488,0,443.061818058038,3.45515152179834,4.34712246625138,25.9905303030303,2.94649310332502,29.3177823799883,117704.46761653,114031.812982139,37.5,6324.68568061764,26835.8846953279,TRUE,FALSE,FALSE
"A0208979",117.113287062256,-0.646428843740815,"Maus et al. (2022);Tang & Werner 2023",469.356061733447,"Indonesia",4921.97770508616,267.428116867413,9158.84231771238,30759.0242371029,6565.81772418852,8071.333140888,3.43066664536794,4.31604918495553,25.9791666666667,3.08875484789832,32.8904566360732,143020.628914372,139500.07011152,39.2,12696.4346073191,9978.12193809889,TRUE,FALSE,FALSE
"A0208980",117.197368173149,-0.626255924573384,"Maus et al. (2022);Tang & Werner 2023",3162.64024239907,"Indonesia",0,0,526.756757635413,22033.5107994266,0,1834.05468289291,3.44997299039686,4.33960731785472,26.1216216216216,2.96125778519258,29.3597941246314,134732.543184487,131079.845547514,23.8333333333333,2092.4730997764,13382.0518038724,TRUE,FALSE,FALSE
"A0208981",117.215713325073,-0.664660681872911,"Maus et al. (2022);Tang & Werner 2023",33.2063515453938,"Indonesia",879.631501941321,12.2767733448782,7375.52501586292,30830.8106725441,25.5097927004042,9524.01417922263,3.44549995660782,4.32999992370605,26.3125,2.93240255117416,27.7475838661194,143201.979115521,139499.657427871,6,1915.13959970354,15726.0741553589,FALSE,FALSE,FALSE
"A0208982",117.150912761212,-0.630715305776464,"Maus et al. (2022);Tang & Werner 2023",357.137553474601,"Indonesia",270.340091460126,3838.36966377754,5221.21249790002,27278.1491664946,5291.36012487131,4117.05277594776,3.45125007629395,4.34316664934158,26.09375,2.95656211809679,28.7326594266024,139990.518358331,136402.091009733,13.75,9579.23801353401,14225.3243919899,TRUE,FALSE,FALSE
"A0208983",117.071390739768,-0.623092516948185,"Maus et al. (2022);Tang & Werner 2023",35.56390541213,"Indonesia",7943.59828724331,2798.00249478226,8870.47187480178,32193.6885914734,3123.439602724,8751.19167146334,3.44899988174438,4.33624994754791,25.9375,2.95915275812149,30.3578147888184,143447.06028955,140009.730342004,49.5,10604.1249934371,7011.99912165977,FALSE,FALSE,FALSE
"A0208984",117.24972038441,-0.600066362059289,"Maus et al. (2022);Tang & Werner 2023",997.238529938311,"Indonesia",2572.37269509292,0,3117.76164079795,22042.5325410218,0,4405.31672049866,3.48733335733414,4.39307634339078,26.2760416666667,2.97613120079041,29.6322110796732,133569.736082507,129827.197746289,7.4,0,22658.4916863717,FALSE,FALSE,FALSE
"A0208985",117.134296821901,-0.604362642670549,"Maus et al. (2022);Tang & Werner 2023",685.968208198035,"Indonesia",0,1022.80952723366,5181.01902249169,24421.3360353682,2961.5580727044,1961.37610730127,3.44911109076606,4.34101122416807,26.0625,2.98336068876497,29.9265138185941,136865.040454188,133318.604852056,20.2857142857143,11533.0736324169,12639.4085648031,TRUE,FALSE,FALSE
"A0208986",115.00534739542,-1.03605203599633,"Maus et al. (2022);Tang & Werner 2023",364.479722327316,"Indonesia",11762.8461254874,0,22905.4754866038,6265.53855516269,5955.76200920992,11584.5393066345,3.62560005187988,4.55408695469732,25.8375,1.90915057367208,15.0563873368867,117243.531258119,120816.761401578,65.5,72112.6372621144,18478.7518964817,FALSE,FALSE,FALSE
"A0208987",116.919702160572,-1.01458255208382,"Maus et al. (2022);Tang & Werner 2023",1378.73610861708,"Indonesia",2967.00058165876,1216.14780519024,12518.7130960471,21686.7692682188,10915.7404035985,16143.484651821,3.41860001881917,4.29082582505901,26.1375,2.7269336983215,22.3109111342319,142915.571104007,145947.569322355,48.9333333333333,130.51275257491,0,FALSE,FALSE,FALSE
"A0208988",117.039422052367,-0.997593701331723,"Maus et al. (2022);Tang & Werner 2023",828.685694879032,"Indonesia",110.120259668994,0,9023.85825022869,10244.9751806156,3963.31570538813,21185.7951031745,3.47599993811713,4.36846223417318,26.4166666666667,2.90824137001394,25.7019573639486,155741.951676601,158574.567363521,26.4444444444444,0,0,FALSE,FALSE,FALSE
"A0208989",117.290041220727,-0.336172603621139,"Maus et al. (2022);Tang & Werner 2023",293.52165196462,"Indonesia",17494.9189675753,0,578.167481085924,3244.68506678704,0,14659.3681244694,3.46824991703033,4.36261109511058,25.953125,3.05884988684403,31.0272967689916,104439.516452867,100755.285150446,54.3333333333333,3671.86071943245,44979.6625187161,TRUE,FALSE,FALSE
"A0208990",117.276893989263,-0.355689321647015,"Maus et al. (2022);Tang & Werner 2023",89.046990247064,"Indonesia",15736.4420010251,1078.20899497516,4211.36589783184,1576.25351942686,3052.49114910645,13150.7814530339,3.46099996566772,4.35824994246165,26,2.94274119897322,28.1272061087868,108013.749534252,104348.138921408,32,5059.73899829514,43222.3552013655,TRUE,FALSE,FALSE
"A0208991",117.282496439414,-0.407462645718846,"Maus et al. (2022);Tang & Werner 2023",1997.47945720513,"Indonesia",9403.54550103084,0,3442.6255417701,2073.639802764,2006.39001913535,6693.82052054171,3.46445001363754,4.35722135460895,25.903125,3.01647690272239,30.2299459008176,106967.796436953,103256.55319836,59.3181818181818,2093.8410669729,36086.0946912526,TRUE,FALSE,FALSE
"A0208995",114.726766434284,-0.296346986684811,"Maus et al. (2022);Tang & Werner 2023;OpenStreetMap",675.576857621785,"Indonesia",40966.7503259013,47306.2831231851,47916.3422655082,51682.2396727259,2291.52421549173,71667.7262158331,3.73785713740758,4.7056046585704,25.7142857142857,1.24321953545917,5.75447811321779,72745.2513224511,83067.7090005378,85.1666666666667,72430.3098547044,71236.9758894005,FALSE,FALSE,FALSE
"A0208996",114.728691544788,-0.242823574109664,"Maus et al. (2022);Tang & Werner 2023",512.702438224461,"Indonesia",46623.7258613627,52664.7513643945,53220.7625540197,56723.5981695594,5780.54603029367,77354.6472238802,3.72499997275216,4.68971211260015,25.5,1.33732863860344,5.8186079174725,70899.2622584127,81533.0615332562,122.571428571429,66784.1698097028,75033.2175038739,FALSE,FALSE,FALSE
"A0208997",117.142629491782,-0.187179703386598,"Maus et al. (2022);Tang & Werner 2023;OpenStreetMap",8314.08751720863,"Indonesia",921.558913547107,11484.4937165083,16868.2667542829,17924.1874261209,6032.1613607241,20080.626113895,3.51194565969965,4.42138046752575,25.8525815217391,2.92539894236434,29.4600776572819,87495.1055217037,84284.379314264,50.1910112359551,22444.1268386899,40970.9862728634,FALSE,FALSE,FALSE
"A0209002",117.273835765456,0.00333492068097423,"Maus et al. (2022);Tang & Werner 2023",684.861287212698,"Indonesia",30303.7319940972,8349.37980358429,22223.4884668719,19708.5204621025,12409.7344710686,20470.9709806149,3.51022222306993,4.41682958061045,25.8402777777778,2.88299714132797,25.8609101273293,67847.3633746825,64525.5738961545,64.5,15253.7847310101,21313.6386657655,FALSE,FALSE,FALSE
"A0209005",117.241238842086,0.110744098270887,"Maus et al. (2022);Tang & Werner 2023",2658.62062781319,"Indonesia",32741.6322139515,12223.4491710946,19171.100638238,23637.3062517914,2758.56341838369,20471.4595467057,3.53396666844686,4.44735380083497,25.8020833333333,2.86669458105682,26.282413432619,52937.2747923606,50195.6471068262,70.3571428571429,0,5465.11331122473,FALSE,FALSE,FALSE
"A0209008",117.310188844835,-0.0486285802753504,"Maus et al. (2022);Tang & Werner 2023",1349.25613636528,"Indonesia",28773.0937652976,4904.75962050525,24965.2312844187,12316.2436413564,13662.6210249972,21294.4754822805,3.5302500128746,4.43577272783626,25.7265625,3.08902112777624,31.8059383543198,72501.1546381808,69026.0139234436,80.7142857142857,19930.6887639806,25638.8571317204,FALSE,FALSE,FALSE
"A0209009",117.095678409925,-0.326357109835929,"Maus et al. (2022);Tang & Werner 2023",710.319848351805,"Indonesia",0,3990.88105003375,10082.8704170316,15311.8703623559,85.1580100271513,10636.1023068469,3.52199997220721,4.43897753083304,26,2.88196528874911,31.2364007928869,110860.749649873,107608.363388128,16.8571428571429,24178.6258050699,34997.9240876597,FALSE,FALSE,FALSE
"A0209010",117.123341521022,-0.312900554388572,"Maus et al. (2022);Tang & Werner 2023",414.69542759027,"Indonesia",446.696907632753,6392.34765908625,9716.34081196934,14208.827696832,1139.95095212614,10606.655570947,3.47699999809265,4.37894340731063,26,2.88225583596663,29.8366120078347,107645.248811843,104358.313978237,37,22127.0374899467,36431.9055716756,TRUE,FALSE,FALSE
"A0209011",117.327425194579,-0.318999065608217,"Maus et al. (2022);Tang & Werner 2023",218.167680414214,"Indonesia",22188.9363719839,3277.98037607981,3362.87709048311,8040.88644363986,3001.30512519654,19622.1452382109,3.49133332570394,4.38879309029415,25.9166666666667,3.09183721031461,30.81334904262,101912.036621229,98164.0226663081,78.3333333333333,1457.53958378431,49617.8059862907,TRUE,FALSE,FALSE
"A0209012",116.123073775277,0.538800892641029,"Maus et al. (2022);Tang & Werner 2023",2796.70731003134,"Indonesia",80885.5115290225,88996.5616713587,87809.3557317048,32587.8902578597,33.0679185123206,137383.78340201,3.84346877038479,4.83908587479525,25.5,1.97886281118867,13.4015444787168,101491.113157179,92750.4499386486,86.5806451612903,18068.355846349,54588.0746160265,FALSE,FALSE,FALSE
"A0209013",115.30735256279,0.524125515385963,"Maus et al. (2022)",1166.70063562673,"Indonesia",74340.0124596926,94574.5047677036,97200.9631233062,30817.9178866725,3679.68105196326,166499.013855958,3.77300002024724,4.7574509826361,25.5769230769231,1.42225986284925,5.94309541879111,58976.5097111508,61040.3132060195,84.1666666666667,5537.93349668111,25425.2901359612,FALSE,FALSE,FALSE
"A0209014",115.356965914148,0.540714117932772,"Maus et al. (2022)",1820.38412322158,"Indonesia",72014.2140881183,93543.6967548732,94346.747860842,23279.0160245931,3571.80990625228,169694.54440358,3.76923998832703,4.7508232634643,25.575,1.44396135198089,5.99659345986007,60455.8233421626,61029.640993498,84.7058823529412,3328.12016757761,27576.377317686,FALSE,FALSE,FALSE
"A0209015",117.477472181912,0.621702889766771,"Maus et al. (2022);Tang & Werner 2023;OpenStreetMap",25098.4043080595,"Indonesia",90353.7326985959,1337.00478427126,2596.41064103563,5601.13448499225,897.646555175463,0,3.62818055848281,4.56120899852489,25.537109375,2.77133817103809,26.4045877295373,0,0,84.2546816479401,0,0,FALSE,FALSE,FALSE
"A0209016",117.532339236152,0.81874632032312,"Maus et al. (2022);Tang & Werner 2023",2314.22958729809,"Indonesia",120462.862828014,6005.63215790688,26714.5347770317,28031.897408246,6850.89920309575,25029.5364796786,3.63544445567661,4.57163666566213,25.4351851851852,2.5736492729187,22.3378573385874,5838.2278079812,3773.99113456486,72.3333333333333,24878.9462685409,24563.2643622148,FALSE,FALSE,FALSE
"A0209017",117.681041745284,1.05332617031334,"Maus et al. (2022);Tang & Werner 2023",2537.6959141003,"Indonesia",151292.351947596,16563.4800753194,19428.1192094257,49484.9694043742,21005.8695546576,53817.37966088,3.62738711603226,4.5600787784114,25.2379032258065,2.53930325638559,23.9622310244204,19302.5100571716,21393.6742797157,110.869565217391,19832.4526783475,55102.5456099443,FALSE,FALSE,FALSE
"A0209018",117.373207547004,2.24959578288401,"Maus et al. (2022);Tang & Werner 2023",619.469428782064,"Indonesia",49973.9651538257,12945.7856720409,14193.4124535931,7944.69295725394,5755.8084509811,8189.68280369152,3.61775001883507,4.55750001731672,25.6171875,2.02215896248817,13.8179096698761,36172.4491768219,24188.2426600272,57.625,32004.924309865,47083.8488504299,FALSE,FALSE,FALSE
"A0209099",116.882156123706,-0.432617680532193,"Maus et al. (2022);Tang & Werner 2023",662.911622099769,"Indonesia",10561.4541156455,159.680863258964,9531.3659168406,35962.9375917327,230.75564338983,6989.15116851012,3.5081111325158,4.41669512376553,25.9444444444444,2.73327719183529,31.1701169182273,131643.47953056,128796.972966602,28,22836.5900210273,26013.9213015232,TRUE,FALSE,FALSE
"A0209100",114.843214820967,-0.41474588059171,"Maus et al. (2022);Tang & Werner 2023;OpenStreetMap",3783.48918947381,"Indonesia",31572.1961478329,33006.6895957148,36241.595301384,49010.1974094511,2835.51990190962,53922.8250800134,3.67995651908543,4.61595926459598,25.1494565217391,1.82440810512613,12.046938921689,66267.9261794562,75029.3454257948,144.75,87358.4055834843,54920.5842615203,FALSE,FALSE,FALSE
"A0209101",116.903496858418,-0.403484873825661,"Maus et al. (2022);Tang & Werner 2023",1049.8797359128,"Indonesia",7999.34639627149,2901.4633444888,8288.5457657965,35429.7715477629,0,4705.23243564206,3.51354549147866,4.42389552984665,25.9545454545455,2.69396707437334,28.57879744481,127858.19653645,124981.283959465,25.1818181818182,25221.0053053525,27081.3455184229,TRUE,FALSE,FALSE
"A0209408",115.215511162338,-3.8327525203603,"Maus et al. (2022);Tang & Werner 2023",529.705681771977,"Indonesia",40432.7380992143,2712.58393881176,32937.7508173197,62246.46795662,4833.36573857792,14194.8914824239,3.5945999622345,4.50510293595931,26.125,2.7707775612952,27.9973327744175,13898.3697099612,12719.1619718725,18.8,115307.286777939,15545.4550897608,FALSE,FALSE,FALSE
"A0209421",114.954628581076,-0.78207293596281,"Maus et al. (2022);OpenStreetMap",404.293021935701,"Indonesia",33930.0430447172,378.827413946225,12394.2743162416,17535.1748888709,26097.3609952701,16871.3669951915,3.6793999671936,4.62487037093551,25.8625,1.92932878778531,16.0542149727161,92785.3829502648,98169.7886796486,67.8,96047.4968871511,21098.4122141662,FALSE,FALSE,FALSE
"A0209422",115.955488779928,-2.60690113452172,"Maus et al. (2022);Tang & Werner 2023",1243.93934214509,"Indonesia",51930.0874235653,14589.277110445,60669.9217231662,43116.5013229457,23209.1159379555,59261.291507508,3.60161537390489,4.51598758282869,25.3076923076923,2.1456818024805,14.3477441986646,61092.3859918902,65291.7815903559,87.3125,48364.6081397738,25518.9113115426,FALSE,FALSE,FALSE
"A0209569",117.680221307137,2.04009457431148,"Maus et al. (2022);Tang & Werner 2023",74.5374295593952,"Indonesia",62189.5782106988,3780.84171085779,23565.443821123,7143.26943539625,4229.88144743961,21325.3192671841,3.65599989891052,4.60542849131993,26,2.25037262439728,19.4359324455261,36828.2707156401,32403.4557199129,22.5,11488.8786750365,8631.72700994572,FALSE,FALSE,FALSE
"A0209599",117.646495046609,0.582817159894757,"Maus et al. (2022);Tang & Werner 2023",79.741069028834,"Indonesia",107866.862826952,1359.69082104116,6984.57733819892,1184.62028001276,6268.15667658372,12289.0913660083,3.87633335590363,4.88227267698808,26.1979166666667,3.12816872596741,33.9288951873779,13590.9218382497,12713.0246214641,20,15083.4320727572,13955.162304938,TRUE,FALSE,FALSE
"A0209602",104.176673514598,-4.09136500619906,"Maus et al. (2022);Tang & Werner 2023",77.4771905550149,"Indonesia",61100.5179186657,1185.2057068754,1135.00315128829,40568.901780905,3179.43160762203,853.48517725286,3.85800004005432,4.84145454926924,26.0625,2.52349665164948,26.2256589889526,54683.1511396285,58827.3045007549,61,69868.4241350892,53986.5824340475,TRUE,FALSE,FALSE
"A0209605",114.899940681956,-1.06247464188274,"Maus et al. (2022);Tang & Werner 2023",27.2292928895142,"Indonesia",23331.2616502331,9552.7626001598,21587.5181391189,4659.27646593594,3001.38789088576,10292.8482532268,3.64399993419647,4.58150005340576,26,1.71034753322601,10.5813868840535,124948.562178146,129736.18869141,40,79918.0735214467,12512.3030639239,FALSE,FALSE,FALSE
"A0211004",116.374609473365,-3.46174645251539,"Tang & Werner 2023;OpenStreetMap",200.055569817153,"Indonesia",80590.9808781503,8811.42791410605,28170.3124489431,28354.0129029246,25729.5766193893,27530.4099147342,3.7616666952769,4.70985190073649,26.5416666666667,2.42345295906067,17.569241142273,121549.401604889,120848.425922626,0,155709.701831868,2072.6525970849,FALSE,FALSE,FALSE
"A0211005",116.389630886675,-3.47172704494317,"Tang & Werner 2023;OpenStreetMap",140.678874499176,"Indonesia",82411.4635463878,10445.9538449323,30313.1926140221,30445.9330140541,27897.5050166538,29798.2813919851,3.80550003051758,4.7483683636314,26.40625,2.4409056186676,17.0104591846466,122812.747283376,122089.041809642,0,157798.5165771,3740.0453547266,FALSE,FALSE,FALSE
"A0211647",116.375352572357,-3.49128373027859,"Tang & Werner 2023;OpenStreetMap",150.065562140752,"Indonesia",81712.8267560905,9626.35944789598,30654.0105085299,30729.0615198422,28272.1579363809,30335.9514406748,3.75950002670288,4.70226315448159,26.53125,2.36807160150437,17.015674273173,120684.181710585,119921.419741662,0,158692.140429208,3001.18177674412,FALSE,FALSE,FALSE
"A0211648",115.714254999564,-3.29820502497699,"Tang & Werner 2023;OpenStreetMap",48.2477448056293,"Indonesia",7176.83837440735,27297.8056632227,35974.4130489125,32522.5681944855,12939.4807779544,29897.4737323218,3.60700011253357,4.52966658274333,25.5625,2.17695073286692,16.5609138806661,63346.0351772579,64014.3805354042,55.7142857142857,120317.966499386,32329.2803751295,FALSE,FALSE,FALSE
"A0211649",115.706428656703,-3.31587390775646,"Tang & Werner 2023;OpenStreetMap",1.77856610290139,"Indonesia",9577.35360089764,27836.1048101197,35996.9485240327,32762.3819048429,12510.9666952459,30250.7800341378,3.60049998760223,4.51800012588501,25.5,2.22600634892782,17.4496103922526,62894.2730966187,63559.0333916962,55,123821.058348838,33642.5054760797,FALSE,FALSE,FALSE
"A0211650",115.704831490814,-3.31791422188081,"Tang & Werner 2023;OpenStreetMap",1.93510156788637,"Indonesia",9729.32487754194,27933.3188224627,36010.2874727098,32827.2795071413,12212.9737550677,30332.819421788,3.59899997711182,4.51750016212463,25.5,2.2189736366272,17.1977014541626,62585.6580521538,63249.3520781654,51,124048.929158692,33794.0366655543,FALSE,FALSE,FALSE
"A0211651",115.702656118719,-3.32033695183524,"Tang & Werner 2023;OpenStreetMap",1.16452060942518,"Indonesia",9948.39988311861,28168.1720276673,36101.6190868977,33012.541827551,11914.0274297542,30544.3865281592,3.59899997711182,4.51599995295207,25.5,2.25685858726501,17.8874416351318,62275.40686873,62938.0178016172,51,124365.684346435,34104.118030941,FALSE,FALSE,FALSE
"A0211652",115.16583729676,-2.96883867315166,"Tang & Werner 2023;OpenStreetMap",15.0352288155091,"Indonesia",22794.6171697985,1025.35192694919,7598.69445945916,67432.3299180615,4871.1276300022,20935.6688607888,3.68499994277954,4.62400007247925,25.8541666666667,3.08980202674866,41.5480461120605,83548.2436501235,85892.0691646309,25,93871.0395822088,33277.4715256065,FALSE,FALSE,FALSE
"A0211653",115.167079149045,-2.96056486282039,"Tang & Werner 2023;OpenStreetMap",8.35219047623359,"Indonesia",21955.7554623937,792.837924182784,8456.9794619429,68237.6920933269,5771.54210219326,20096.4188569689,3.68049991130829,4.61600017547607,25.84375,2.98038125038147,37.6964530944824,84543.2475098316,86886.1913350644,25.5,94180.1576297847,32658.5149195815,FALSE,FALSE,FALSE
"A0211654",115.238836820958,-2.97456546189845,"Tang & Werner 2023;OpenStreetMap",32.9228318392553,"Indonesia",20343.6820577109,7489.48548742482,13238.8682803378,72003.7779942311,4283.25143962711,18621.6118208963,3.6470000743866,4.57428571156093,25.6875,2.91439135869344,38.8500417073568,81553.3982850123,83812.8541751958,60.75,99476.0840217503,26710.3826843419,FALSE,FALSE,FALSE
"A0211655",115.269511562168,-2.97717742039662,"Tang & Werner 2023;OpenStreetMap",47.8273320551651,"Indonesia",20304.0039490361,10184.2541939808,15336.790958666,73246.9010008299,3634.60664643255,18677.6451016347,3.62900002797445,4.54766662915548,25.6458333333333,2.99562495095389,45.518314906529,80600.9533966226,82828.8918587389,80.1666666666667,98015.13898671,24081.2314184833,FALSE,FALSE,FALSE
"A0211767",116.669289043068,-0.423705641994496,"Tang & Werner 2023;OpenStreetMap",306.083681670994,"Indonesia",29836.0623528361,8327.18419706212,17498.7449560412,19152.0160428966,3510.59903794193,30792.087195351,3.48659996986389,4.38382057043222,25.775,2.95503623311113,36.9320826181551,146144.650759397,142236.286762165,80.25,21389.3160109122,29193.4935661418,FALSE,FALSE,FALSE
"A0211768",116.652935480505,-0.377295093147734,"Tang & Werner 2023;OpenStreetMap",177.586251210833,"Indonesia",25571.2862358805,6511.95352512487,12608.0105444937,14226.6726729906,0,33613.9146352794,3.52900004386902,4.4476521740789,26.1875,2.60379661213268,27.3642556450584,143694.178221981,139211.451019407,14,24923.8631567408,24860.4031727333,FALSE,FALSE,FALSE
"A0213296",106.758935561335,-6.6219280019605,"OpenStreetMap",4.08790382108671,"Indonesia",3121.15457796029,5027.05747503923,5006.78782277953,7868.53286086142,2309.24665491128,0,3.64399993419647,4.49900007247925,24.71875,1.36727321147919,14.0631272792816,455845.450429041,460220.128754158,334,10961.0433249183,4066.42166046342,FALSE,FALSE,FALSE
"A0013602",98.3156954914495,17.9001000019813,"Maus et al. (2022)",21.84998308111,"Thailand",25966.5324116724,71084.8842371392,46915.085194572,50971.8798387092,7336.52353254118,101409.34988419,4.01074999570847,4.73950004577637,21.25,3.79179668426514,69.0496864318848,121710.617184631,118536.921382489,1086,16685.952763801,16390.5904176175,FALSE,FALSE,FALSE
"A0013603",98.3090103468972,17.907016416565,"Maus et al. (2022)",3.1192437947208,"Thailand",25633.2096438198,71384.3387275448,47367.0875535093,49937.7638079824,8444.80871906016,101900.650264914,4.00533326466878,4.73999993006388,20.9375,4.46831687291463,102.310966491699,122666.940613243,119490.579832531,1130,17687.0300961804,17392.1582247281,FALSE,FALSE,FALSE
"A0013604",98.3047837501557,17.9071185386612,"Maus et al. (2022)",4.8975269347966,"Thailand",25623.1311296623,71546.0175809795,47576.8856277133,49584.2014717652,8735.52130871775,102128.020113803,4.0074999332428,4.73750003178914,20.8125,5.28950929641724,173.026229858398,123162.816808632,119984.377391906,1118,18141.086466897,17854.4150457125,FALSE,FALSE,FALSE
"A0044015",99.0394330038083,17.7636953562971,"Tang & Werner 2023",43.1673677648059,"Thailand",2117.4274286913,20218.185062049,13465.152432606,58286.1386752343,4969.79642520323,60055.392440626,4.05633322397868,4.89650003115336,24.3125,2.73673043932234,34.8460758754185,49966.1924534874,47526.8203409418,550,19079.1681474684,828.719134818094,FALSE,FALSE,FALSE
"A0044016",99.0461720303132,17.7494911723589,"Tang & Werner 2023",16.8633869997934,"Thailand",1375.34119813205,19382.0172261701,15317.5765766829,56933.1990671295,6256.97733737877,60868.1255450394,4.06099987030029,4.91449999809265,24.34375,3.50189793109894,66.9686889648438,50097.5548030953,47721.0807369522,538,18740.721389325,744.967470224746,FALSE,FALSE,FALSE
"A0044017",99.0535400647959,17.741109037175,"Tang & Werner 2023",260.815218940711,"Thailand",692.047458346865,17428.4350186839,15676.2315524215,55423.2173300813,6443.59291425071,60512.7787879442,4.06674993038177,4.92166667514377,24.484375,2.94625825495333,40.5591440974055,49095.9776723422,46825.372830854,536,18120.5821195837,447.901955860892,FALSE,FALSE,FALSE
"A0076329",99.6568802816124,13.192392730093,"OpenStreetMap",0.229196710917409,"Thailand",38223.2861670211,1892.10065468029,17616.1123240663,53766.0476296015,145.340482319682,18822.4037224497,3.98799991607666,4.95350003242493,26.4375,3.17085146903992,58.7477607727051,139147.987431455,148533.859402429,116,7495.01469281101,2287.06419263885,FALSE,FALSE,FALSE
"A0191429",99.0262864833327,17.7903882231267,"Maus et al. (2022);Tang & Werner 2023",89.6868133856945,"Thailand",3355.96872301371,22085.3924940784,10814.2628538748,61113.6799897824,4079.27002508765,58335.7207211842,4.0479998588562,4.90176923458393,24.625,2.88007287545638,37.0973708412864,49768.5788386044,47158.7724343743,521,19588.1402193075,2576.63572491514,FALSE,FALSE,FALSE
"A0191430",99.0115695714826,17.8047950030747,"Maus et al. (2022);Tang & Werner 2023;OpenStreetMap",201.724117346204,"Thailand",4058.95317695822,23584.3216760237,8389.28914993461,62638.5121619027,3627.66711619511,58023.2281207556,4.0715000629425,4.92476668357849,24.78125,2.83404105443221,34.1223042561458,50393.8178159652,47713.1497728873,495,18786.5402799043,4415.39859672024,FALSE,FALSE,FALSE
"A0191431",99.0003678565224,17.7863687197866,"Maus et al. (2022);Tang & Werner 2023",120.169352855788,"Thailand",1902.88343372172,24192.3992650738,8606.97173352289,60936.0987596892,1430.35599829396,60212.3147673418,4.09299993515015,4.94025000929832,24.75,2.73062704738818,36.592772132472,52151.7264727744,49516.2875610223,485,16620.5773914334,4475.75807831933,FALSE,FALSE,FALSE
"A0191437",99.4075367814884,17.9464999398296,"Maus et al. (2022);Tang & Werner 2023",158.830354888011,"Thailand",34171.5159197353,5261.84861875152,5658.59125782753,34840.0381888562,10998.2354538413,25960.7708762065,4.07133324940999,4.9267727244984,25.5208333333333,2.97454241343907,47.3735495067778,6006.32001428477,3052.12939800158,273,62130.2056835997,3818.31092678076,TRUE,FALSE,FALSE
"A0191438",99.4361086458193,17.9564388881283,"Maus et al. (2022);Tang & Werner 2023",850.554816200848,"Thailand",33026.9744930795,6999.76425308906,7013.84996042654,31827.7527748167,8521.10430619048,24145.6276349596,4.01036364381964,4.87348275760124,25.3238636363636,3.41876519464813,69.0078368060357,1245.67144187738,0,320.666666666667,63296.7043021838,1893.54175880882,TRUE,FALSE,TRUE
"A0191459",99.723076133195,18.3403740374609,"Maus et al. (2022);Tang & Werner 2023;OpenStreetMap",10383.4886938599,"Thailand",15735.1774139671,0,0,17939.9173209794,0,0,4.08630399894714,4.94020452890848,25.7275,2.94872374297366,41.9125163745274,0,0,348.398305084746,41455.821191108,12445.5398103912,TRUE,FALSE,TRUE
"A0191514",100.234073323942,18.9399623110545,"Maus et al. (2022);Tang & Werner 2023",181.299566766639,"Thailand",35173.7037125026,29198.9096186824,43906.0438461472,58619.2539922336,130.752975874277,38869.678837777,4.07799990971883,4.92173912214196,25.9791666666667,3.11728699684143,43.2467431640625,86037.4722128347,83981.304956979,281.5,0,0,FALSE,FALSE,FALSE
